duration_s,cpu_avg,cpu_max,cpu_total_core_s,mem_avg_mb,mem_peak_mb,rx_avg_bps,tx_avg_bps,rx_peak_bps,tx_peak_bps,rx_total_bytes,tx_total_bytes,matcher_name,mode,dataset_id,experiment_id,vehicle_id,adapter,batch_size,gps_accuracy
15.0,1.643417962580687,2.476855875679327,24.90064862843635,1433.74951171875,1492.90234375,1225.3551532773704,1726.4829621643241,2708.7999999999997,4123.35,19605.682452437926,27623.727394629186,graphium,online,ohare_filtered_vid_1139_sr_1.0,16523baf49f64af2920f43fbc652ea15,1139,native,5.0,
14.0,1.745557240990909,2.9354437441643326,24.904508870532425,1439.7828125,1491.48046875,709.4917107181085,657.340018827254,1297.4779426377597,1389.5,10642.375660771628,9860.10028240881,graphium,online,ohare_filtered_vid_1139_sr_1.0,324ea397c7a54ad18e1339fa50aed98c,1139,native,10.0,
14.0,1.653614896286314,2.7728602504110276,23.48044812253988,1446.5838541666667,1493.328125,563.9373479312738,452.4488195557698,1118.05,1002.2249999999998,8459.060218969107,6786.732293336547,graphium,online,ohare_filtered_vid_1139_sr_1.0,565006ebd2e74bf4945c81eb16ab6a1b,1139,native,30.0,
7.0,0.3789167622997243,0.4268250684003422,2.6650770739655316,195.83984375,221.234375,16946.145207425034,152380.02037790918,19332.196680923866,209615.79880239518,135569.16165940027,1219040.1630232735,barefoot,online,ohare_filtered_vid_1139_sr_1.0,44a75e620a77492daa67aaf769ae6d9c,1139,native,,
12.0,0.3858149712044411,0.7263214388439305,4.518584978721318,295.95677083333334,349.31640625,1805.7163142276063,987.9397430740798,3221.1749999999997,1865.6000000000004,23474.31208495888,12843.216659963038,graphhopper,offline,ohare_filtered_vid_1139_sr_1.0,a06171e307184813a754e7f5924c407e,1139,batches,5.0,50.0
12.0,0.35985726036666554,0.6290207397881997,4.049123644978451,296.2640625,350.59375,1371.8820578712164,504.90556881761574,2453.1749999999997,966.2249999999999,17834.466752325814,6563.772394629004,graphhopper,offline,ohare_filtered_vid_1139_sr_1.0,608460fff66a4536b938f45f7ed02113,1139,batches,10.0,50.0
12.0,0.3423501377996035,0.6326177452554744,4.023580031540831,290.63046875,347.26953125,700.9093410209479,101.22696916993169,1268.6,216.0,9111.821433272322,1315.950599209112,graphhopper,offline,ohare_filtered_vid_1139_sr_1.0,e9ced9bb20504ff5826d53810bc7aa17,1139,batches,30.0,50.0
6.0,0.002679316273452785,0.0028753830311576693,0.016391648569701853,8.85720486111111,11.7265625,1545.8276684283117,3074.819951953098,1750.4476228847707,3535.7545259199574,10820.793678998181,21523.739663671688,osrm,offline,ohare_filtered_vid_1139_sr_1.0,306c9cb5d1f343deb935930fdf243682,1139,batches,10.0,
7.0,0.001811858733928609,0.002125485178777394,0.013013226035812436,5.499609375,7.34765625,880.5585837114813,1978.9897586254772,1167.9696566409368,2728.4161298908703,7044.468669691851,15831.918069003817,osrm,offline,ohare_filtered_vid_1139_sr_1.0,fa32725d10994fbe82fda08afc9f2eca,1139,batches,30.0,
14.0,1.7355691555437702,2.9064160985841636,24.735297080492927,1443.3330729166667,1495.43359375,126.86242186338285,4.176058015250744,311.8010654490106,11.538812785388128,1902.9363279507427,62.64087022876116,graphium,online,ohare_filtered_vid_1139_sr_5.0,3c73fdda78914bddbdb104ed909cd762,1139,native,5.0,
14.0,1.6244542310962875,2.4780352140856343,23.18547488581835,1433.6979166666667,1477.80859375,129.40496075378067,4.120931443215626,303.76499586435074,10.907667493796525,1941.07441130671,61.81397164823438,graphium,online,ohare_filtered_vid_1139_sr_5.0,e6dfe23bf69e499c922fb7106a8fc9e5,1139,native,10.0,
13.0,1.6921148982471075,2.624520352781547,22.383740723324674,1445.7176339285713,1482.69921875,141.82170390354278,3.9581538591038834,305.9988805970149,11.19402985074627,1985.503854649599,55.414154027454366,graphium,online,ohare_filtered_vid_1139_sr_5.0,b47def90b2184d148b806ae1b7d8095d,1139,native,30.0,
7.0,0.24874443332357715,0.2841975768888889,1.7494288534885358,154.678125,206.67578125,12382.269656412096,13151.329992563475,16028.137347436943,16875.278060440498,99058.15725129677,105210.6399405078,barefoot,online,ohare_filtered_vid_1139_sr_5.0,8582086d10da45ba95bd6f5b19044a75,1139,native,,
13.0,0.3794125337372993,0.590940226956041,4.814002618339889,340.3872395833333,381.3671875,678.9285273304664,304.19685782041876,1269.425,648.35,9504.999382626529,4258.756009485863,graphhopper,offline,ohare_filtered_vid_1139_sr_5.0,c4e24b8806ae4c998b159619b9f185bc,1139,batches,5.0,50.0
13.0,0.36981357488647426,0.5639785181616834,4.627272740856343,335.75026041666666,375.453125,387.16846337029864,98.60731675561148,702.4563754747694,230.1,5420.358487184181,1380.5024345785607,graphhopper,offline,ohare_filtered_vid_1139_sr_5.0,ba9505be1dd84fd2bae54247941d850e,1139,batches,10.0,50.0
12.0,0.3718303850705396,0.6615040521023766,4.172290953814637,333.44168526785717,366.86328125,186.69015265298597,7.299389447177062,298.7873080859775,12.758477621692258,2426.9719844888177,94.8920628133018,graphhopper,offline,ohare_filtered_vid_1139_sr_5.0,5ca4a2fe5dbf44f5bf1be0fc6cef78cd,1139,batches,30.0,50.0
7.0,0.0011425065085726412,0.0012968597470238096,0.007843192321557321,3.492578125,4.0703125,467.5121167645141,596.5997373235637,583.4253424657534,732.37505407354,3740.0969341161126,4772.797898588509,osrm,offline,ohare_filtered_vid_1139_sr_5.0,55881f22862a47bdbfa800929d4d8be0,1139,batches,5.0,
8.0,0.0011080803333455927,0.0012890689517819705,0.009005032473794547,3.134765625,3.453125,288.797768243379,437.4392848069213,368.7580293501048,574.0307337526206,2599.1799141904107,3936.953563262292,osrm,offline,ohare_filtered_vid_1139_sr_5.0,84cf1e82824f4828bc8d5d0e4403f2ce,1139,batches,10.0,
7.0,0.0009911242933526914,0.0011972072992700734,0.006731787047551457,2.134548611111111,2.2265625,223.05145172716578,12.060341949304005,272.6362668559262,13.823633782824698,1784.4116138173263,96.48273559443204,osrm,offline,ohare_filtered_vid_1139_sr_5.0,93f77c36abc549648d09c9715cad3e8c,1139,batches,30.0,
14.0,1.656127321577435,2.476096498054475,23.569661713672648,1438.3377604166667,1478.7734375,138.54902333795016,3.770406196572319,301.9434343434344,11.252013348164628,2078.2353500692525,56.556092948584784,graphium,online,ohare_filtered_vid_1139_sr_10.0,dff30ba70d4a435ea4b9e239072def1c,1139,native,5.0,
14.0,1.6667154599515543,2.774552155275065,23.80422187769415,1440.2848958333334,1482.02734375,144.50313217336844,4.073015004063834,275.56858638743455,11.921703183133527,2167.5469826005265,61.09522506095752,graphium,online,ohare_filtered_vid_1139_sr_10.0,48a45425de8048ffac7321e958e17075,1139,native,10.0,
13.0,1.6958144924829595,2.8841034404963337,22.37889681698365,1440.8621651785713,1488.09375,143.24101033874487,3.922780497801397,302.94525547445255,10.668988529718455,2005.3741447424281,54.918926969219555,graphium,online,ohare_filtered_vid_1139_sr_10.0,2d1adfd4f5684f95957aee154657f78f,1139,native,30.0,
7.0,0.1930033293926085,0.22280940988086895,1.3393352686447042,121.31875,166.4765625,12254.283436840178,4990.19524477957,16646.22284739983,6464.978775890157,98034.26749472143,39921.56195823656,barefoot,online,ohare_filtered_vid_1139_sr_10.0,5c40fa895cbf4d15acfd4a577a3c62bf,1139,native,,
12.0,0.35259819857778396,0.6133200340979541,3.9704565474132374,311.0494791666667,369.77734375,437.4199833603923,158.29507963495763,719.4199999999998,316.8666666666667,5686.4597836851,2057.836035254449,graphhopper,offline,ohare_filtered_vid_1139_sr_10.0,b97862be054249368a0015325613915e,1139,batches,5.0,50.0
13.0,0.35646410411584845,0.7002537526381128,4.545466547938452,341.0807291666667,377.25,345.11936643034215,18.086096863447118,598.3025229624461,30.926636437623525,4831.67113002479,253.20535608825966,graphhopper,offline,ohare_filtered_vid_1139_sr_10.0,75227ce4e79c4ba3bb36c623c33bbb9d,1139,batches,10.0,50.0
12.0,0.34289238504757,0.6915735737265416,3.7660274318918683,299.85379464285717,322.9921875,199.6227452696948,7.583243420882988,306.9115732060679,13.44314928425358,2595.0956885060323,98.58216447147885,graphhopper,offline,ohare_filtered_vid_1139_sr_10.0,f03e8a28fd2a4ac1a5520524b945c4e9,1139,batches,30.0,50.0
7.0,0.001021712422334648,0.0011066101342710993,0.007168352461636827,2.660546875,3.13671875,352.2284251065166,294.1008537454268,410.47289002557545,366.97308184143225,2817.827400852133,2352.806829963414,osrm,offline,ohare_filtered_vid_1139_sr_10.0,c50f957187ab4adb96dd435f7fb43a23,1139,batches,5.0,
7.0,0.0008591142871018323,0.001091734113229347,0.005781180183585312,2.06484375,2.234375,234.68488808763584,12.277581966752885,259.3609071274298,14.651619870410364,1877.4791047010867,98.22065573402308,osrm,offline,ohare_filtered_vid_1139_sr_10.0,fe4cd719aaf541c7a4d787af0411fc9c,1139,batches,10.0,
7.0,0.0007931272240845886,0.0010566967426710093,0.005555096294305373,2.05078125,2.19140625,228.683707929308,11.584847590075936,287.0483077813133,14.34645646514319,1829.469663434464,92.67878072060749,osrm,offline,ohare_filtered_vid_1139_sr_10.0,cd7e62f9d0294c0282564b5e5de68df1,1139,batches,30.0,
14.0,1.6091183436863428,2.6034191009896266,22.869044010882302,1451.0015625,1517.64453125,120.56222031269206,4.075604299225709,303.8376339596381,11.691022964509395,1808.433304690381,61.13406448838564,graphium,online,ohare_filtered_vid_1139_sr_20.0,cca48131970e4897886cb193e8e87654,1139,native,5.0,
13.0,1.836105135507818,2.911548275862069,24.358650837769744,1444.779296875,1503.19140625,152.5945899108426,4.2100757358372025,307.151080977357,11.496785403996524,2136.324258751796,58.94106030172084,graphium,online,ohare_filtered_vid_1139_sr_20.0,cdcf044ff20e4bd88910efe57b5af999,1139,native,10.0,
13.0,1.7570295206428421,2.843353658536585,23.230310241345634,1436.19140625,1479.25,142.75871554075215,4.1634071489589415,288.463510762071,11.967560321715817,1998.6220175705303,58.28770008542518,graphium,online,ohare_filtered_vid_1139_sr_20.0,ce5e2ebc61ea4e9c98c0206de7bba1d2,1139,native,30.0,
7.0,0.17908562731306102,0.21748374607679466,1.2873345204631388,91.6765625,123.484375,11914.694168242837,2828.877852681406,16342.769858541893,3686.2487479131887,95317.5533459427,22631.022821451246,barefoot,online,ohare_filtered_vid_1139_sr_20.0,aa3d52cd19f2453bb34d5625e33848ab,1139,native,,
12.0,0.3486887207809851,0.680699395193978,4.0855032511603335,295.751953125,322.75,193.55599067409815,7.45738199668108,326.6711810012837,11.70905006418485,2516.227878763276,96.94596595685404,graphhopper,offline,ohare_filtered_vid_1139_sr_20.0,e99b274104dc4de3b3935a1429450a2e,1139,batches,5.0,50.0
11.0,0.36675245435435677,0.810284070401811,3.820701861759922,302.23325892857144,353.46875,209.57488991486562,7.831062665779011,303.27711256626134,12.60349030470914,2514.8986789783876,93.97275198934813,graphhopper,offline,ohare_filtered_vid_1139_sr_20.0,e9e79b833c7d4e50a104edf22accd133,1139,batches,10.0,50.0
12.0,0.3190690555811193,0.5597770078673602,3.621166054680443,304.82135416666665,354.23046875,195.07246850312993,7.351158363736677,300.5144368489583,13.37009102730819,2535.942090540689,95.5650587285768,graphhopper,offline,ohare_filtered_vid_1139_sr_20.0,36837e3a0e3c4a67b6252b150c8bb673,1139,batches,30.0,50.0
6.0,0.0009432108006109127,0.0011769897358282887,0.005425485868448101,2.0321180555555554,2.203125,271.55475586935796,12.254672921777367,279.765775950668,14.174820143884894,1900.8832910855058,85.78271045244156,osrm,offline,ohare_filtered_vid_1139_sr_20.0,0237c55350bf43b2a1e8e24b69adb434,1139,batches,5.0,
7.0,0.00100010389818419,0.0014266624999999995,0.007026503022822918,2.15234375,2.21484375,204.1203419781424,11.886719904870372,286.2544512787309,14.606183230819036,1632.9627358251391,95.09375923896297,osrm,offline,ohare_filtered_vid_1139_sr_20.0,f5439115682b49cc9f0cd5eec6279eea,1139,batches,10.0,
7.0,0.0009017632864426085,0.0009868061954331766,0.006229929600402955,2.12734375,2.2265625,240.9534001991708,11.904400140446125,279.13284083277364,13.980725319006044,1927.6272015933664,95.235201123569,osrm,offline,ohare_filtered_vid_1139_sr_20.0,c041946c679f4b75b2f73e72c1d909ec,1139,batches,30.0,
12.0,1.9295491772022497,2.631341838478187,23.716335006269844,1448.0477764423076,1499.33984375,535.4153014218854,544.0910673902501,1033.4146489104114,1266.35,6960.3989184845095,7073.183876073252,graphium,online,ohare_filtered_vid_1552_sr_1.0,c93478fa74fe4bf5a1e954c2255982ee,1552,native,5.0,
12.0,1.8737872258360966,2.804845269779821,22.98399582673844,1437.6875,1486.4765625,574.2668392266822,568.6327784496988,1012.1175030599754,1291.8500000000001,7465.46890994687,7392.226119846084,graphium,online,ohare_filtered_vid_1552_sr_1.0,a502eb9cb57f4fa693ff85b78fc5b5c4,1552,native,10.0,
13.0,1.7970618581931241,2.686610345558618,23.99224214803707,1438.739955357143,1482.05078125,540.4453398714955,430.16799016261473,1012.5,992.7249999999999,7566.234758200938,6022.351862276606,graphium,online,ohare_filtered_vid_1552_sr_1.0,c3148a8a30c74705940d0ca9ac4be726,1552,native,30.0,
7.0,0.35529620021502994,0.4383967673499268,2.6231127436174733,189.87456597222223,228.83984375,16169.502426951412,87330.29765002393,20488.573122529644,132444.14942228037,129356.0194156113,698642.3812001914,barefoot,online,ohare_filtered_vid_1552_sr_1.0,a3de41fb66eb4ea6b3d536ff618d95ef,1552,native,,
11.0,0.4372876189249524,0.7871313527331188,4.681288670293426,321.1640625,388.11328125,867.2181929584426,398.75131475317613,1257.9750000000001,638.475,10406.618315501311,4785.015777038114,graphhopper,offline,ohare_filtered_vid_1552_sr_1.0,f8d9553c6f4c4c338ade1a1275a8d4ca,1552,batches,5.0,50.0
11.0,0.4327347527251857,0.6478162041379312,4.545000828564297,319.67728365384613,356.42578125,1124.0601134178935,396.07072435585286,2090.8500000000004,804.975,13488.721361014721,4752.848692270234,graphhopper,offline,ohare_filtered_vid_1552_sr_1.0,fa51daf5529542da8fcbd725d1549b7d,1552,batches,10.0,50.0
11.0,0.3684996217873062,0.6997314204508858,3.7222640409967886,285.18722098214283,340.0,1044.6795739229012,176.18521994429125,1830.0114587259707,333.20000000000005,12536.154887074814,2114.222639331495,graphhopper,offline,ohare_filtered_vid_1552_sr_1.0,100fbae6a65f4541987693ef4fd075a8,1552,batches,30.0,50.0
6.0,0.0028345043501048213,0.003241591247379454,0.017319174004192868,6.206163194444445,7.57421875,1314.585324947589,2527.003713686732,1596.641928721174,3077.507756813417,9202.097274633123,17689.025995807126,osrm,offline,ohare_filtered_vid_1552_sr_1.0,1010999fe6d9454ab7fc2278f6391b23,1552,batches,5.0,
6.0,0.0019268127926705123,0.0022392271971496437,0.011817227197149643,4.635416666666667,5.546875,720.1062097047844,1345.3862911435358,870.7357482185273,1634.7724465558194,5040.743467933491,9417.704038004751,osrm,offline,ohare_filtered_vid_1552_sr_1.0,dc67d3b5205549f185f017ce49886817,1552,batches,10.0,
6.0,0.0013432484386216804,0.0014816672738693472,0.00835266727386935,3.572265625,3.8828125,379.6275305096913,977.5637832017227,429.1448492462311,1112.3363065326632,2657.392713567839,6842.946482412059,osrm,offline,ohare_filtered_vid_1552_sr_1.0,ee2d333cc4fd433a9ed20cac3e0d3f95,1552,batches,30.0,
13.0,1.7837877362105938,2.7429108923714542,23.760122043800482,1433.8897879464287,1489.9296875,152.4446882327698,4.47298493789288,310.5484520123839,11.448142414860682,2134.2256352587774,62.62178913050032,graphium,online,ohare_filtered_vid_1552_sr_5.0,3633b159235d4d7c992235d011afef44,1552,native,5.0,
13.0,1.6767746123104426,2.49956368689208,22.30486390733242,1429.908203125,1478.6953125,135.4841746451003,4.5157066863585635,300.1902959481773,12.297393515575333,1896.7784450314043,63.21989360901989,graphium,online,ohare_filtered_vid_1552_sr_5.0,d843ebd2ca9647349ab2fb4e6a87e91b,1552,native,10.0,
13.0,1.7598771410415448,2.7318974217296774,23.441065141248295,1433.097935267857,1484.35546875,138.8394434270524,4.046518529029768,282.70325065475276,11.2,1943.7522079787336,56.651259406416756,graphium,online,ohare_filtered_vid_1552_sr_5.0,0e243e2431fa4640b412289f1f774e8a,1552,native,30.0,
7.0,0.225001967986668,0.27416262876198416,1.6388716434528154,140.46310763888889,176.00390625,11699.40359238024,13063.227719413357,14331.449687369737,17538.747673602993,93595.22873904192,104505.82175530685,barefoot,online,ohare_filtered_vid_1552_sr_5.0,b99d53ee630f491bbb84e21ff3028073,1552,native,,
11.0,0.3966816512857498,0.6778296303710094,4.0823501850579875,310.8076923076923,347.36328125,336.293868210275,87.73883629491537,521.9299771819738,179.225,4035.5264185233,1052.8660355389845,graphhopper,offline,ohare_filtered_vid_1552_sr_5.0,13269fc68ea74056abf66fba327859f5,1552,batches,5.0,50.0
11.0,0.4028028641790453,0.8255893460047006,4.251843320266053,292.06026785714283,348.0234375,423.5216796217849,104.67686602962267,639.258702836684,178.73333333333332,5082.260155461419,1256.1223923554721,graphhopper,offline,ohare_filtered_vid_1552_sr_5.0,8c550cf5a2f34f8e86a109644ec043e9,1552,batches,10.0,50.0
11.0,0.4016711664132618,0.7634106733939001,4.324288813506838,337.08052884615387,375.34375,210.3956116729097,7.981301095170124,305.8563482466747,11.995678823168863,2524.7473400749163,95.7756131420415,graphhopper,offline,ohare_filtered_vid_1552_sr_5.0,41546043310f4388b54be454727af063,1552,batches,30.0,50.0
6.0,0.0013527296928327651,0.0016037549488054613,0.00830759044368601,2.8424479166666665,3.23046875,229.42111165285223,374.57308629936614,275.96109215017066,457.6753128555176,1605.9477815699656,2622.011604095563,osrm,offline,ohare_filtered_vid_1552_sr_5.0,c455d6f013be406da0dc2df5e0457156,1552,batches,5.0,
6.0,0.0011352514285714284,0.0011835599999999997,0.0067632,2.14208984375,2.2109375,106.19428571428571,8.459999999999999,110.96,8.82,743.36,59.21999999999999,osrm,offline,ohare_filtered_vid_1552_sr_5.0,ef6aac2db17c4a419e83316eedc7f18c,1552,batches,10.0,
7.0,0.0009684432231087084,0.0011728711067580803,0.006574674678111587,2.1080729166666665,2.1953125,225.00727751026722,11.99611637374786,287.28755364806864,14.357510729613734,1800.0582200821377,95.96893098998288,osrm,offline,ohare_filtered_vid_1552_sr_5.0,e08c8faa11114c2bb6898b88942ac16d,1552,batches,30.0,
12.0,1.8802556582721337,2.7169536675097725,23.105990924163763,1446.5225360576924,1487.7109375,145.85672802966786,4.158327190520851,298.41969543147206,10.510659898477158,1896.137464385682,54.05825347677107,graphium,online,ohare_filtered_vid_1552_sr_10.0,0020fcef10544182a0e5f7c4cb43c341,1552,native,5.0,
13.0,1.7377693159954275,2.512574530318371,23.000597016929618,1445.8490513392858,1483.70703125,214.78924035170988,14.349869782388634,320.8430872986137,25.94620148013895,3007.0493649239384,200.89817695344087,graphium,online,ohare_filtered_vid_1552_sr_10.0,f952ab810ad645fc8c5d38aeb07ba750,1552,native,10.0,
13.0,1.9036735448084756,2.8365854479855686,25.315904668887942,1440.181361607143,1482.32421875,144.89053429695878,4.459691298893712,309.7311740890688,11.116396761133602,2028.4674801574229,62.43567818451197,graphium,online,ohare_filtered_vid_1552_sr_10.0,3d31a4e5f2bc4545bf3c300b24819322,1552,native,30.0,
7.0,0.17274170620444362,0.21956745234690708,1.2559896313187173,105.17317708333333,127.59375,11582.963849212736,4344.158050643791,15299.720297029704,6110.147155735158,92663.71079370189,34753.26440515033,barefoot,online,ohare_filtered_vid_1552_sr_10.0,b9466075a17744609df4c045fff2bbf6,1552,native,,
11.0,0.37999138538450644,0.6811432945720252,4.104783288288398,293.62527901785717,349.3515625,328.59446100699694,90.70736706361039,535.1662569543279,177.08052788200285,3943.1335320839635,1088.4884047633248,graphhopper,offline,ohare_filtered_vid_1552_sr_10.0,e3d95981558749c78ac20408695ea5bb,1552,batches,5.0,50.0
11.0,0.3714021346238716,0.6478829022774327,3.808942713209026,311.05775669642856,374.1875,208.79163821316465,8.14823540566181,294.58253664754625,12.665448249326664,2505.4996585579756,97.77882486794172,graphhopper,offline,ohare_filtered_vid_1552_sr_10.0,26ef0e9777f5414bb9addb4091baff30,1552,batches,10.0,50.0
12.0,0.3640922596706882,0.6216093611181703,4.2600558236894255,343.9375,378.34765625,197.54467603222992,7.775974907312928,287.0389807948279,14.730241423125793,2568.080788418989,101.08767379506806,graphhopper,offline,ohare_filtered_vid_1552_sr_10.0,c34690a1b9f044e290d8b2f68b87fe9b,1552,batches,30.0,50.0
5.0,0.001459198751173709,0.0014971925070422537,0.0072580000000000006,2.01171875,2.2109375,35.38426291079812,8.443971830985914,36.30557746478873,8.663830985915492,212.3055774647887,50.66383098591549,osrm,offline,ohare_filtered_vid_1552_sr_10.0,110753470e9b47ee8e53dd01814b9534,1552,batches,5.0,
6.0,0.0,0.0,0.0,2.3671875,2.88671875,220.20827285787846,11.970741107438483,268.3705481673694,13.48345767109958,1541.4579100051492,83.79518775206938,osrm,offline,ohare_filtered_vid_1552_sr_10.0,dea8664284204662afe9b1f60c78ef34,1552,batches,10.0,
7.0,0.0008209735502785857,0.001037254182156134,0.005530534220072552,2.1128472222222223,2.203125,155.87002172364993,12.036421028440685,192.55989520354697,14.21076178960097,1246.9601737891994,96.29136822752548,osrm,offline,ohare_filtered_vid_1552_sr_10.0,2f0a0846a38d4fac95452d5219a9beec,1552,batches,30.0,
12.0,1.8802187730358426,2.5946459975114062,23.062967836218245,1444.8452524038462,1474.390625,146.4526719670935,4.262231725713803,293.21262385321097,11.75576146788991,1903.8847355722153,55.40901243427943,graphium,online,ohare_filtered_vid_1552_sr_20.0,e24cf6d31fc340cf80638422bade9bf7,1552,native,5.0,
13.0,1.7383348358413797,2.6742185254192177,23.01371004586922,1445.148716517857,1487.8828125,135.2430368391886,4.381938054527256,300.79796285200723,11.096327513546056,1893.40251574864,61.34713276338159,graphium,online,ohare_filtered_vid_1552_sr_20.0,5b6c8f7a62514ad5824109ed5b43ee0d,1552,native,10.0,
13.0,1.8529006404643482,2.809168880909635,24.630057965920443,1440.05078125,1483.625,221.6407093103041,295.5830971650311,296.57781923714754,746.8500000000001,3102.969930344257,4138.163360310436,graphium,online,ohare_filtered_vid_1552_sr_20.0,ddab343bd23843839ebe1aed64543564,1552,native,30.0,
6.0,0.1792661137607087,0.20515324228809637,1.080771902143747,83.89208984375,108.875,12052.53869931868,2526.883776786813,14423.156878850104,3640.2833719314494,84367.77089523076,17688.18643750769,barefoot,online,ohare_filtered_vid_1552_sr_20.0,a1c33ffea69540b298e3316e73fa1086,1552,native,,
12.0,0.3313903293729166,0.7128224702651516,3.933314785067613,294.7109375,318.98046875,185.8416301120813,7.412589350056895,287.8953253143794,11.981925925925923,2415.941191457057,96.36366155073964,graphhopper,offline,ohare_filtered_vid_1552_sr_20.0,8ea3228f3e7940328939b951f64cbab1,1552,batches,5.0,50.0
12.0,0.36342750914079114,0.725016034266765,4.300760523399187,327.8978794642857,353.21875,195.31304482022645,7.674888116418943,292.95288246429186,13.362958579881655,2539.069582662944,99.77354551344627,graphhopper,offline,ohare_filtered_vid_1552_sr_20.0,d595c72c5005498c9c4c401398a7458c,1552,batches,10.0,50.0
12.0,0.34213951823206395,0.6087113999999999,3.909246527103378,298.72739955357144,332.953125,192.27581543545674,7.3075687253800385,312.0286540198735,12.146203763789748,2499.5856006609374,94.9983934299405,graphhopper,offline,ohare_filtered_vid_1552_sr_20.0,7dc1c267793440078247eebc031158a0,1552,batches,30.0,50.0
6.0,0.0004502093387178186,0.000563229151943462,0.0027422291519434592,2.1591796875,2.23046875,202.40426552246342,8.677738515901058,259.30318021201407,10.856183745583039,1416.829858657244,60.74416961130741,osrm,offline,ohare_filtered_vid_1552_sr_20.0,0a2271a31ad84085952dd665c9c334ab,1552,batches,5.0,
7.0,0.000986472032374101,0.0011787701438848923,0.0071079701438848935,2.1180555555555554,2.1953125,61.0929856115108,8.38531175059952,73.0021582733813,10.019904076738609,488.7438848920864,67.08249400479616,osrm,offline,ohare_filtered_vid_1552_sr_20.0,8a612aa7391245b1a4ad50ee384e691f,1552,batches,10.0,
6.0,0.0010041367261489384,0.001205216503838102,0.006170216503838102,2.10498046875,2.203125,139.37938889442725,8.49420795533845,170.60446615491975,10.195184926727146,975.6557222609908,59.45945568736915,osrm,offline,ohare_filtered_vid_1552_sr_20.0,6f65680b9c2647f887ce4f28edf851f5,1552,batches,30.0,
18.0,1.488448600308819,2.4916726733990413,27.03221715791251,1438.1831825657894,1502.5,5606.260315558337,1865.1803208258505,14033.33757094211,4869.5752553916,106518.94599560842,35438.42609569116,graphium,online,ohare_filtered_vid_749_sr_1.0,54a7a198f1944333b30dc65b826c6ac9,749,native,5.0,
17.0,1.4906341704519068,2.7794957086807255,25.536467417892776,1440.5243055555557,1479.3671875,4489.925695126734,1201.241192635815,9394.074999999997,2800.125,80818.66251228123,21622.34146744467,graphium,online,ohare_filtered_vid_749_sr_1.0,cac2e0ad09d54621b5a7e88b5f480914,749,native,10.0,
18.0,1.3549393402103747,2.4955889553484494,24.46380300474439,1448.361636513158,1479.08203125,3841.0126681475363,720.9833335096379,9188.03907788162,1768.8876012461058,72979.24069480319,13698.68333668312,graphium,online,ohare_filtered_vid_749_sr_1.0,9a4ccadb006146ed9c6499025479564d,749,native,30.0,
12.0,0.4772999892594563,0.7295473959785154,6.028112348357428,290.234375,430.60546875,16938.785959118275,811026.387813512,24495.403264013225,1590721.0247826083,220204.21746853756,10543343.041575655,barefoot,online,ohare_filtered_vid_749_sr_1.0,2c6ff231aa584d1282351e617e9a23f0,749,native,,
16.0,0.3197685243965506,0.572298720022124,4.987866965104117,323.1740451388889,351.33984375,4198.611660465339,2457.8976101950443,9062.136216216217,5396.941621621621,71376.39822791076,41784.259373315756,graphhopper,offline,ohare_filtered_vid_749_sr_1.0,02fddaad86f44295a6295da8ad78458a,749,batches,5.0,50.0
16.0,0.3056978634250709,0.7969094470686767,4.641948368510962,316.77816611842104,369.63671875,2802.848927741458,1098.4838845456654,5330.9699270467445,2136.4082950553907,47648.43177160478,18674.226037276312,graphhopper,offline,ohare_filtered_vid_749_sr_1.0,1f51691626204a188e30198fa148d236,749,batches,10.0,50.0
15.0,0.28796672416384644,0.5817650177304965,4.025702568891047,319.29600694444446,377.2734375,2116.7035134291154,374.41921616383456,4050.821577069751,731.9323656046253,33867.25621486585,5990.707458621353,graphhopper,offline,ohare_filtered_vid_749_sr_1.0,e9842a8d116a4718b6e27964404f896e,749,batches,30.0,50.0
10.0,0.0024829398153206742,0.0034941397169143667,0.025594009095679,11.381009615384615,16.2109375,2078.0552643015235,4014.576922882681,2963.05838641189,5813.693630573249,22858.607907316757,44160.34615170949,osrm,offline,ohare_filtered_vid_749_sr_1.0,433eed2cebe043c9bbebb8b98154ccd1,749,batches,10.0,
11.0,0.0016804183046112804,0.0024425604261264404,0.019223689204884913,7.919471153846154,10.84765625,1059.0831294580814,2244.416833731199,1669.7992315752706,3581.6055536150893,12708.997553496978,26933.00200477439,osrm,offline,ohare_filtered_vid_749_sr_1.0,49cfd1f8b34846ecb72db64eab3b3de8,749,batches,30.0,
18.0,1.3193097891022592,2.7046636862184075,23.865638806659742,1442.3153782894738,1477.2265625,312.25831443835546,277.73430731945837,813.913220439691,913.8323825503356,5932.907974328754,5276.9518390697085,graphium,online,ohare_filtered_vid_749_sr_5.0,038992ee549c4353b5ce9543380252cf,749,native,5.0,
17.0,1.29833530653718,2.7327692852923806,22.143811248787912,1442.550564236111,1486.765625,306.0060680570446,235.26720649215557,624.9960534493474,753.7249999999999,5508.109225026803,4234.8097168588,graphium,online,ohare_filtered_vid_749_sr_5.0,9d2b328e373d493ca84fccf180bc2bab,749,native,10.0,
17.0,1.3722248181146879,2.6509550228310506,23.33603563524386,1454.4448784722222,1500.1640625,311.2805017562282,311.05640181226687,631.6795265348595,753.725,5603.049031612108,5599.0152326208035,graphium,online,ohare_filtered_vid_749_sr_5.0,521a6839487c4295b569b8ec6a0ff3f4,749,native,30.0,
11.0,0.1975396445340647,0.28287019109613337,2.2389575995562296,159.32902644230768,210.94921875,10305.701295164852,51507.26673602175,16673.926273458444,95531.74622206457,123668.41554197822,618087.200832261,barefoot,online,ohare_filtered_vid_749_sr_5.0,383523365a9943b8a7f3c088f5e62ddf,749,native,,
16.0,0.3079911955426177,0.6699527805293005,4.821492943821224,336.1740451388889,376.6484375,938.6520866881548,468.95951776107916,1952.4265208475736,1080.7143403964458,15957.085473698631,7972.3118019383455,graphhopper,offline,ohare_filtered_vid_749_sr_5.0,c6a242f399e94673aed02d61c7ee6d29,749,batches,5.0,50.0
16.0,0.3012676437656159,0.7920455692857143,4.648405089015469,307.04405381944446,336.44140625,778.211979821864,263.32828291720995,1531.3886091794159,606.1576055662189,13229.603656971689,4476.5808095925695,graphhopper,offline,ohare_filtered_vid_749_sr_5.0,1b74df20a2a242ef847e86acbcdfe022,749,batches,10.0,50.0
16.0,0.3101889492771648,0.8086108647058824,4.807030684770624,338.86436631944446,361.3671875,498.8281043000658,77.82472636621894,1004.4645710233988,187.97585546126473,8480.077773101119,1323.020348225722,graphhopper,offline,ohare_filtered_vid_749_sr_5.0,2ef796312458488190080982f6dcfdd6,749,batches,30.0,50.0
10.0,0.0009482728418417613,0.0013453357678626658,0.009841345782474836,5.568509615384615,7.62890625,837.3519789184982,1333.1060970136139,1095.5875,1820.8500000000001,9210.87176810348,14664.167067149752,osrm,offline,ohare_filtered_vid_749_sr_5.0,4b26f29a843f49d991be2f4883ff6b09,749,batches,5.0,
10.0,0.0009203244015175139,0.0013874692118226602,0.009169680276705615,4.096454326923077,5.6328125,548.4794719440546,857.4916252186732,804.0307112068965,1326.9709051724137,6033.2741913846,9432.407877405405,osrm,offline,ohare_filtered_vid_749_sr_5.0,92b841bb2ece43da997ce5991a278a41,749,batches,10.0,
10.0,0.0006659836539384295,0.0009744514345487148,0.0063513687587740085,3.094050480769231,4.08203125,381.97648541539087,578.975484959375,557.5210000000001,952.9077096774193,4201.741339569299,6368.7303345531245,osrm,offline,ohare_filtered_vid_749_sr_5.0,40c876282c064b58a674cb7d20f2bbee,749,batches,30.0,
17.0,1.3967328584659109,2.700033084808947,23.875790325952014,1452.1430121527778,1498.69921875,116.89550641860781,3.419065942312164,308.0799346405228,11.058627450980392,2104.1191155349406,61.54318696161895,graphium,online,ohare_filtered_vid_749_sr_10.0,74b6cb8e9ca34d5db259660a5956987e,749,native,5.0,
17.0,1.3849238903395553,2.735166329370099,23.54966876280153,1444.0082465277778,1486.48828125,115.30199852047369,3.238391053611347,319.4831229773463,11.915335251161762,2075.4359733685264,58.29103896500425,graphium,online,ohare_filtered_vid_749_sr_10.0,55f4593fd8f24e849ce1d646fff076e3,749,native,10.0,
18.0,1.2885718276711402,2.6038333884297513,23.277419006637338,1440.2421875,1491.359375,122.78120796427368,3.3085197822491024,318.6808562905773,11.429505176346728,2332.8429513212,62.861875862732944,graphium,online,ohare_filtered_vid_749_sr_10.0,2260bdb624fd4ab699bfd9570364b76c,749,native,30.0,
11.0,0.17462530101312415,0.23730554370722165,1.9429650374739458,142.71003605769232,201.76953125,9331.030906841743,17456.7196541794,14019.07594936709,31865.980974477956,111972.37088210092,209480.63585015282,barefoot,online,ohare_filtered_vid_749_sr_10.0,a45009dbab49482ba22d3e543247b5eb,749,native,,
16.0,0.32063032805214087,0.7792692129202373,4.93872421498791,341.54600694444446,382.546875,411.62046053780404,158.17851270586476,642.7012748363385,305.6666666666667,6997.547829142669,2689.034715999701,graphhopper,offline,ohare_filtered_vid_749_sr_10.0,b4ae1734a04e4be782cb062e66e6371d,749,batches,5.0,50.0
15.0,0.31182758156863355,0.6245134454640251,4.364727859634112,322.42078993055554,378.3515625,374.1788256761848,99.75009830892422,571.1590861454621,187.475,5986.861210818956,1596.0015729427876,graphhopper,offline,ohare_filtered_vid_749_sr_10.0,660629d0e5064d8eb394b6af681e423a,749,batches,10.0,50.0
16.0,0.268400728553944,0.5879288570741098,3.9748835283429376,310.37543402777777,330.8984375,150.6523680028292,5.699581190754479,293.8020470829069,12.637311431444852,2561.0902560480963,96.89288024282614,graphhopper,offline,ohare_filtered_vid_749_sr_10.0,789bf4a4425e4451b075fb4c42eed44d,749,batches,30.0,50.0
11.0,0.00097729209011532,0.0013750165409554056,0.010614018570745544,4.279146634615385,5.64453125,505.72947369268735,702.504338506274,774.6685192536719,1133.7186978959905,6068.753684312248,8430.052062075289,osrm,offline,ohare_filtered_vid_749_sr_10.0,301b9b78b39c490e920f06511db5e2c7,749,batches,5.0,
11.0,0.0006530482026793472,0.0009129318537859008,0.006923646578366267,2.9131610576923075,3.32421875,327.83811407794013,307.0885642963078,489.68242843040474,439.1675715695952,3934.0573689352814,3685.062771555694,osrm,offline,ohare_filtered_vid_749_sr_10.0,111a4cd5833b49c28c2a9b1059921bee,749,batches,10.0,
10.0,0.0005610450813318135,0.0011419450549450547,0.005029550839704895,2.085637019230769,2.20703125,232.17433219819566,8.530572726349323,308.3594876514803,12.852797558494405,2553.917654180152,93.83629998984256,osrm,offline,ohare_filtered_vid_749_sr_10.0,d424120e6a684fe28088ee8bf85a0856,749,batches,30.0,
17.0,1.3348927026483781,2.650753161249869,22.663749770017493,1451.4184027777778,1498.82421875,112.37320262261541,3.054988704440448,314.06726050945457,11.058096577590248,2022.7176472070773,54.98979667992806,graphium,online,ohare_filtered_vid_749_sr_20.0,5ac9506003394948a5f7b09a2052758e,749,native,5.0,
17.0,1.2807502937193838,2.5507878429263044,21.680455571721144,1442.9164496527778,1482.9609375,109.12555150875477,3.1426973688362603,301.2485720865961,11.662060737527115,1964.259927157586,56.56855263905268,graphium,online,ohare_filtered_vid_749_sr_20.0,4dfefc2fbbde44c3ae96c7ef9ecd739a,749,native,10.0,
17.0,1.3172297149174375,2.779877669657526,22.330966195481903,1439.4722222222222,1474.2265625,108.45398894300955,3.2136990682591904,315.53883252692367,12.204233737596471,1952.171800974172,57.84658322866542,graphium,online,ohare_filtered_vid_749_sr_20.0,9e1b64ab71a849c7b06925c938ab7f50,749,native,30.0,
12.0,0.14157645176189884,0.2036045826703826,1.722736829081421,109.72879464285714,158.4609375,7992.375324552395,7811.282650151468,13676.549999999997,14839.187181738367,103900.87921918114,101546.67445196908,barefoot,online,ohare_filtered_vid_749_sr_20.0,1a5a45130c1a4b549983bee5ae7c551b,749,native,,
16.0,0.275120616880581,0.6515287681318681,4.025521718838009,325.46875,386.921875,285.4850460736939,86.7919041172616,546.7314553990609,166.1464788732394,4853.245783252797,1475.462369993447,graphhopper,offline,ohare_filtered_vid_749_sr_20.0,b8cd06a5e07c49fbbd0922ef1c9e62dd,749,batches,5.0,50.0
15.0,0.26609810677519563,0.5280566645,3.72951304390313,307.7734375,358.9140625,318.3764814399485,76.26626316102502,526.4640909090909,199.2654589739687,5094.023703039176,1220.2602105764004,graphhopper,offline,ohare_filtered_vid_749_sr_20.0,62faf13387874a6c9bbe1c03c82e1ac1,749,batches,10.0,50.0
16.0,0.22857660188557144,0.5353564962085308,3.3504457358461837,289.76192434210526,325.390625,152.2636266500655,5.446316548868545,304.09768976897686,12.481927710843374,2588.4816530511134,92.58738133076525,graphhopper,offline,ohare_filtered_vid_749_sr_20.0,65097be9d6ac4f8f8036c5f9c2915079,749,batches,30.0,50.0
11.0,0.0008277456982640208,0.0012052201815038893,0.00872772819766436,3.3028846153846154,4.2265625,353.3990068179656,394.66224090697864,530.2816472694718,657.0666666666667,4240.788081815587,4735.946890883743,osrm,offline,ohare_filtered_vid_749_sr_20.0,cbdc3a9548624052883ac05991b337fc,749,batches,5.0,
11.0,0.0005203300097265915,0.0011737606036536937,0.005429532316877955,2.152043269230769,2.21484375,217.2513469931835,8.574671054668197,313.14698316926007,12.6,2607.016163918202,102.89605265601837,osrm,offline,ohare_filtered_vid_749_sr_20.0,2a086dc3a01d4de8b4c43aa96bf853f9,749,batches,10.0,
10.0,0.0006248398196337666,0.0012159134655532365,0.005657324550418197,2.0928485576923075,2.21484375,225.24172012958033,8.671720204899124,311.4399214659686,12.904240282685514,2477.6589214253836,95.38892225389036,osrm,offline,ohare_filtered_vid_749_sr_20.0,b1e72e216f5549ca91577dd0f1f9f146,749,batches,30.0,
17.0,1.5299673663873254,2.5386555842479015,26.352185706314692,1442.1421440972222,1479.35546875,3397.5933054944558,1930.1593300351733,7734.6833333333325,4728.925,61156.6794989002,34742.86794063312,graphium,online,ohare_filtered_vid_300_sr_1.0,8817ac37989e45e8afe6b968678d4ddb,300,native,5.0,
17.0,1.4987730836304207,2.7594237630827783,25.65217539136173,1434.001953125,1477.08203125,3523.41226907579,1362.6347807537704,7201.866666666668,3167.2999999999997,63421.42084336422,24527.42605356787,graphium,online,ohare_filtered_vid_300_sr_1.0,ddb649b4b3064d459ee65cc6d2213807,300,native,10.0,
16.0,1.4968983019146958,2.6978689760810655,24.19511091498277,1447.5831801470588,1498.5546875,3267.069271190394,752.0620038982979,6359.883333333334,1669.9166666666665,55540.1776102367,12785.054066271065,graphium,online,ohare_filtered_vid_300_sr_1.0,d8098caeff8e4817a0d0d3170165d41b,300,native,30.0,
9.0,0.3899330334336114,0.5124353439788902,3.5602751351053454,188.30631510416666,230.95703125,17484.09767082614,324619.35565312166,23024.989541020313,457619.2371383482,174840.9767082614,3246193.5565312165,barefoot,online,ohare_filtered_vid_300_sr_1.0,d7afa819449e4f66908eef6bc1eee8bb,300,native,,
16.0,0.35345990539329164,0.7431824932885908,5.601799824571865,309.908203125,348.515625,3037.26159687988,1767.0255635503395,6016.566666666667,3588.9,51633.44714695796,30039.43458035577,graphhopper,offline,ohare_filtered_vid_300_sr_1.0,b91ecbc7391a47bfa1897a2cde04f0ab,300,batches,5.0,50.0
15.0,0.3473172746404084,0.7513755552110818,5.069806709747854,315.47288602941177,349.37890625,2862.2600147562785,1143.3444144348002,5909.351414703445,2417.408855214869,45796.160236100455,18293.510630956804,graphhopper,offline,ohare_filtered_vid_300_sr_1.0,051955b2c0d54269892dc55a47a9b7f2,300,batches,10.0,50.0
15.0,0.3295466495558943,0.5805751212564204,4.8354894875609755,311.2164522058824,359.66015625,1758.9875069396985,307.45371686354827,3401.366666666667,617.0500000000001,28143.800111035176,4919.259469816772,graphhopper,offline,ohare_filtered_vid_300_sr_1.0,77c237ff86794254ae772daf762502d8,300,batches,30.0,50.0
10.0,0.0022568065464065746,0.0028977962093862815,0.023671072685134992,10.588541666666666,14.46484375,1631.2251287666427,3295.827752338473,2232.0736462093864,4671.066666666667,17943.47641643307,36254.1052757232,osrm,offline,ohare_filtered_vid_300_sr_1.0,ca20a50e0cab400d8e7fc3a0a5e65283,300,batches,10.0,
10.0,0.000999825421186048,0.0014210468304769771,0.010793759703968514,5.9677734375,7.7265625,952.1878352769198,2137.989674878432,1415.0624819326865,3219.295973570101,10474.066188046118,23517.886423662756,osrm,offline,ohare_filtered_vid_300_sr_1.0,2335713a2751420b95439dff48e98021,300,batches,30.0,
16.0,1.4696304966738591,2.6249660547280915,23.653152505067847,1447.6498161764705,1497.546875,131.82631470591468,3.6764714090539314,287.48189871548794,11.92925325416762,2241.0473500005496,62.500013953916834,graphium,online,ohare_filtered_vid_300_sr_5.0,3802e68a62ab42c2b82ac5dd7f73a4ab,300,native,5.0,
17.0,1.4620664519241102,2.7451366761498344,25.108306294567964,1439.1239149305557,1480.28125,311.8036669721501,375.0177032474789,665.0058470764617,1160.1333333333332,5612.466005498702,6750.31865845462,graphium,online,ohare_filtered_vid_300_sr_5.0,1aeadc64aac84fce977a761adc913e1b,300,native,10.0,
16.0,1.496883197620569,2.6604309882160777,24.16944824340083,1442.077205882353,1482.1640625,269.39233442960176,279.8555820194256,514.5,864.8499999999999,4579.66968530323,4757.5448943302345,graphium,online,ohare_filtered_vid_300_sr_5.0,53f54f84116d43bb8fdfbe390a9ff66a,300,native,30.0,
10.0,0.22675766870985273,0.296814515816683,2.327480486182554,177.7109375,209.3828125,11041.582903289365,22818.221218296138,18132.319148936174,36651.01626379768,121457.41193618301,251000.4334012575,barefoot,online,ohare_filtered_vid_300_sr_5.0,c7849f7bc9d549198b18487aab3b879e,300,native,,
15.0,0.3494943751368958,0.7131580294117648,5.136093149249156,329.00666360294116,357.203125,798.4754014398789,388.89376476967266,1533.6409393939393,808.8433636363636,12775.606423038062,6222.3002363147625,graphhopper,offline,ohare_filtered_vid_300_sr_5.0,6a108bb8c39545adadeebf507e8b5161,300,batches,5.0,50.0
15.0,0.341558966486453,0.7836615172413794,4.962905808610834,320.91980698529414,358.16015625,543.9666749445389,164.1674528727197,1007.975,346.47499999999997,8703.466799112623,2626.6792459635153,graphhopper,offline,ohare_filtered_vid_300_sr_5.0,f5d360aaadf643eeba02a91b125f4a49,300,batches,10.0,50.0
15.0,0.29653318936403816,0.6381234568160153,4.106407573008596,309.59811580882354,334.02734375,550.6747723927936,16.89718327368145,1091.3500000000001,30.872029624960614,8810.796358284697,270.3549323789032,graphhopper,offline,ohare_filtered_vid_300_sr_5.0,1cea78f653e24eca912900461e340a94,300,batches,30.0,50.0
10.0,0.0014078747113309492,0.0017784313349814586,0.014267620697044002,5.625,6.80859375,664.5818581120634,1093.613981276503,885.700494437577,1452.443469303667,7310.400439232698,12029.753794041531,osrm,offline,ohare_filtered_vid_300_sr_5.0,8eeefc00fa2f4619a84ea269b4d57d88,300,batches,5.0,
9.0,0.0010148700880335307,0.00126404308988764,0.009202017341009464,3.5582682291666665,4.5546875,462.0439665656801,612.5601271256967,579.9816290130797,864.025,4620.439665656801,6125.601271256967,osrm,offline,ohare_filtered_vid_300_sr_5.0,616f4d2eaa6b4299b654a308289fef38,300,batches,10.0,
10.0,0.0008402522741641133,0.0013347091433278421,0.00836531463689256,3.107421875,4.125,348.7007388175627,581.2052218001315,529.5333333333333,1146.9750000000001,3835.7081269931896,6393.257439801447,osrm,offline,ohare_filtered_vid_300_sr_5.0,3e0e5696610c4fb89f79df79e971de70,300,batches,30.0,
16.0,1.3839102288539105,2.461073964497041,22.242548311033683,1443.133731617647,1484.05078125,221.44934012666405,11.570765825885264,321.62260430015664,25.59480279083013,3764.638782153289,196.7030190400495,graphium,online,ohare_filtered_vid_300_sr_10.0,8af3d6bcfd9e442e9602096c636dc5b8,300,native,5.0,
16.0,1.3689215537491095,2.5182003464203233,21.96194091809243,1438.331112132353,1477.4140625,123.10202685262284,3.7225144589179195,307.487915407855,12.412450199203187,2092.7344564945884,63.282745801604634,graphium,online,ohare_filtered_vid_300_sr_10.0,c06e5e02bc2e43aaa893594e4b4b1f2c,300,native,10.0,
16.0,1.446658187474953,2.5232565893934584,23.437438829031112,1445.8453584558824,1475.57421875,118.88930706310487,3.604289991791635,287.6345044903104,11.584175558687337,2021.1182200727826,61.27292986045779,graphium,online,ohare_filtered_vid_300_sr_10.0,e2a291215d2f4fcbaf713ad5aad585b1,300,native,30.0,
9.0,0.18071264398673598,0.23590869072642964,1.6262374890680704,150.96744791666666,204.37890625,9330.147445203795,8292.87628109855,12777.320710973727,11429.797918313572,93301.47445203795,82928.7628109855,barefoot,online,ohare_filtered_vid_300_sr_10.0,9dc1079ef3bb42e8afcd3476b59d9fc8,300,native,,
15.0,0.3517871873359468,0.5760246333253987,5.071890818789878,339.03308823529414,383.68359375,412.4192955113126,163.05725556734444,669.0148477294897,343.225,6598.708728181002,2608.916089077511,graphhopper,offline,ohare_filtered_vid_300_sr_10.0,ce6ad9ec10d1411db8932828822b63d8,300,batches,5.0,50.0
14.0,0.3575632944847722,0.6193323189498617,4.762889528293947,341.186767578125,378.6171875,360.84818133405156,88.89863893474212,613.0591144077321,195.97500000000002,5412.722720010774,1333.4795840211318,graphhopper,offline,ohare_filtered_vid_300_sr_10.0,2bd27b266c084bd5aa36e9a6c3332552,300,batches,10.0,50.0
14.0,0.29476347460940644,0.64277526355,3.985235405591097,337.2477022058824,391.65625,171.66345362583314,6.500309155954247,310.5284354883851,17.2242,2574.9518043874973,97.50463733931372,graphhopper,offline,ohare_filtered_vid_300_sr_10.0,f739817cfa234919a16aa6407bd16d89,300,batches,30.0,50.0
9.0,0.0009239489296172414,0.0012225812456506614,0.008016908050521753,3.3037109375,4.0625,420.97290544888165,458.6909055110476,524.725,594.6500000000001,4209.7290544888165,4586.909055110476,osrm,offline,ohare_filtered_vid_300_sr_10.0,dcdba54c040346fc83fb424edc9e485d,300,batches,5.0,
9.0,0.0007634455837039967,0.0009033803007200339,0.006790091942584389,2.9279119318181817,3.44921875,332.61654404962076,320.7916870668695,419.35466327827186,480.32487928843716,3326.165440496208,3207.9168706686946,osrm,offline,ohare_filtered_vid_300_sr_10.0,9dc8c9a2a1ee4be28ae2261ce81f7a38,300,batches,10.0,
9.0,0.000627805167862733,0.0011418321129707113,0.005412893205823982,2.0911458333333335,2.23046875,225.65502049429946,9.750022513187897,278.28196721311474,12.798360655737705,2256.5502049429947,97.50022513187898,osrm,offline,ohare_filtered_vid_300_sr_10.0,5897cf61b7ec42a097a47f8d8995d714,300,batches,30.0,
16.0,1.4239570121313652,2.4746167150545935,22.899728574608616,1445.1773897058824,1474.8046875,120.14517710519638,3.299015414729847,294.46491650368586,11.641867411832722,2042.4680107883385,56.0832620504074,graphium,online,ohare_filtered_vid_300_sr_20.0,bb384922b2a04d88971d2ca8b3d1ab15,300,native,5.0,
16.0,1.431790760068354,2.727385416666667,23.048219562823054,1453.5494025735295,1490.8125,114.53420990048943,3.256475846065758,310.84017139796464,11.247991430101766,1947.0815683083204,55.36008938311788,graphium,online,ohare_filtered_vid_300_sr_20.0,8fef05348ece47dcb154935803ad3a35,300,native,10.0,
16.0,1.4874850423961283,2.6039092389534257,23.98571947423532,1441.3536305147059,1474.00390625,129.17066750359433,3.689305575036862,308.10533676257836,11.804851258581236,2195.9013475611036,62.71819477562666,graphium,online,ohare_filtered_vid_300_sr_20.0,ec4dbce362d142b5992f4b2def017f6e,300,native,30.0,
9.0,0.15360103544630224,0.20678240434782613,1.3905815153325876,114.53255208333333,159.83984375,9847.648074192624,4066.1010832064776,17825.988405797103,6195.7343039240195,98476.48074192625,40661.01083206478,barefoot,online,ohare_filtered_vid_300_sr_20.0,008a809f73224ea196f0809f3cee1c16,300,native,,
15.0,0.3260003292284155,0.7159910321481481,4.802249939210203,325.77068014705884,363.6015625,280.74897746574044,80.22052880269581,500.5950964056177,186.34999999999997,4491.983639451847,1283.528460843133,graphhopper,offline,ohare_filtered_vid_300_sr_20.0,fd423611d4444710a8ccd2dcf1577914,300,batches,5.0,50.0
15.0,0.3213859341807228,0.8410112632867133,4.6671545052831735,325.5124080882353,355.80078125,163.54062953474033,6.373188579033522,298.1528706624606,13.967281105990784,2616.6500725558453,101.97101726453636,graphhopper,offline,ohare_filtered_vid_300_sr_20.0,f813f30b9bde4ceb91be7b7c454110e6,300,batches,10.0,50.0
14.0,0.26734838327144994,0.5459027146364495,3.4697401864830972,291.62477022058823,331.94140625,176.9584242870906,6.296430843395238,302.2716198773798,13.297355996222853,2654.376364306359,94.44646265092857,graphhopper,offline,ohare_filtered_vid_300_sr_20.0,72dd1bc6acce4317b489fd23920abcfe,300,batches,30.0,50.0
9.0,0.0006954877657545453,0.0011479038331929233,0.00580697382435253,2.779296875,3.265625,313.72868568709475,238.68214965228808,375.8125,302.925,3137.2868568709473,2386.821496522881,osrm,offline,ohare_filtered_vid_300_sr_20.0,ec02199389584ad2bca76f6503293d86,300,batches,5.0,
9.0,0.0006004875825132092,0.0010738520000000006,0.00518509977449918,2.068359375,2.1953125,226.62965776446308,10.05200417120557,301.8607082630691,17.976000000000003,2266.296577644631,100.52004171205571,osrm,offline,ohare_filtered_vid_300_sr_20.0,402999f65fb84acd8e014cebe5b13d2a,300,batches,10.0,
9.0,0.0006529763044332219,0.000976728246753247,0.005553034797578972,2.1119791666666665,2.2109375,245.77313373997308,10.480529890250848,297.9164276935682,14.65072463768116,2457.731337399731,104.80529890250848,osrm,offline,ohare_filtered_vid_300_sr_20.0,575f51c02d514633a11e779f8989b3d5,300,batches,30.0,
15.0,1.6771849036334117,2.80613532052881,25.532354737981702,1437.60595703125,1498.81640625,2840.38730615644,1046.543367662082,5768.733333333333,2473.45,45446.19689850304,16744.69388259331,graphium,online,ohare_filtered_vid_1622_sr_1.0,73dda09598f24975a6f8bd27ec2909cc,1622,native,5.0,
15.0,1.75307198027883,2.597355364238411,26.86700045349911,1433.827880859375,1482.640625,1721.4216930735608,490.5976869374666,3872.675,1197.6,27542.747089176974,7849.562990999466,graphium,online,ohare_filtered_vid_1622_sr_1.0,7d4c2336fbd741beb457e7982a71afc8,1622,native,10.0,
15.0,1.6843789240177658,2.6714854427333976,25.608036942742544,1436.84375,1487.9609375,1940.0087684905704,460.2144882540365,3729.55,986.7249999999999,31040.140295849127,7363.431812064584,graphium,online,ohare_filtered_vid_1622_sr_1.0,5a2d32aa67fa4e939ef31020c2a647b3,1622,native,30.0,
8.0,0.4985105142316056,0.6632958475247525,4.197702437040495,196.8728693181818,253.6953125,17477.430814857016,458641.1036585534,22060.05063649222,697573.1885902877,157296.87733371314,4127769.9329269803,barefoot,online,ohare_filtered_vid_1622_sr_1.0,fe0fe33ce13447dfbc49a1a1c643009c,1622,native,,
13.0,0.4100514283352038,0.7307410937908496,5.282351386562134,347.76354166666664,383.94921875,2334.363049215261,1303.1354375339968,4410.766666666667,2564.1,32681.082689013656,18243.896125475956,graphhopper,offline,ohare_filtered_vid_1622_sr_1.0,d0a7a76da41047eaac4047e80cb57b0c,1622,batches,5.0,50.0
13.0,0.3659996819962809,0.6468472658454647,4.54993405712699,301.205078125,351.765625,1578.8067138918036,579.2865319341903,3028.0,1205.1499999999999,22103.29399448525,8110.011447078665,graphhopper,offline,ohare_filtered_vid_1622_sr_1.0,d0dba77b7ae647b6bd6eff8030730f12,1622,batches,10.0,50.0
13.0,0.3687456235358665,0.6726167861182518,4.75050696909082,346.2630208333333,383.09375,1341.3995575452464,231.242024112179,2789.05,519.6,18779.59380563345,3237.388337570506,graphhopper,offline,ohare_filtered_vid_1622_sr_1.0,d08d15b8210447b4972ced09013f09ec,1622,batches,30.0,50.0
8.0,0.003271017489504496,0.004124510636874498,0.02721220751640521,9.888849431818182,12.90234375,2271.244964374486,4063.5588313017197,2823.5306930693073,5095.861011506556,20441.204679370374,36572.02948171548,osrm,offline,ohare_filtered_vid_1622_sr_1.0,9071b0a8d06a4031b7ad9820548cf727,1622,batches,5.0,
8.0,0.002127940051857876,0.0024358531620553357,0.017654355007812664,7.52734375,8.96484375,1294.4170490144395,2638.196693724496,1620.2207792207791,3350.6535855448897,11649.753441129955,23743.770243520466,osrm,offline,ohare_filtered_vid_1622_sr_1.0,ddbd7cac514a434d9782b431a5b6a79f,1622,batches,10.0,
7.0,0.0016871691337010724,0.001927987378488554,0.011895497557797556,5.583203125,7.24609375,924.5386905871793,2074.862285396808,1128.5801975540924,2637.2367121354664,7396.309524697434,16598.898283174465,osrm,offline,ohare_filtered_vid_1622_sr_1.0,a58c7d63e7fd4ed1905a298408cb7d88,1622,batches,30.0,
15.0,1.5588150791175361,2.5383518088737196,23.747047957599943,1442.17724609375,1474.46875,288.85069811522146,412.09211725559874,474.88228018613773,1138.6666666666665,4621.611169843543,6593.47387608958,graphium,online,ohare_filtered_vid_1622_sr_5.0,d594ee9bc0584df680439775f84a6a84,1622,native,5.0,
15.0,1.6094692580395782,2.869964659524689,24.47706692963108,1455.719970703125,1500.8203125,115.15012841371524,3.8188070840556536,300.09395493283256,11.024468546637742,1842.4020546194438,61.10091334489046,graphium,online,ohare_filtered_vid_1622_sr_5.0,da42b806aea041adbfbb0fa2254c8e22,1622,native,10.0,
15.0,1.5789529101300777,2.7528377932335255,24.07135107013721,1441.4755859375,1496.80078125,271.53396782438824,12.591503996590662,426.11550151975683,24.856737588652482,4344.543485190212,201.4640639454506,graphium,online,ohare_filtered_vid_1622_sr_5.0,3afc9f5774114beaaac2f5edcc6ee084,1622,native,30.0,
8.0,0.25612204055935023,0.30903831163114,2.0874773918868947,163.776953125,209.25390625,12915.782037908777,31492.87504360922,15842.830895091434,46691.797564253306,116242.038341179,283435.87539248297,barefoot,online,ohare_filtered_vid_1622_sr_5.0,74121c3e9bfe470fba778ff920cb222c,1622,native,,
14.0,0.36427492431183406,0.7666624374034003,5.013523560195285,344.382080078125,380.921875,689.9591648137706,324.9454388400069,1254.8112650046166,652.975,10349.38747220656,4874.181582600103,graphhopper,offline,ohare_filtered_vid_1622_sr_5.0,fb0b8b3835ac4727bf3c3d100f800469,1622,batches,5.0,50.0
13.0,0.36349565611664403,0.6275769030832479,4.670232323659739,338.140625,374.95703125,404.84183775642475,92.9862480661224,719.7499999999999,218.39999999999998,5667.785728589946,1301.8074729257137,graphhopper,offline,ohare_filtered_vid_1622_sr_5.0,15824ccaa213446093f6017bccef721a,1622,batches,10.0,50.0
12.0,0.3084768352947117,0.5750565664772728,3.4351422923539796,274.99713541666665,316.859375,206.0906247196688,7.475974779444545,320.54018151815177,13.842909987669543,2679.178121355694,97.18767213277908,graphhopper,offline,ohare_filtered_vid_1622_sr_5.0,5b946552bc8b4e5985bedbb7e780364b,1622,batches,30.0,50.0
8.0,0.0009563731958202944,0.001208027695619618,0.00754287556158742,3.399147727272727,3.9375,445.01605070479826,573.6324723504723,569.3685885436166,740.9070385623362,4005.144456343184,5162.692251154251,osrm,offline,ohare_filtered_vid_1622_sr_5.0,f1dbc5cbac8549179a2926e8a5b4dd30,1622,batches,5.0,
8.0,0.0011773372145315983,0.001288983651710351,0.009356756407946679,3.907421875,4.734375,478.2706442945474,709.246032326567,618.5164593513994,988.14997778765,4304.435798650927,6383.214290939103,osrm,offline,ohare_filtered_vid_1622_sr_5.0,0ebbfeb326c64828b34793115f9831c0,1622,batches,10.0,
7.0,0.0006011320270327335,0.0008338910216718264,0.003975165194590041,2.04765625,2.19921875,235.40366964631463,11.415139209646668,294.79057156814855,13.23055242390079,1883.229357170517,91.32111367717334,osrm,offline,ohare_filtered_vid_1622_sr_5.0,8b02a8678a754c9b87ceb14bf4514fcd,1622,batches,30.0,
15.0,1.5384629659785587,2.797136625720732,23.40209729080391,1440.800537109375,1489.76171875,229.14421825879853,12.61288665413231,309.0408287866979,26.22808830022075,3666.3074921407765,201.80618646611697,graphium,online,ohare_filtered_vid_1622_sr_10.0,26c4cd27b97c49538a3c6b8229bfb65d,1622,native,5.0,
15.0,1.5225673781373321,2.606157936507936,23.138189627938175,1441.83056640625,1490.00390625,222.5558745268304,12.078896367290756,303.5514865382162,23.73687576126675,3560.8939924292863,193.2623418766521,graphium,online,ohare_filtered_vid_1622_sr_10.0,8d417af305c749a1a5392a1209ff6d70,1622,native,10.0,
15.0,1.6039272334749954,2.695375217340907,24.36627763965398,1450.1201171875,1510.765625,224.92668999718293,12.273311071821524,295.15356438433355,24.97397167445958,3598.827039954927,196.3729771491444,graphium,online,ohare_filtered_vid_1622_sr_10.0,961f113338c44485b27da6c73924076d,1622,native,30.0,
8.0,0.21833515640711587,0.2672518256253474,1.8308601068193386,138.761328125,176.57421875,11358.250599574914,12650.67556340531,13495.281677018635,19393.064702612563,102224.25539617422,113856.08007064779,barefoot,online,ohare_filtered_vid_1622_sr_10.0,c341e8575b714e98a336ba39167efdeb,1622,native,,
13.0,0.34833969633802553,0.7523097190513218,4.124446029681035,324.55517578125,378.22265625,445.9452286593079,168.03945204115107,755.5004818665991,340.975,6243.23320123031,2352.552328576115,graphhopper,offline,ohare_filtered_vid_1622_sr_10.0,46e6f5b49472496cae41ab25b37a83c5,1622,batches,5.0,50.0
13.0,0.3782716734661554,0.8172264070126228,4.763069868638377,335.76666666666665,376.70703125,364.66653589928757,84.61612260128017,589.3030794165315,198.60000000000002,5105.331502590026,1184.6257164179224,graphhopper,offline,ohare_filtered_vid_1622_sr_10.0,6631fddf94e7402ab2a80330b1cce38a,1622,batches,10.0,50.0
14.0,0.30179229677922587,0.523470356333885,4.009097422764226,328.398681640625,352.9609375,171.42566050442537,6.498619068656771,282.69678249678253,12.599999999999998,2571.3849075663807,97.47928602985156,graphhopper,offline,ohare_filtered_vid_1622_sr_10.0,6bd42f145bc04edfa62816b7c8f5f35e,1622,batches,30.0,50.0
8.0,0.0010814022819751249,0.0012996445867084747,0.008562457401910056,3.319247159090909,4.01171875,435.66322112542275,523.4912848150939,558.28481839561,700.9769009668148,3920.9689901288048,4711.421563335845,osrm,offline,ohare_filtered_vid_1622_sr_10.0,49cd2f4b6b074f09be7eaf544ce55112,1622,batches,5.0,
8.0,0.0009469640625428276,0.0011189962642333487,0.007601969142635796,2.96953125,3.625,329.66209427245326,366.23174603263533,461.82480112306973,616.6652784277024,2966.958848452079,3296.085714293718,osrm,offline,ohare_filtered_vid_1622_sr_10.0,56833516164f4559b54afa4b9fb262b9,1622,batches,10.0,
8.0,0.0007953717829594142,0.0010581999999999994,0.006138302296634728,2.13125,2.2109375,195.63880394098635,10.7943222330859,269.1921170054536,12.821417947446706,1760.749235468877,97.1489000977731,osrm,offline,ohare_filtered_vid_1622_sr_10.0,429389c9d5334ed38755fc6c4007ad5f,1622,batches,30.0,
15.0,1.5863585037958101,2.8462155561122247,24.176398182852164,1437.339111328125,1499.7109375,136.7113458153946,4.037559217297504,292.5415432178282,12.85774834437086,2187.3815330463135,64.60094747676007,graphium,online,ohare_filtered_vid_1622_sr_20.0,f4e8ed509d9a42098499d74be1ca4f78,1622,native,5.0,
15.0,1.410574059183575,2.7078859311009396,21.185773291433684,1439.56689453125,1476.37890625,122.04281641847112,3.5942002016835843,306.4103004291845,11.829806259314458,1952.685062695538,57.50720322693735,graphium,online,ohare_filtered_vid_1622_sr_20.0,a158047cc59440478e7c7f41b9d45410,1622,native,10.0,
15.0,1.5594264517470475,2.7379184,23.647744483644132,1442.310546875,1484.48828125,133.09164797162074,3.602059214176938,299.46089128148856,10.47676587573721,2129.466367545932,57.63294742683101,graphium,online,ohare_filtered_vid_1622_sr_20.0,6783b45bdb70458c8fdb307c15e09d46,1622,native,30.0,
8.0,0.1759038024129206,0.21198259410465886,1.4061273988607876,105.55433238636364,140.70703125,9883.031151279925,6458.099138859554,14037.712550374208,9037.126782449724,88947.28036151933,58122.89224973598,barefoot,online,ohare_filtered_vid_1622_sr_20.0,f1557a9cb9794722a57428429afb3ec1,1622,native,,
13.0,0.3389127116888478,0.5607828218362283,4.296787544765151,337.23645833333336,371.00390625,315.94942013812675,93.73669668479154,507.9936951137132,195.85000000000002,4423.291881933775,1312.3137535870815,graphhopper,offline,ohare_filtered_vid_1622_sr_20.0,be0739a7832b42359d8048ee4a9b64df,1622,batches,5.0,50.0
13.0,0.2957526244762118,0.6872959352048558,3.453240807462111,284.126708984375,325.140625,180.1686669323526,6.49778028976785,290.4076738609113,12.92655350106093,2522.3613370529365,90.9689240567499,graphhopper,offline,ohare_filtered_vid_1622_sr_20.0,370a9fd1b68347e6985cdeef0a028648,1622,batches,10.0,50.0
14.0,0.30266908139733056,0.6006858263491006,4.018197759872814,299.81201171875,322.9453125,176.7114572142146,6.6597013990043905,305.51844404382194,14.733577614923384,2650.671858213219,99.89552098506586,graphhopper,offline,ohare_filtered_vid_1622_sr_20.0,dfef3a26e3d5418e9011a604161b5f4c,1622,batches,30.0,50.0
8.0,0.0008192520126271022,0.000929,0.006488009445401209,2.83671875,3.34375,292.0513638642205,255.09052483847321,381.1,379.75,2628.4622747779845,2295.814723546259,osrm,offline,ohare_filtered_vid_1622_sr_20.0,09e46aaebf23485caae77d00f98a3cb0,1622,batches,5.0,
8.0,0.0008420738643717655,0.0012588200480512552,0.00662571766242117,2.067116477272727,2.20703125,253.0067605529198,11.702479886961221,315.76253157451583,14.7,2277.060844976278,105.32231898265098,osrm,offline,ohare_filtered_vid_1622_sr_20.0,19e96ec3e16d4512ab73e4f1bbcb5c0f,1622,batches,10.0,
9.0,0.0007212557465229581,0.0012339092307692308,0.006348858024670141,2.1310369318181817,2.19921875,215.42222134103335,10.42588942710897,289.0267638758231,12.652499999999998,2154.2222134103336,104.2588942710897,osrm,offline,ohare_filtered_vid_1622_sr_20.0,b93bd68e87964c399e2f7392cb9ca17e,1622,batches,30.0,
20.0,1.368411786169184,2.519002242152466,27.48374515245538,1442.7942708333333,1492.53125,3459.4225743412003,2140.1347112010867,8526.54,5250.075,72647.8740611652,44942.828935222824,graphium,online,ohare_filtered_vid_384_sr_1.0,436e8fe3cb614d2dafbfe75aeeaea3b1,384,native,5.0,
20.0,1.2697281650018009,2.4292837730721324,25.3748409249768,1448.9668898809523,1480.6171875,2978.360091489756,1541.7513623028713,7354.516903996326,3799.7705443270547,62545.561921284876,32376.7786083603,graphium,online,ohare_filtered_vid_384_sr_1.0,aff29776297c49f5b5532be08ad6d5d8,384,native,10.0,
19.0,1.3158042641023615,2.639340674212599,24.981596466583316,1439.2349609375,1477.25390625,2652.3397592570263,911.5622224426422,6002.37,2063.4125,53046.79518514052,18231.244448852845,graphium,online,ohare_filtered_vid_384_sr_1.0,4e38cadeae0144d587315a795695860a,384,native,30.0,
12.0,0.5912471730123797,0.8475016025676613,7.253083091252089,263.2572916666667,334.8984375,18193.113757670715,1076313.4893647847,26763.17244968771,1786186.2550203204,236510.47884971928,13992075.361742202,barefoot,online,ohare_filtered_vid_384_sr_1.0,15e419a0ae33466e974ba867626717f1,384,native,,
17.0,0.3285567291674889,0.6364074678545241,5.360177062666622,330.415625,394.16796875,4940.066208645009,2915.0118593725965,11017.189738247169,6697.03367625993,88921.19175561017,52470.21346870674,graphhopper,offline,ohare_filtered_vid_384_sr_1.0,3b9337092373418cbfdeb097f457fb05,384,batches,5.0,50.0
17.0,0.3167040285268566,0.7848785704671857,5.141814465819347,329.20859375,384.19921875,3638.2458669029543,1457.0126559852376,8232.114039806347,3373.439268423884,65488.42560425318,26226.227807734278,graphhopper,offline,ohare_filtered_vid_384_sr_1.0,7dd3083a925b460dba2303775caa5e75,384,batches,10.0,50.0
18.0,0.3057641353851808,0.8142675355975924,5.339363848414739,342.8771484375,376.5859375,2495.840828822948,449.90343315013706,5553.563673616969,1023.1391346269735,47420.97574763601,8548.165229852604,graphhopper,offline,ohare_filtered_vid_384_sr_1.0,80b7a84f3f9f463684db726de198a3d1,384,batches,30.0,50.0
12.0,0.004014283292601369,0.005722222222222223,0.04970693787713158,14.489583333333334,20.08984375,3719.16621413092,6829.336158588374,5836.548767416934,10934.485530546624,48349.160783701955,88781.37006164886,osrm,offline,ohare_filtered_vid_384_sr_1.0,2f3161484f1f4925b58fb5a381b1e238,384,batches,5.0,
13.0,0.002259601231103412,0.0037340295673402957,0.03017894905959475,11.948958333333334,15.328125,1884.0887650215711,3920.8749252429666,3023.073647090737,6302.487454224874,26377.242710301995,54892.24895340153,osrm,offline,ohare_filtered_vid_384_sr_1.0,83d7e1afe0604f0cba06a2e072a929ea,384,batches,10.0,
12.0,0.0017513675430153764,0.0025243055555555552,0.021475326904670588,9.695591517857142,12.6875,1273.3386023870446,3187.2218325952585,1883.5105840022143,4825.5199999999995,16553.40183103158,41433.88382373836,osrm,offline,ohare_filtered_vid_384_sr_1.0,eb5554f0b9cc4786af035f72205371a5,384,batches,30.0,
19.0,1.2548279053763847,2.408471144440822,23.867065809966714,1443.2025390625,1470.56640625,401.34895122723077,613.9737839744762,913.3250217959894,1729.3448490345988,8026.979024544616,12279.475679489524,graphium,online,ohare_filtered_vid_384_sr_5.0,d0c9b67ed63c408189cc583d18d1b2ed,384,native,5.0,
18.0,1.306673181480713,2.6728728423475263,23.469232850021697,1446.0606496710527,1478.12890625,354.24154584163114,509.23158201914003,799.4200263504611,1405.6000000000001,6730.5893709909915,9675.40005836366,graphium,online,ohare_filtered_vid_384_sr_5.0,244b73fa522f4071b688e510c7cb06ae,384,native,10.0,
19.0,1.249928670171934,2.653604031072853,23.649291616248085,1449.4513671875,1484.6953125,271.7316196765247,387.0286888383177,496.2189142946026,1023.3999999999999,5434.632393530494,7740.573776766354,graphium,online,ohare_filtered_vid_384_sr_5.0,82d40a24754541b8ba221988a155d01e,384,native,30.0,
12.0,0.21184111630819796,0.32791390761339095,2.5403342421952533,177.05078125,217.48046875,9063.968445200626,71691.17610454647,14292.86760259179,120251.80034765333,117831.58978760814,931985.289359104,barefoot,online,ohare_filtered_vid_384_sr_5.0,0110eca2919843be97e7156042d8fe46,384,native,,
18.0,0.30505137993462156,0.7943691899159663,5.3146935070694985,356.053125,393.734375,995.6970981966467,524.9358494217187,2034.7913777889828,1122.5413840917686,18918.244865736287,9973.781139012655,graphhopper,offline,ohare_filtered_vid_384_sr_5.0,a296ae39dddd49f5b7f82fed7b5f2e36,384,batches,5.0,50.0
17.0,0.2956972517192316,0.6680682403107862,4.654482290635383,345.9866365131579,384.69921875,790.1799448660641,277.86337645709216,1513.0795789967583,586.5749999999999,14223.239007589154,5001.540776227659,graphhopper,offline,ohare_filtered_vid_384_sr_5.0,0f5e8bc37edd4808aede095aa18e2f43,384,batches,10.0,50.0
17.0,0.2749732405765733,0.704366209610984,4.245152120767336,324.3265625,382.32421875,513.3266958780658,83.67171886922011,965.3297076818491,189.4535690006798,9239.880525805185,1506.090939645962,graphhopper,offline,ohare_filtered_vid_384_sr_5.0,f769283d83a647b681de39d02503d8b9,384,batches,30.0,50.0
11.0,0.0012909079047812046,0.0018255380545869908,0.014049499470840788,6.05078125,8.3359375,901.1886684397945,1555.189172821273,1352.748166406156,2377.281038836119,10814.264021277533,18662.270073855274,osrm,offline,ohare_filtered_vid_384_sr_5.0,67a3f494dc234499820f4dcde6822f3e,384,batches,5.0,
12.0,0.0007895089735961921,0.0012096031844756815,0.00939710473146314,4.976822916666666,6.734375,561.3204703592178,1040.8718304971233,854.7416096529419,1625.132790148028,7297.166114669832,13531.333796462603,osrm,offline,ohare_filtered_vid_384_sr_5.0,865e53500014473a96042505a2291f5c,384,batches,10.0,
12.0,0.0007928184319602532,0.0014085224999999995,0.009316572997836232,3.3130580357142856,4.10546875,366.68251575696445,643.545580277226,567.0979604449938,1137.2250000000001,4766.872704840538,8366.092543603938,osrm,offline,ohare_filtered_vid_384_sr_5.0,a0dc3fd3a2384be69a4d4daec189a64b,384,batches,30.0,
19.0,1.3184652403865114,2.816175578875639,24.99645706177755,1450.465625,1474.9453125,107.11116983099137,2.956244101280236,316.2462101856583,12.268742216687421,2142.2233966198273,59.12488202560472,graphium,online,ohare_filtered_vid_384_sr_10.0,fd460320a97e412bb2567251e76afdd1,384,native,5.0,
19.0,1.2083957637554628,2.594070573211009,22.93528910515472,1446.85546875,1494.97265625,100.5692721206984,3.1174032352502237,306.244919302776,11.643051986558609,2011.3854424139681,62.348064705004475,graphium,online,ohare_filtered_vid_384_sr_10.0,69787f5e516c46229a7b965f94cceadd,384,native,10.0,
19.0,1.1748657062789487,2.6078474095907493,22.209513655767655,1440.628125,1481.99609375,109.02844083765781,3.1554489461200657,297.5017546342154,12.804623970236513,2180.568816753156,63.10897892240131,graphium,online,ohare_filtered_vid_384_sr_10.0,c6cb85182cf54356917b09b34d23e386,384,native,30.0,
11.0,0.18302424616091204,0.2798209750049011,1.9892555522751498,154.05831473214286,202.66796875,8560.474357158842,26181.858826527736,13104.326406586946,41716.25918618989,102725.6922859061,314182.30591833283,barefoot,online,ohare_filtered_vid_384_sr_10.0,8ff8f191daec41f5a3b809ab53217370,384,native,,
18.0,0.27280422906434554,0.797574015945946,4.738643183123466,313.49375,335.421875,573.5272964682867,268.09842550978175,1119.2891652994258,591.7222742813727,10897.018632897449,5093.870084685853,graphhopper,offline,ohare_filtered_vid_384_sr_10.0,72638e2de50543918992bc54ef07e13d,384,batches,5.0,50.0
17.0,0.28886992898335656,0.6671696168161435,4.76716769232822,325.42701480263156,357.21484375,418.22554125405935,127.10452526266883,813.0727762803234,322.59339622641505,7528.059742573068,2287.881454728039,graphhopper,offline,ohare_filtered_vid_384_sr_10.0,182bb28b870a4ef9a8086d096cb0e43d,384,batches,10.0,50.0
17.0,0.2421617768125307,0.6133490433518004,3.7699569802299755,320.5970703125,371.30078125,149.56266978501475,5.505136428879163,299.90007494379216,14.79016620498615,2692.1280561302656,99.09245571982493,graphhopper,offline,ohare_filtered_vid_384_sr_10.0,09f04a93878f4124b4cff8fc71978a8c,384,batches,30.0,50.0
12.0,0.0009598497540060304,0.0013255722785108389,0.011507725094453945,4.559709821428571,5.9921875,497.6458136355011,754.0027444438049,734.344773369365,1172.8875,6469.3955772615145,9802.035677769463,osrm,offline,ohare_filtered_vid_384_sr_10.0,23df4389a75d489ea3d18ba8bad930d8,384,batches,5.0,
11.0,0.0007182244788934214,0.0012112706145251395,0.007519931284561623,3.1609933035714284,3.56640625,312.81168966740665,394.942739622074,452.2026283430679,604.9372625698325,3753.74027600888,4739.312875464888,osrm,offline,ohare_filtered_vid_384_sr_10.0,040f9702b64c4000aad15d314940f3be,384,batches,10.0,
13.0,0.0004311764707207551,0.0010642408876669282,0.005329417447906754,2.1510416666666665,2.203125,182.97069533653945,7.177087324711029,318.01314640698456,13.718216560509555,2561.5897347115524,100.4792225459544,osrm,offline,ohare_filtered_vid_384_sr_10.0,3ea465a7ae7a4c2aa5ac69c3c2e27673,384,batches,30.0,
19.0,1.1990474445475914,2.574549920372412,22.62106921846226,1440.7345703125,1473.70703125,165.70004140984463,9.595201923478959,324.74974910394263,24.86253070092575,3314.0008281968926,191.90403846957918,graphium,online,ohare_filtered_vid_384_sr_20.0,dcf0f82ecafc4fcc9d9387a1f31d16f5,384,native,5.0,
18.0,1.29509899933134,2.6571168785722614,23.324623420272896,1450.2393092105262,1490.29296875,120.78895876752064,3.342587607381746,319.89590163934423,11.47201405152225,2294.990216582892,63.50916454025318,graphium,online,ohare_filtered_vid_384_sr_20.0,ae70ad02493146b28b9e9c6d5e9f3a29,384,native,10.0,
18.0,1.3164848146943529,2.6435390381011867,23.640660949871588,1455.5088404605262,1478.796875,111.26680031075212,2.996857620484122,297.3463300364393,11.566763848396503,2114.0692059042904,56.94029478919832,graphium,online,ohare_filtered_vid_384_sr_20.0,aafc0b8de2884e8bb37d6f46cb2c9345,384,native,30.0,
12.0,0.16745109612567183,0.2493285724401001,2.0307482856575225,129.44838169642858,174.265625,8294.310080319678,10439.707386452334,13778.999999999998,18726.423787313433,107826.03104415581,135716.19602388033,barefoot,online,ohare_filtered_vid_384_sr_20.0,ca3a2617e6a946de8793cdbc29dd67e2,384,native,,
17.0,0.26716498226878843,0.5723512148033926,4.357182750362639,317.9296875,345.375,351.4743252301609,136.0858113762136,600.5239933811362,332.04754550468846,6326.537854142896,2449.5446047718447,graphhopper,offline,ohare_filtered_vid_384_sr_20.0,282e2189fb1d4ddbbf4e443c75583b1b,384,batches,5.0,50.0
17.0,0.27591057012205805,0.6754522910025706,4.547518112582649,318.34765625,360.01171875,287.81318173181967,73.96824389081848,434.48687350835326,186.2,5180.637271172754,1331.4283900347327,graphhopper,offline,ohare_filtered_vid_384_sr_20.0,6edbf203f1ee44f2874a606744012c58,384,batches,10.0,50.0
17.0,0.24940273672954755,0.5399754999999999,3.9499605733923926,304.62479440789474,323.6640625,141.46061518291506,5.352808777618468,292.5441022661243,12.366666666666667,2546.291073292471,96.35055799713243,graphhopper,offline,ohare_filtered_vid_384_sr_20.0,5ae2811212b041feafa0b4aa49df6094,384,batches,30.0,50.0
11.0,0.0006185187060568041,0.0009573093971631204,0.006610779896410463,3.5747767857142856,4.44921875,368.57248810231744,461.6334358691736,529.7153662039253,687.2603638104357,4422.869857227809,5539.601230430083,osrm,offline,ohare_filtered_vid_384_sr_20.0,f16bd59c326c4a0082a86e49f2ff5b58,384,batches,5.0,
11.0,0.00048186911395876295,0.0007433026789284284,0.005089623147409461,2.9584263392857144,3.77734375,302.7562765326323,356.3130350718421,440.32701586032255,664.975,3633.075318391587,4275.756420862105,osrm,offline,ohare_filtered_vid_384_sr_20.0,39a0495b0104493990f5fd3ddcc220cb,384,batches,10.0,
12.0,0.0005574488833018007,0.0013982113259668508,0.00627680095253667,2.1841517857142856,2.20703125,198.3516539081193,7.61784096159881,300.9050195128516,12.243181297272518,2578.571500805551,99.03193250078452,osrm,offline,ohare_filtered_vid_384_sr_20.0,9744f06aa98d42e4bc3c3a12794cf9fa,384,batches,30.0,
23.0,1.1133576643053489,2.7596855524079316,25.405033960811735,1447.8562825520833,1486.9453125,3307.742411975459,3292.3074488509433,6809.990324141267,7224.333561175667,79385.81788741102,79015.37877242264,graphium,online,ohare_filtered_vid_619_sr_1.0,01e4f29d636e41478c336ed44451c273,619,native,5.0,
23.0,1.1651228343310212,2.490311021034181,26.7423121084209,1443.27001953125,1477.27734375,1925.9797331752623,1795.467773831948,4247.515330936773,4248.043983928949,46223.51359620629,43091.226571966756,graphium,online,ohare_filtered_vid_619_sr_1.0,ac65873229b045e3b6450214f13b03a2,619,native,10.0,
22.0,1.1126662051540983,2.7193077579897538,24.228653137213094,1450.5793138586957,1477.765625,1703.5866569734255,1289.699354738042,3587.195600942655,2903.770620581304,39182.49311038879,29663.085158974965,graphium,online,ohare_filtered_vid_619_sr_1.0,e5b97b5576574207b22d523a8f44a8c9,619,native,30.0,
16.0,0.42734492442095817,0.6316201978284474,6.880096763719073,275.66221217105266,372.62890625,18216.663017485585,1288070.6165686317,26621.967861020632,2439923.780854907,309683.27129725495,21897200.48166674,barefoot,online,ohare_filtered_vid_619_sr_1.0,dea625a9fa9c49439f81d03fe7995c19,619,native,,
22.0,0.29549756246398806,0.8516126252557042,6.2656094388747166,351.38330078125,385.10546875,5727.81796514164,3454.274601685993,10941.396810053166,6732.841952634122,131739.81319825773,79448.31583877784,graphhopper,offline,ohare_filtered_vid_619_sr_1.0,5823a5b273554d3ba4301e272e001212,619,batches,5.0,50.0
22.0,0.28156412652695983,0.784715258282675,5.997208208068405,345.1552734375,403.95703125,3875.9657985993977,1597.710650594454,8212.928202721727,3517.7714333971403,89147.21336778614,36747.34496367244,graphhopper,offline,ohare_filtered_vid_619_sr_1.0,d508fe1fb3524cb480b9e4931d497470,619,batches,10.0,50.0
21.0,0.27828815448160094,0.6333135414595028,5.567448409463145,361.78872282608694,406.04296875,3235.2162190800327,601.2169217975862,6629.6433878157495,1257.553244180287,71174.75681976072,13226.772279546898,graphhopper,offline,ohare_filtered_vid_619_sr_1.0,3d012b5a26254687b7ee2acf021d6bad,619,batches,30.0,50.0
16.0,0.002606771900159982,0.004100229826353423,0.04211468452494191,15.944444444444445,20.86328125,2335.9443158387553,4685.0540975353,3811.1443978430193,7589.694427801078,39711.05336925884,79645.91965810009,osrm,offline,ohare_filtered_vid_619_sr_1.0,916fb79ee54842f8857b98b9e73bfd66,619,batches,10.0,
16.0,0.0016263618651181488,0.00239230577689243,0.026713856626363365,11.430121527777779,17.08984375,1358.0410539667964,3153.759437286112,2182.7090052096255,5394.319027536591,23086.69791743554,53613.91043386391,osrm,offline,ohare_filtered_vid_619_sr_1.0,718979c9009848d9ae2557530fd9e8f2,619,batches,30.0,
23.0,1.0815462383066443,2.585503907267517,24.675541933681387,1451.4020182291667,1493.46484375,742.4211603062405,813.4655934552521,1942.778984821056,2453.404575619979,17818.107847349773,19523.174242926052,graphium,online,ohare_filtered_vid_619_sr_5.0,c7fef16112b240fd9d3cf3e5eb2795f9,619,native,5.0,
23.0,1.1088802508583886,2.7802100445324096,25.31462174121844,1446.8860677083333,1480.65234375,410.74188554024266,790.3571991505318,987.9912663755458,2285.061790393014,9857.805252965823,18968.57277961276,graphium,online,ohare_filtered_vid_619_sr_5.0,718f6d9b521b46c1bce768d4b72280e6,619,native,10.0,
22.0,1.1196067945169168,2.652687099073414,24.459816710114826,1449.3709239130435,1491.40625,398.44024960364004,777.660126465614,972.6272352132049,2268.219325997249,9164.125740883721,17886.18290870912,graphium,online,ohare_filtered_vid_619_sr_5.0,e8f2b871a9954c7f935c66f40aaa8845,619,native,30.0,
15.0,0.18446581063924394,0.2988108946594694,2.756779507453034,181.94053819444446,227.015625,8241.721991291934,75044.29350125219,16408.765759162303,131314.72081218273,131867.55186067094,1200708.696020035,barefoot,online,ohare_filtered_vid_619_sr_5.0,bd763f02d9ee418b83b8ef8b4149c2f4,619,native,,
22.0,0.2772928523842692,0.7737903376060321,5.955975804461189,352.6678059895833,401.30078125,1165.9203660075618,648.8727675101536,2434.326936164421,1519.531781679597,26816.168418173922,14924.073652733532,graphhopper,offline,ohare_filtered_vid_619_sr_5.0,1e716b2198df4e2aac60bcd1a7304da2,619,batches,5.0,50.0
21.0,0.24991408281231278,0.618437399688716,4.879672422182165,349.9977921195652,388.1796875,924.2425231082525,354.05434487753865,1877.0230661399264,820.6958073148976,20333.335508381555,7789.1955873058505,graphhopper,offline,ohare_filtered_vid_619_sr_5.0,3e111e5a25864cc9874978d13b268d07,619,batches,10.0,50.0
21.0,0.25715864246346487,0.5936195917715393,5.063870542424688,344.93291440217394,373.1875,718.7367956573436,139.0748099074868,1699.1239048811015,363.4875,15812.20950446156,3059.6458179647097,graphhopper,offline,ohare_filtered_vid_619_sr_5.0,f93906ce9219474e93b3d05042c3e712,619,batches,30.0,50.0
15.0,0.001263008214171586,0.002017867191896455,0.018865553110418844,8.108940972222221,11.42578125,964.7903587619173,1711.9948525255445,1424.8828735033837,2681.2077043206664,15436.645740190677,27391.917640408712,osrm,offline,ohare_filtered_vid_619_sr_5.0,9ac7581ee16b41a994532c2375f44ed3,619,batches,5.0,
15.0,0.0010295647516091427,0.0014790132547864503,0.015333800207185281,6.237630208333333,9.15625,657.7616628006795,1276.0068761521516,965.0851532809727,1986.6138019717107,10524.186604810871,20416.110018434425,osrm,offline,ohare_filtered_vid_619_sr_5.0,75a3d206a3374e6c94fef82392f3d47b,619,batches,10.0,
16.0,0.0006557156459494527,0.001146771993670886,0.01035909651911538,4.034505208333333,5.78125,379.41232165921815,776.6846574925253,608.9406942487511,1797.9855258101704,6450.009468206708,13203.63917737293,osrm,offline,ohare_filtered_vid_619_sr_5.0,3a69670346f54dc5bdd0c54987e561ec,619,batches,30.0,
22.0,1.1506438109242878,2.8453253653562935,25.08320604991091,1456.788722826087,1498.265625,241.78429299745108,651.6617189660284,628.7134465388366,2291.6,5561.0387389413745,14988.219536218652,graphium,online,ohare_filtered_vid_619_sr_10.0,d2f8bfc65c9041989eb9be50361ddfe5,619,native,5.0,
22.0,1.1295500652325081,2.5732178949691087,24.665657160351458,1453.4660326086957,1477.94921875,227.39548538708462,621.8218354988755,478.6102300538424,2139.6666666666665,5230.0961639029465,14301.902216474136,graphium,online,ohare_filtered_vid_619_sr_10.0,f7768b1c286d4f9580db3d89eb636e22,619,native,10.0,
23.0,1.0919704730322384,2.695645540179091,24.913014059612518,1442.4469401041667,1474.58984375,232.00673022623835,625.0690063331166,616.6653952843274,2291.6,5568.16152542972,15001.656151994797,graphium,online,ohare_filtered_vid_619_sr_10.0,53794cb762e442cf9d1151ead43a5007,619,native,30.0,
15.0,0.14315929240319913,0.2448418728866381,2.0873223609654126,156.70876736111111,206.359375,6984.756238969659,25285.321477435256,14331.910708742887,44515.05986137366,111756.09982351454,404565.1436389641,barefoot,online,ohare_filtered_vid_619_sr_10.0,2696c90869704d36bc419c0f2e3c3a5e,619,native,,
21.0,0.27837836542605915,0.6800049315576143,5.67872385593381,360.4220448369565,401.96875,739.8169836639225,391.8980733151191,1294.9612403100773,821.0594315245478,16275.973640606295,8621.75761293262,graphhopper,offline,ohare_filtered_vid_619_sr_10.0,e48d7765eaea46e49dd02fb7523a20c3,619,batches,5.0,50.0
21.0,0.25369618758922,0.797740504524887,5.076510614896476,335.50730298913044,378.984375,518.2841017256883,188.5869289524302,1039.842025786967,480.1594377976537,11402.250237965143,4148.912436953465,graphhopper,offline,ohare_filtered_vid_619_sr_10.0,663474c4bb4846afb0530ce3da67b38b,619,batches,10.0,50.0
21.0,0.2541278493704086,0.7253461978708792,5.149024111904483,344.5755774456522,373.44921875,399.99081865882494,71.27029467594181,1035.5999999999997,232.725,8799.798010494149,1567.9464828707198,graphhopper,offline,ohare_filtered_vid_619_sr_10.0,f67ac3f552b841219ee3ab0abc2ae962,619,batches,30.0,50.0
16.0,0.0008228920759793566,0.0011954670823839787,0.013065445122459392,5.225043402777778,7.203125,502.1338008072349,826.7839687949349,840.1405104408352,1404.688609992896,8536.274613722993,14055.327469513893,osrm,offline,ohare_filtered_vid_619_sr_10.0,2709b44665b24e8aabe42040bf129693,619,batches,5.0,
16.0,0.0006435125733718484,0.0011638713815789467,0.010154214076268793,4.526258680555555,6.19140625,353.2662843392723,632.1630812131315,592.5792894519417,1189.9497223129697,6005.52683376763,10746.772380623235,osrm,offline,ohare_filtered_vid_619_sr_10.0,539370e3d3cf4d95b41f7ddce13442aa,619,batches,10.0,
15.0,0.0005538025635372316,0.001188072174969623,0.007672768841626081,2.9351128472222223,4.46875,290.4145058130383,501.8889775034054,467.3648577171269,1230.6000000000001,4646.632093008613,8030.223640054486,osrm,offline,ohare_filtered_vid_619_sr_10.0,418d37d8681f44eab9f90fbb783def78,619,batches,30.0,
22.0,1.0862979144443823,2.8391775507986527,23.6717604311075,1448.280910326087,1482.4375,90.12714428583847,2.453269109987987,294.93254698120745,11.538310412573672,2072.924318574285,56.425189529723696,graphium,online,ohare_filtered_vid_619_sr_20.0,f0e1384da3ce4a7cb45bd56a12da347c,619,native,5.0,
22.0,1.026982052136279,2.728792162423749,22.22927095440553,1450.0643682065217,1475.43359375,97.60760243518476,2.182900388823142,289.5145981772991,11.433944769199758,2244.9748560092494,50.206708942932266,graphium,online,ohare_filtered_vid_619_sr_20.0,bcd77822b7ad476d9357b3dd674da695,619,native,10.0,
22.0,1.1169907656351628,2.5994130254424777,24.438331520257993,1452.03515625,1474.234375,92.23410523778968,2.375450256681759,305.9517586318167,10.774172313649563,2121.3844204691627,54.63535590368045,graphium,online,ohare_filtered_vid_619_sr_20.0,0ae6ac1c64b74f66ab184d20c4a48f4e,619,native,30.0,
15.0,0.1254476012278521,0.19657211324911872,1.8273919088105746,127.6953125,189.4296875,6441.155933701124,10264.324782933323,14081.165286404415,19517.319366742056,103058.49493921798,164229.19652693317,barefoot,online,ohare_filtered_vid_619_sr_20.0,2250fa662f494f95bd70482764fa50c5,619,native,,
20.0,0.24663950319873487,0.8341252948148148,4.605935630383309,311.8997961956522,354.0390625,410.29268754459235,187.8310837441423,699.0634993147556,453.8602101416172,8616.146438436439,3944.4527586269883,graphhopper,offline,ohare_filtered_vid_619_sr_20.0,55a899079c994bf881d35d0eb8c6c561,619,batches,5.0,50.0
21.0,0.23355732936937237,0.6394096456609486,4.705334597437999,342.0958658854167,414.3671875,263.48962160939203,72.60044293025484,410.6268656716417,175.89942942197965,5796.771675406624,1597.2097444656065,graphhopper,offline,ohare_filtered_vid_619_sr_20.0,e859ded4b11648578e14084af9c72136,619,batches,10.0,50.0
21.0,0.21732336220210915,0.6212293000000001,4.192358896062061,327.62466032608694,353.90234375,127.37986581889331,4.343439882120748,294.0446813046259,13.2916,2802.3570480156527,95.55567740665646,graphhopper,offline,ohare_filtered_vid_619_sr_20.0,e8e087c27ebf484fb3c40b00cba4a6d4,619,batches,30.0,50.0
16.0,0.0006100601424673829,0.0010186656362329261,0.009447343873454821,4.163411458333333,5.546875,320.0473645017017,450.34786381773046,537.0696154812767,926.5882867132868,5440.805196528929,7655.913684901418,osrm,offline,ohare_filtered_vid_619_sr_20.0,241c6391693d40f7ad9f946361d4122c,619,batches,5.0,
15.0,0.0005739650476695147,0.0012343298887122422,0.007949110873999993,3.078342013888889,3.71484375,230.2796178347278,273.0956045516043,418.6866962558324,597.8499999999999,3684.4738853556446,4369.529672825669,osrm,offline,ohare_filtered_vid_619_sr_20.0,8a1dc27d8da545fd866e18a3eca32123,619,batches,10.0,
15.0,0.0003984117315059539,0.0011868479262672816,0.0054895830958003305,2.123263888888889,2.2109375,165.55662976444856,6.0488453205074695,320.19288464500227,13.909439200444195,2648.906076231177,96.78152512811951,osrm,offline,ohare_filtered_vid_619_sr_20.0,9fbf54b7a3ab4e4db573d1b08bd0d2ab,619,batches,30.0,
21.0,1.4497758204716729,2.7045022691033975,30.542748976247186,1448.7056107954545,1498.4375,11923.180533040051,2665.440204321598,30291.5150928382,7480.833230617528,262309.9717268811,58639.68449507515,graphium,online,ohare_filtered_vid_803_sr_1.0,e5cf537252ca487dabb7ae8634cd3301,803,native,5.0,
20.0,1.481953162226164,2.781163291735343,29.792848095957446,1450.9613095238096,1494.3046875,11475.603907144514,1616.4314395191277,29491.979345828742,4171.764277839031,240987.68205003478,33945.06022990168,graphium,online,ohare_filtered_vid_803_sr_1.0,0c38d2a3e7c84cb9b4935a57af21ae85,803,native,10.0,
20.0,1.4498656169561788,2.65118545244624,29.067022121128044,1440.9925595238096,1472.609375,10683.74285373616,1193.5395317445345,26897.325744759106,2931.465531914894,224358.59992845933,25064.330166635227,graphium,online,ohare_filtered_vid_803_sr_1.0,c154631ce2044963bae2833ccddafee9,803,native,30.0,
13.0,0.5341032210591691,0.7853895972830849,7.2769397510017875,345.15651041666666,544.9453125,18146.489216021782,1295647.8359824219,25994.75013146363,2534775.0441149212,254050.84902430497,18139069.703753907,barefoot,online,ohare_filtered_vid_803_sr_1.0,f4f917a404994a96bf11775e4ea64e04,803,native,,
18.0,0.30103077656980826,0.6457969656470587,5.073787789179299,342.6084449404762,391.8984375,4795.037906927309,2859.4710076244064,10229.497354497355,6271.104761904763,91105.72023161888,54329.94914486372,graphhopper,offline,ohare_filtered_vid_803_sr_1.0,b965c07df3fe4f9b87032b0feef25c3c,803,batches,5.0,50.0
19.0,0.28448816408234495,0.5778816500000001,5.167595945885928,327.07403273809524,354.45703125,3279.766236149728,1318.1077988164175,7435.0394078251675,3033.5502996122664,65595.32472299456,26362.15597632835,graphhopper,offline,ohare_filtered_vid_803_sr_1.0,3268accbe144401d94dc0c25dd702fc0,803,batches,10.0,50.0
18.0,0.2889458508143634,0.6676730805235601,5.040575153012173,334.0747767857143,390.5390625,2573.830415023822,478.5928516531746,5446.114211886305,1023.3338501291992,48902.77788545261,9093.264181410317,graphhopper,offline,ohare_filtered_vid_803_sr_1.0,4408ebac20ca4450a58ca008861fef28,803,batches,30.0,50.0
13.0,0.0035357650613519055,0.005384987620976818,0.04784016818338189,14.784114583333333,20.1953125,3440.162292648951,6218.163671501904,5632.830306099482,10241.872124690526,48162.27209708531,87054.29140102665,osrm,offline,ohare_filtered_vid_803_sr_1.0,ee8c2bdbc33f4f0ab86e084fb7c03acb,803,batches,5.0,
13.0,0.002664968673452236,0.004025469513763829,0.035803788871569216,12.7328125,18.40625,2244.0483258551535,4542.523896728303,3903.728231542801,8049.810497915135,31416.67656197215,63595.33455419625,osrm,offline,ohare_filtered_vid_803_sr_1.0,6e8aa597f4cf4c518264f953b86a23bb,803,batches,10.0,
12.0,0.0015582352647942872,0.0022854289071680372,0.018709082295536743,8.972916666666666,12.45703125,1304.816654977347,3013.4270717653662,1965.391010575793,4556.053113983549,16962.61651470551,39174.55193294976,osrm,offline,ohare_filtered_vid_803_sr_1.0,11cc08d8ed5e4552afe5c7f382933081,803,batches,30.0,
19.0,1.265508246663385,2.8447014569203715,24.032528905761662,1445.4470703125,1509.74609375,399.50376765853537,606.6031759368994,982.3000000000002,1651.3496879875195,7990.075353170707,12132.063518737988,graphium,online,ohare_filtered_vid_803_sr_5.0,08cc355604b84b67ba616b5d0f3e1354,803,native,5.0,
19.0,1.316219100296298,2.8625342942942944,25.106968914833008,1443.8681640625,1488.32421875,386.0525708008129,538.4810463326746,874.8330714972747,1453.1,7721.0514160162575,10769.620926653492,graphium,online,ohare_filtered_vid_803_sr_5.0,e3941695045e46c6b8e8aa89f5c0c4ea,803,native,10.0,
19.0,1.2385413017544906,2.762348470131132,23.393355612818006,1443.5560546875,1471.78125,277.49213753750087,264.2921400381162,482.37404236142396,695.1264199340418,5549.842750750017,5285.842800762324,graphium,online,ohare_filtered_vid_803_sr_5.0,d6adb78a83be4e0297206467be2d666e,803,native,30.0,
12.0,0.18988101785180728,0.2719079409304047,2.2853561660201365,171.06808035714286,224.5546875,10071.50243114069,69124.83797152634,16414.1986200552,126523.88484162895,130929.53160482897,898622.8936298426,barefoot,online,ohare_filtered_vid_803_sr_5.0,2fc4e098bc5349ceae457367d9ff84b7,803,native,,
17.0,0.28231705057745365,0.5674496111702128,4.606276904574625,339.729296875,391.01171875,1084.5085936364196,576.5733079015544,2198.349113862588,1320.522505462491,19521.154685455553,10378.319542227979,graphhopper,offline,ohare_filtered_vid_803_sr_5.0,7ba028607cac4d09bbf43492b3fc89ef,803,batches,5.0,50.0
17.0,0.26516114894410897,0.7694925302024745,4.231548926944468,304.41015625,346.9375,773.2392208360033,276.24441710230934,1429.2122425566786,583.5145607562832,13918.305975048059,4972.399507841568,graphhopper,offline,ohare_filtered_vid_803_sr_5.0,68182db9e12b42c39c96b7aa9eb98111,803,batches,10.0,50.0
17.0,0.2819377938617209,0.6872476533071382,4.387632636203838,340.2404296875,395.4140625,539.6268057001894,84.19323275560977,1120.925,192.475,9713.28250260341,1515.4781896009758,graphhopper,offline,ohare_filtered_vid_803_sr_5.0,11cac0608ca448658ea671748fe5993e,803,batches,30.0,50.0
13.0,0.0011587295944246532,0.0018396042182007555,0.015213315210687741,6.0265625,7.609375,789.2757454187725,1289.01137860928,1213.9795599531312,1988.0090743392786,11049.860435862816,18046.15930052992,osrm,offline,ohare_filtered_vid_803_sr_5.0,a2e2694c50274ce68b5d3496909d5fb6,803,batches,5.0,
12.0,0.0009926426562837346,0.0015322354142729474,0.011693503929278912,5.143229166666667,6.89453125,578.5794933200735,1023.3062000479068,870.4747095621092,1554.9836078130986,7521.533413160956,13302.980600622788,osrm,offline,ohare_filtered_vid_803_sr_5.0,18ba6afa22ea4c91a71f2438e38b9a74,803,batches,10.0,
12.0,0.0006962313992218305,0.0011045936316695355,0.00794641455821426,3.072395833333333,4.0078125,361.0100362370219,526.4435770642384,556.6840612449798,917.975,4693.130471081285,6843.7665018351,osrm,offline,ohare_filtered_vid_803_sr_5.0,1a80dd16bfe944bab3fa6bcce7b22f94,803,batches,30.0,
19.0,1.156485900364634,2.5659900943945924,21.848722650093396,1456.7150390625,1487.55078125,101.64010220879098,3.0044642987403924,310.12,11.235955056179774,2032.8020441758197,60.08928597480785,graphium,online,ohare_filtered_vid_803_sr_10.0,87d83d5421ec4021a015897c58b65e11,803,native,5.0,
19.0,1.226265728627692,2.5124169863013694,23.234035140374708,1449.2947265625,1473.3203125,109.7518540677896,3.14603462779674,309.2680826822917,11.775900277008313,2195.037081355792,62.9206925559348,graphium,online,ohare_filtered_vid_803_sr_10.0,16bd37a2dfdb457eac87353817ef1606,803,native,10.0,
19.0,1.2094564115459752,2.6067820345188286,22.993249929328595,1448.908203125,1479.4765625,117.11658986097363,3.1279962239837475,307.0655013799448,11.059418939522278,2342.3317972194727,62.55992447967495,graphium,online,ohare_filtered_vid_803_sr_10.0,0fd4f30c071f470bb241195a63f7d04e,803,native,30.0,
12.0,0.16986664624133602,0.25565638287418346,2.0269646267042174,146.18828125,216.21484375,8177.772871422463,24890.983312773446,16012.712900703675,44819.944598337956,106311.04732849202,323582.7830660548,barefoot,online,ohare_filtered_vid_803_sr_10.0,7fdbf44f9163429285c1288cd6939747,803,native,,
18.0,0.2778141698047854,0.6641850170923378,4.875546291713319,346.946484375,384.52734375,575.3305792947968,269.1595958398049,1129.3579216583657,639.7171361176635,10931.28100660114,5114.032320956293,graphhopper,offline,ohare_filtered_vid_803_sr_10.0,abaa0eec8cc9472b8b95dbbb4166f079,803,batches,5.0,50.0
18.0,0.2698199342328498,0.6870341825775658,4.689947670471878,344.402734375,382.37890625,462.3684360714212,150.31003229026783,788.3936740295386,361.84999999999997,8785.000285357002,2855.8906135150887,graphhopper,offline,ohare_filtered_vid_803_sr_10.0,67ddf22da22546269ed8fbb44fa81677,803,batches,10.0,50.0
17.0,0.2519783767756831,0.6810442384948094,3.8545665434674863,302.0719572368421,320.3046875,152.05961523873964,5.390644199123544,298.5220081135903,12.678241996744438,2737.0730742973133,97.0315955842238,graphhopper,offline,ohare_filtered_vid_803_sr_10.0,bfbec4e4e85e4a21bbd441a5507f8e04,803,batches,30.0,50.0
12.0,0.0007384953505355662,0.001107470425747592,0.008758199744494037,4.61484375,5.9609375,488.5587996912428,767.6688827444755,755.8782432432432,1193.9158599508598,6351.264395986157,9979.695475678182,osrm,offline,ohare_filtered_vid_803_sr_10.0,6c9981ce1a4c4f419bb83167224be038,803,batches,5.0,
12.0,0.0006935751097668063,0.0011480526530058353,0.00803505743696322,3.801041666666667,5.06640625,383.7387367421929,619.8401644031962,594.5055095671055,1003.2005563848555,4988.603577648508,8057.922137241551,osrm,offline,ohare_filtered_vid_803_sr_10.0,8f15ea98a4514328966c021c703bc14a,803,batches,10.0,
12.0,0.0005772713579884543,0.0010571596153846152,0.00644736803846529,2.1417410714285716,2.1953125,201.0010726317943,7.418302881388291,309.80940132370637,12.241454545454546,2613.013944213326,96.43793745804778,osrm,offline,ohare_filtered_vid_803_sr_10.0,8aafcf9acb4b40c79dc33a13161c9ad2,803,batches,30.0,
19.0,1.2744313356321118,2.799298934911242,23.993459941250705,1453.8630859375,1503.59765625,111.85874562880278,3.364126040722892,306.5857937526744,14.950475367329297,2237.1749125760557,67.28252081445784,graphium,online,ohare_filtered_vid_803_sr_20.0,ef567f453e4944ada3ffbebd13b815dd,803,native,5.0,
18.0,1.2072245760639753,2.5777841095249245,21.529874170094033,1455.6846217105262,1491.796875,109.3358250011899,2.890297223097823,298.3583654092892,10.77752117013087,2077.380675022608,54.91564723885864,graphium,online,ohare_filtered_vid_803_sr_20.0,254ac087b3eb42bcbb7fad4855711a21,803,native,10.0,
19.0,1.245797284510506,2.907296669534226,23.607703114012164,1453.44921875,1503.7578125,104.7646132852296,2.7761894721946474,284.9191370412844,10.5,2095.292265704592,55.52378944389295,graphium,online,ohare_filtered_vid_803_sr_20.0,f1ab6b9f5d924631bceeda7f12248f43,803,native,30.0,
11.0,0.16068122273497754,0.24690429510825043,1.7620021228197305,110.62890625,162.59375,7891.487243106986,10096.539730118759,14144.079807692306,16644.428526341348,94697.84691728384,121158.4767614251,barefoot,online,ohare_filtered_vid_803_sr_20.0,2656852e8d5b469a80ccb9878b78e002,803,native,,
17.0,0.25062135975051025,0.7299681769784175,4.008862507717264,298.1291015625,343.03515625,341.9150364727923,140.09986052515532,527.2958538363404,319.72499999999997,6154.470656510261,2521.7974894527956,graphhopper,offline,ohare_filtered_vid_803_sr_20.0,d9a1261296b1464daf3269b43ff2e25e,803,batches,5.0,50.0
17.0,0.2693195239561975,0.8398467521505377,4.250880963409882,316.9275390625,362.3671875,285.3593529967419,76.36565727945083,395.7146326276463,194.48333333333335,5136.4683539413545,1374.581831030115,graphhopper,offline,ohare_filtered_vid_803_sr_20.0,3b797cec6ac945de9d4a7528c4c0c001,803,batches,10.0,50.0
17.0,0.23267443454694303,0.5952888821543407,3.592850939690634,322.1197265625,367.16015625,146.65427366686794,5.317767738365248,301.1667518028847,14.292220520673812,2639.776926003623,95.71981929057446,graphhopper,offline,ohare_filtered_vid_803_sr_20.0,b8e65825429e4637a86ae05cd2d9e57a,803,batches,30.0,50.0
12.0,0.0006690142052976279,0.0011272516574585634,0.007851851645262933,3.3091145833333333,4.20703125,329.5874695912878,380.79865201688784,485.6620910623946,668.0428736964079,4284.637104686742,4950.382476219542,osrm,offline,ohare_filtered_vid_803_sr_20.0,dda98075ea2b4958a7aefd8ea1339711,803,batches,5.0,
12.0,0.0005774267735624583,0.001037725,0.006468823056311957,2.8640625,3.63671875,298.2723571222375,346.0212103328234,444.6829335161069,603.475,3877.5406425890874,4498.275734326704,osrm,offline,ohare_filtered_vid_803_sr_20.0,bd793251d781412981d0473aa85a5457,803,batches,10.0,
12.0,0.00048432566000911466,0.0009605110949963745,0.005335722485122116,2.158482142857143,2.21875,195.4182787213946,7.354453682882468,282.1281141868512,11.776436303080766,2540.43762337813,95.60789787747208,osrm,offline,ohare_filtered_vid_803_sr_20.0,598a43f71b154ad188ae6d2d3e391d00,803,batches,30.0,
19.0,1.3445542552870307,2.855472969606378,25.61886942900191,1445.6048828125,1486.796875,1540.4682600144893,1602.9573099948539,3578.0533799220534,3869.4909833197244,30809.365200289783,32059.146199897077,graphium,online,ohare_filtered_vid_1077_sr_1.0,d0f3ce116e5f4be4901491a8d082c00e,1077,native,10.0,
19.0,1.2959298380259352,2.8014042605895466,24.608036144829175,1449.3931640625,1493.90625,1357.31453981415,1157.3463396468346,3146.688624867663,2956.1497000352897,27146.290796283,23146.92679293669,graphium,online,ohare_filtered_vid_1077_sr_1.0,fdb4ad83523b497cabc9b48ec7d30988,1077,native,30.0,
13.0,0.46237535578497846,0.6924742424964937,6.140598407371159,234.48567708333334,292.47265625,17911.80283634946,818017.8796556601,27339.233754090692,1531682.846027684,250765.23970889242,11452250.315179242,barefoot,online,ohare_filtered_vid_1077_sr_1.0,e2e23d28016d4229876932f78354de66,1077,native,,
17.0,0.32950370371138155,0.6257442436554133,5.328614645218965,334.7693359375,390.79296875,4595.30744528258,2724.6618342563656,9964.316146341464,6007.19443902439,82715.53401508645,49043.913016614584,graphhopper,offline,ohare_filtered_vid_1077_sr_1.0,769daacf56594c6a95e33020ea29f0ba,1077,batches,5.0,50.0
17.0,0.3448644061998095,0.8374275020974707,5.622835017395461,343.930078125,423.5,3399.8247671898425,1373.627163866484,7170.425185838478,2931.644815421444,61196.845809417166,24725.28894959671,graphhopper,offline,ohare_filtered_vid_1077_sr_1.0,83c9bd6a29be48c3a0c36ecc047598a5,1077,batches,10.0,50.0
17.0,0.3103792830145694,0.7643206967817436,5.06473471813586,336.098828125,395.13671875,2649.7110531712624,498.7857220025041,5606.544754491018,1079.3958083832333,47694.79895708273,8978.142996045073,graphhopper,offline,ohare_filtered_vid_1077_sr_1.0,d1f2649305db4fffb3295c091dd41959,1077,batches,30.0,50.0
12.0,0.0037937824160225895,0.005548728569784835,0.04712691147451883,12.85625,17.703125,3654.722648788016,6611.6762904923835,5911.090043644299,10687.090616475725,47511.39443424421,85951.79177640099,osrm,offline,ohare_filtered_vid_1077_sr_1.0,14bd2ff8348142afaa91db90937d3816,1077,batches,5.0,
13.0,0.002401403477948728,0.003783542246982359,0.03254161681395877,13.398697916666666,18.80078125,2073.6284494632414,4152.277193116453,3408.6799999999994,6839.43,29030.798292485382,58131.88070363035,osrm,offline,ohare_filtered_vid_1077_sr_1.0,04682a65fe8540099bd895fb53ca535a,1077,batches,10.0,
12.0,0.0016490229649215452,0.0023146794487717195,0.01995864414658595,9.548958333333333,13.80078125,1304.7479922410846,3034.0171010988774,1975.5022887956864,4592.743199520671,16961.7238991341,39442.222314285405,osrm,offline,ohare_filtered_vid_1077_sr_1.0,5b4f3151aaf24c21a54c1d1511f3f36d,1077,batches,30.0,
19.0,1.3383435832631516,2.651727389023922,25.390013901970534,1447.4494140625,1475.44140625,548.5923045850197,922.4857457963724,1369.874685636272,2467.3833333333337,10971.846091700394,18449.71491592745,graphium,online,ohare_filtered_vid_1077_sr_5.0,a86e6def22254e2aa3a05b7b797f0b9e,1077,native,5.0,
19.0,1.2727082200788746,2.529019640227704,24.206676868832773,1450.3443359375,1488.83203125,338.173835178112,639.5116351640075,673.0863200114597,1774.5,6763.476703562239,12790.232703280151,graphium,online,ohare_filtered_vid_1077_sr_5.0,9bf5413b28a0406f85caf4c4795e96d2,1077,native,10.0,
19.0,1.2486094771570198,2.6499987559375704,23.72685065690699,1445.631640625,1482.9140625,297.5730265693349,505.95729220587583,548.1117689530686,1369.3500000000001,5951.460531386698,10119.145844117516,graphium,online,ohare_filtered_vid_1077_sr_5.0,a349def7df6645b0bc822aa5bf435bf3,1077,native,30.0,
13.0,0.20201101719256445,0.3045661093289689,2.676287866075329,179.684375,229.10546875,9555.480961372905,48121.18818127928,18454.422006745364,93505.90219224284,133776.73345922068,673696.6345379099,barefoot,online,ohare_filtered_vid_1077_sr_5.0,dd7b45621fd44f3183edead0bc6f2e33,1077,native,,
18.0,0.3091561318905012,0.6171701369685767,5.256796368950945,355.953125,409.19140625,980.1838415605108,535.5592158540768,1868.889226047505,1151.5249999999999,18623.492989649705,10175.625101227459,graphhopper,offline,ohare_filtered_vid_1077_sr_5.0,8457cb27e79f44daadf3d4b1644fdf52,1077,batches,5.0,50.0
17.0,0.2878836477012516,0.6803398496434448,4.723481826532567,314.2216796875,380.09375,744.1884133304435,271.8902149308617,1490.318382861092,604.73,13395.391439947984,4894.02386875551,graphhopper,offline,ohare_filtered_vid_1077_sr_5.0,c2d0a6de4d0348418132833de5021a5b,1077,batches,10.0,50.0
17.0,0.28246634316144714,0.6722606094678646,4.412133567438184,329.08984375,383.66796875,506.888628037527,82.59895931639994,916.0655639097744,185.96666666666667,9123.995304675485,1486.781267695199,graphhopper,offline,ohare_filtered_vid_1077_sr_5.0,15c977f1a175476aa5372486cb821233,1077,batches,30.0,50.0
12.0,0.0012493656122184765,0.001980359612724758,0.01496927292811823,6.075055803571429,7.546875,813.8404186349151,1348.0374479364605,1296.382213001383,2166.75142461964,10579.925442253896,17524.486823173986,osrm,offline,ohare_filtered_vid_1077_sr_5.0,0fd2da2040d54a40bf4438e43cbafd9e,1077,batches,5.0,
12.0,0.0009520099974020314,0.001387854146510021,0.011325619480575195,5.038541666666666,6.796875,568.0090772360948,1038.3883915755005,863.7742501727712,1562.673821700069,7384.1180040692325,13499.049090481507,osrm,offline,ohare_filtered_vid_1077_sr_5.0,4c23d50e1bfb4ff79174be44bd8d619e,1077,batches,10.0,
12.0,0.0006713287492329257,0.0010125036585365852,0.00795429552220625,3.2823660714285716,4.18359375,371.88554341566544,605.3151941524674,562.4698708751793,1040.85,4834.512064403651,7869.097523982076,osrm,offline,ohare_filtered_vid_1077_sr_5.0,ac740e6e103b408fa8e16cacd211f124,1077,batches,30.0,
19.0,1.1625855119962099,2.730263575819672,21.993005406481142,1446.65703125,1498.734375,103.99042639193283,3.1930885483934093,299.0037359900374,11.2,2079.8085278386566,63.86177096786818,graphium,online,ohare_filtered_vid_1077_sr_10.0,7d86a772a68b4ca39e6109ca24294415,1077,native,5.0,
19.0,1.3171941254868391,2.8063677669302804,24.953330774224245,1459.9845703125,1506.2421875,116.41312265952396,3.1172907151461278,307.21840805846335,12.658621370728817,2328.2624531904794,62.345814302922555,graphium,online,ohare_filtered_vid_1077_sr_10.0,d19fe5a9b539488090858c26a71880b0,1077,native,10.0,
19.0,1.2617666242567585,2.63548531701891,23.978302089025433,1451.0166015625,1493.875,109.47709178014065,2.9991843052879537,264.43569553805776,11.432021587587137,2189.541835602813,59.98368610575908,graphium,online,ohare_filtered_vid_1077_sr_10.0,3e3eae57de7d4741824ea2943246c664,1077,native,30.0,
12.0,0.1655639931710022,0.25694167960965586,1.982698432159378,138.30572916666668,186.078125,8375.616558134381,17993.427489045916,16564.514518674383,30632.7729253112,108883.01525574696,233914.55735759693,barefoot,online,ohare_filtered_vid_1077_sr_10.0,ce754eda645642eaaa99ee0358124149,1077,native,,
18.0,0.31000324868941165,0.7545373759133966,5.420336527805182,350.504296875,394.38671875,554.2301480791051,266.69119426435054,1045.6268958543985,629.5480283114257,10530.372813502998,5067.132691022661,graphhopper,offline,ohare_filtered_vid_1077_sr_10.0,39b2969275b541b996aadf9494035b7c,1077,batches,5.0,50.0
18.0,0.2903853180005871,0.7052748878185208,5.0599393797986005,331.79140625,381.390625,484.0072118866592,160.79868375632358,833.2675352020002,339.21444926964074,9196.137025846525,3055.1749913701483,graphhopper,offline,ohare_filtered_vid_1077_sr_10.0,9499e2fac3d44d5e8ec514b89aabfb6d,1077,batches,10.0,50.0
17.0,0.23372590245719083,0.6952181760984183,3.511848068131017,290.13984375,325.76953125,148.6065169566622,5.396487347979675,292.99658914728684,14.298260869565217,2674.91730521992,97.13677226363414,graphhopper,offline,ohare_filtered_vid_1077_sr_10.0,0d4e85c6673349d7a50243e1a5ea3b42,1077,batches,30.0,50.0
12.0,0.0008496663471849531,0.0011670339356544737,0.009946538877040752,4.47421875,6.20703125,559.4054513817664,836.9649072583827,891.3711944693382,1391.6789399564718,7272.270867962963,10880.543794358975,osrm,offline,ohare_filtered_vid_1077_sr_10.0,478d7aa84cfc413b81b8cb21e8a17c79,1077,batches,5.0,
13.0,0.000343564993699637,0.0005273214068394791,0.004554958252043881,3.5794270833333335,4.6484375,360.42882129982297,499.1247702633902,595.9905074844835,917.4676159182184,5046.003498197521,6987.746783687463,osrm,offline,ohare_filtered_vid_1077_sr_10.0,4bc9e211fdb942e8b6c447ac038187cd,1077,batches,10.0,
12.0,0.0005557957014743085,0.0009831255395683458,0.0062819361736495515,2.1556919642857144,2.20703125,207.11501132958918,7.803349676145417,311.12311320754714,13.989928057553957,2692.495147284659,101.44354578989042,osrm,offline,ohare_filtered_vid_1077_sr_10.0,31cba1690d1d4781812110a8b7aaa080,1077,batches,30.0,
19.0,1.2255383727079718,2.4876734489659773,23.278872097119805,1452.169140625,1479.42578125,101.09000547084901,3.1459155426302496,294.0281172584641,12.236416184971098,2021.8001094169801,62.918310852604996,graphium,online,ohare_filtered_vid_1077_sr_20.0,508dc93ea4d34eb0a954c8fabbebf3d2,1077,native,5.0,
19.0,1.2030741321834661,2.779625867141839,22.662393237299895,1454.080078125,1489.046875,104.92316899776426,2.840728389811513,289.68250531848327,11.938343949044585,2098.4633799552853,56.814567796230264,graphium,online,ohare_filtered_vid_1077_sr_20.0,abc285a6c69145819d5df8299eda4e71,1077,native,10.0,
19.0,1.2151274131257674,2.6331280859072295,22.906425262586218,1443.251953125,1477.4375,104.54917884062768,2.9286530506000896,309.49252518687035,12.492841956059532,2090.9835768125536,58.573061012001794,graphium,online,ohare_filtered_vid_1077_sr_20.0,4875f45faf7a48dbbe3a06e833c354e1,1077,native,30.0,
12.0,0.14929236342689237,0.2242694948186528,1.797822418509332,117.76255580357143,166.328125,7732.092720147504,7450.777239385421,12440.679584585952,13981.01474833689,100517.20536191756,96860.10411201048,barefoot,online,ohare_filtered_vid_1077_sr_20.0,24cc99eddca6456ba3c8c7e7c43e3ddf,1077,native,,
18.0,0.29095374041251487,0.716307886746988,5.15304107729098,344.425,398.828125,356.18991667827004,146.87770427719389,573.2099241547756,328.6681523710806,6767.60841688713,2790.676381266684,graphhopper,offline,ohare_filtered_vid_1077_sr_20.0,c059582d172441378b8eaa3c8a845b85,1077,batches,5.0,50.0
17.0,0.27350474883089343,0.676605600140351,4.24647987881573,314.0306640625,368.31640625,315.596439739448,85.00108647706048,455.45367455864243,199.85000000000002,5680.735915310064,1530.0195565870886,graphhopper,offline,ohare_filtered_vid_1077_sr_20.0,66743102c79041a6a7526d8517cf3f7b,1077,batches,10.0,50.0
17.0,0.2154949644894646,0.5319612519602107,3.3481881608103623,281.0912109375,313.40625,143.2156545659155,5.27575922824811,305.5836271583024,13.316383850204797,2577.8817821864786,94.96366610846599,graphhopper,offline,ohare_filtered_vid_1077_sr_20.0,4067a1358e914266bcb284c014df6285,1077,batches,30.0,50.0
11.0,0.0008247180533487018,0.0012454067613805412,0.008718854644606755,3.6275111607142856,4.33203125,389.93276066086855,483.6995123264074,550.6586236612089,689.561319709467,4679.193127930423,5804.394147916889,osrm,offline,ohare_filtered_vid_1077_sr_20.0,0479fa42320b4ef6a26edf959dc10432,1077,batches,5.0,
12.0,0.0006737727758895812,0.001458608538587849,0.007300437547976706,2.788802083333333,3.66796875,281.2567402178502,312.2859724707874,435.9951397494148,612.5999999999999,3656.3376228320526,4059.7176421202357,osrm,offline,ohare_filtered_vid_1077_sr_20.0,d02ca82527eb4c81893dad5e8ba1680f,1077,batches,10.0,
13.0,0.0005072768186437875,0.0010535854748603352,0.006048289986152689,2.15234375,2.203125,184.11533773640343,7.034678142769363,287.02928870292885,13.810664605873264,2577.614728309648,98.48549399877108,osrm,offline,ohare_filtered_vid_1077_sr_20.0,f14e7f2663544826a7ca3590c3ba7ab1,1077,batches,30.0,
15.0,1.5451972600623782,2.6976610716591347,23.36846713947657,1447.351318359375,1499.5078125,1822.6001641398811,2124.072156484747,3860.9860323624603,4709.270265372169,29161.6026262381,33985.154503755955,graphium,online,ohare_filtered_vid_770_sr_1.0,9105b9f3a96b43fa9f3f6a8370734d55,770,native,5.0,
15.0,1.6303364465467358,2.4681305274374004,24.71547907349926,1434.77978515625,1477.30078125,895.357027053,921.8892175137404,1892.8333333333333,2098.1333333333337,14325.712432848,14750.227480219846,graphium,online,ohare_filtered_vid_770_sr_1.0,bc93c6d51f434736b339859854c60d89,770,native,10.0,
15.0,1.5760158296589628,2.592504566130773,23.80541826207751,1449.66748046875,1479.83203125,879.1965789244005,854.9423810494059,1839.2833333333335,1905.1134434266546,14067.145262790407,13679.078096790494,graphium,online,ohare_filtered_vid_770_sr_1.0,7cd64f1f525a43d2960058e3a68b166e,770,native,30.0,
8.0,0.48270245081736085,0.5459238752306023,3.9653474671361995,208.189453125,240.03125,18554.293452628663,286193.5483655185,20594.828855721393,391889.7492042871,166988.64107365796,2575741.9352896665,barefoot,online,ohare_filtered_vid_770_sr_1.0,10e2d67c45b341bb86b894b7bbd44844,770,native,,
14.0,0.3430591124765931,0.6546395220183486,4.701724229350733,302.79480698529414,351.65234375,2509.144037249752,1429.1659327141897,4602.424999999999,2719.95,37637.16055874628,21437.488990712845,graphhopper,offline,ohare_filtered_vid_770_sr_1.0,b96ba789bd874ca8882c310c7a21dbfa,770,batches,5.0,50.0
14.0,0.35929157507925535,0.8515379124478444,4.820089190792446,313.3798253676471,370.46875,2322.0139363456433,887.6949570156729,4303.916666666667,1753.9666666666667,34830.20904518465,13315.424355235094,graphhopper,offline,ohare_filtered_vid_770_sr_1.0,41619b3c04144ef88c631755ed3fcd52,770,batches,10.0,50.0
14.0,0.3688850567846501,0.6099409316841983,4.954279713734664,356.239501953125,392.91015625,1089.5110436576979,191.02187881208962,1941.55,358.8499999999999,16342.665654865468,2865.3281821813443,graphhopper,offline,ohare_filtered_vid_770_sr_1.0,62f1fcaef14c4510a9c3817f728a6d4e,770,batches,30.0,50.0
8.0,0.0034063502961943965,0.004298082156349898,0.028222961291275515,9.465909090909092,12.921875,2471.0608121537434,4576.542274915007,3383.91695727986,6326.502746294681,22239.54730938369,41188.88047423506,osrm,offline,ohare_filtered_vid_770_sr_1.0,c4cbdfbd78314e67ac5d8c909facb7f8,770,batches,5.0,
8.0,0.002594759322978139,0.0031884948044991956,0.021350184998279342,7.773792613636363,10.07421875,1509.9126551832576,3217.41795499096,1877.721237279057,4043.3630423138725,13589.213896649318,28956.76159491864,osrm,offline,ohare_filtered_vid_770_sr_1.0,530407fa19d145f69b4197f9a9527b7c,770,batches,10.0,
8.0,0.0014533487744548866,0.0017700419923126199,0.011618430307303283,4.9421164772727275,5.87890625,745.2332940443433,1756.7830809188847,900.735073670724,2121.421716848174,6707.09964639909,15811.047728269963,osrm,offline,ohare_filtered_vid_770_sr_1.0,a632cb8b3f64415f8169d708ae5ff0bb,770,batches,30.0,
15.0,1.44978926070445,2.5898416517457474,21.776882788363267,1445.943115234375,1489.66796875,118.23823979305826,3.6322808069754395,311.16477554392725,12.399635369188697,1891.811836688932,58.11649291160703,graphium,online,ohare_filtered_vid_770_sr_5.0,79cde87557e042c6ab8e3c86ced45f74,770,native,5.0,
15.0,1.4994515866241436,2.690680246582686,22.74363704362365,1449.981689453125,1500.1328125,129.8254156260925,3.816403691343057,307.8720903954802,11.051355932203387,2077.20665001748,61.06245906148891,graphium,online,ohare_filtered_vid_770_sr_5.0,2d1373ec3da24ae1a4269ce8b80aa38f,770,native,10.0,
15.0,1.6126858451960675,2.8728686056117416,24.676806989803747,1436.658447265625,1494.2890625,139.3907316200233,3.8445496527122875,290.6096430342092,11.200000000000003,2230.251705920373,61.5127944433966,graphium,online,ohare_filtered_vid_770_sr_5.0,587abf2c9a234d039ea218289db32d52,770,native,30.0,
8.0,0.22955033201642067,0.2920706259440559,1.8493568460346912,153.8185369318182,209.33203125,11586.0155258828,29114.432944184096,15234.117261904763,41836.44229163668,104274.1397329452,262029.89649765688,barefoot,online,ohare_filtered_vid_770_sr_5.0,c2ff24bdb7004b5daee7c8e57c5eb910,770,native,,
14.0,0.36129577385785633,0.6856607418010753,5.007809804238813,329.2421875,369.99609375,757.6675829304819,376.80369060169994,1409.9842883548984,768.5999999999998,11365.013743957228,5652.0553590254995,graphhopper,offline,ohare_filtered_vid_770_sr_5.0,1aec558b90a64b3da2700deaaa7dbb09,770,batches,5.0,50.0
13.0,0.3781435802769807,0.6277996943100604,4.706781012859891,336.834228515625,402.24609375,603.2287663771313,196.92762643415034,992.6680460889321,362.725,8445.202729279838,2756.9867700781047,graphhopper,offline,ohare_filtered_vid_770_sr_5.0,af955b1fa7e3437da0f021fa445b3dc6,770,batches,10.0,50.0
13.0,0.3319668475991298,0.7114464073461891,3.936089459041627,333.58802083333336,366.23046875,191.73238446367594,7.041304106046048,285.73620066048124,12.380442804428045,2684.253382491463,98.57825748464467,graphhopper,offline,ohare_filtered_vid_770_sr_5.0,9ae334d3ca8f49758485b5e06067b1a7,770,batches,30.0,50.0
9.0,0.0012708875228968886,0.0015149698717948717,0.011720668177686836,4.842329545454546,5.88671875,612.5181490002258,939.4341006733275,798.0739560704804,1272.514265025344,6125.181490002258,9394.341006733275,osrm,offline,ohare_filtered_vid_770_sr_5.0,ade9acdb31164ba486453f670899e047,770,batches,5.0,
9.0,0.0008461540259193786,0.0010543947612732093,0.007714638866620842,2.9865056818181817,3.37890625,344.7109732108118,399.9309367061085,470.95,581.25,3447.109732108118,3999.309367061085,osrm,offline,ohare_filtered_vid_770_sr_5.0,6cee0a0cf1b043b6b588f0874fdf159c,770,batches,10.0,
8.0,0.0005027963508288754,0.0007688748945147678,0.00375629226294511,2.132102272727273,2.2109375,235.5742686834134,10.551340970827585,293.9670201484624,12.70392364793213,2120.1684181507208,94.96206873744826,osrm,offline,ohare_filtered_vid_770_sr_5.0,c693e2721dd44fa0a616787f5d483fbf,770,batches,30.0,
15.0,1.5060515145447715,2.5184210944595824,22.760819825642834,1439.207275390625,1482.63671875,124.36289915636007,3.910360494373169,305.13836740369914,12.040776699029127,1989.8063865017612,62.5657679099707,graphium,online,ohare_filtered_vid_770_sr_10.0,306db9f854884482b4c301ad4f280ad2,770,native,5.0,
15.0,1.58822914814092,2.8836013351807535,24.15764943195594,1450.01708984375,1499.60546875,138.37271305300993,4.005604542354939,302.2291592128802,12.412096601838,2213.963408848159,64.08967267767902,graphium,online,ohare_filtered_vid_770_sr_10.0,22dede54f2714b2d82d5fdeb6dbeaf09,770,native,10.0,
15.0,1.4588304306592812,2.6436793471879767,21.978159056365346,1443.58349609375,1478.96484375,126.60933554346317,3.518124288532939,296.3553094462541,11.285376300224351,2025.7493686954108,56.289988616527026,graphium,online,ohare_filtered_vid_770_sr_10.0,dbb51d59a089431486b01e6c0b360891,770,native,30.0,
8.0,0.20650888465549444,0.23724308833101806,1.702978671956921,127.677734375,171.23046875,11606.866635475446,10126.879058575483,12713.786781609198,14575.729815440602,104461.799719279,91141.91152717936,barefoot,online,ohare_filtered_vid_770_sr_10.0,088a4a9bc68c41b8a22fa2fb7233cf58,770,native,,
13.0,0.36006924179039684,0.6243112811307421,4.4166581039348145,317.439453125,397.51171875,452.3652407063399,168.34366790858172,708.254329414739,349.725,6333.113369888758,2356.811350720144,graphhopper,offline,ohare_filtered_vid_770_sr_10.0,616ce6d73f834b28b21e4e4719c45b3c,770,batches,5.0,50.0
13.0,0.33616835989714616,0.5420475602276494,4.181938676775623,331.358642578125,404.83203125,373.6437923702937,101.92713265877582,657.8090576652601,209.975,5231.013093184111,1426.9798572228615,graphhopper,offline,ohare_filtered_vid_770_sr_10.0,a0af3bda161b4b188f09c4da6943e043,770,batches,10.0,50.0
13.0,0.2937136750728933,0.6357250664945495,3.4762663845259567,292.26953125,337.6953125,188.66935230460936,6.7537728860715704,294.39462656302805,13.02046332046332,2641.370932264531,94.55282040500198,graphhopper,offline,ohare_filtered_vid_770_sr_10.0,85ccc2ef97d74e149105723ea9317d40,770,batches,30.0,50.0
8.0,0.0011007248519071132,0.001193148039673279,0.008781471481783461,3.703515625,4.47265625,424.029415904566,511.74231392113893,499.51666666666665,665.5833333333333,3816.264743141094,4605.68082529025,osrm,offline,ohare_filtered_vid_770_sr_10.0,c63b2d6f5e7f40eb993f0fe49ff1de2d,770,batches,5.0,
9.0,0.0008373873029397134,0.0010436217726396914,0.007551029279397135,3.075284090909091,3.640625,333.0673965096343,414.78554387931547,448.6770231213873,644.1508670520232,3330.673965096343,4147.8554387931545,osrm,offline,ohare_filtered_vid_770_sr_10.0,fcf9014f70dc4da3955333d2eeb33f7a,770,batches,10.0,
8.0,0.0006962828157605755,0.0009362503079291762,0.005330295033916003,2.15,2.23046875,236.90875517297843,10.908806373759091,284.79019767127,12.52493907392364,2132.178796556806,98.17925736383182,osrm,offline,ohare_filtered_vid_770_sr_10.0,4b611e4af7914389a729e1d1f52218dd,770,batches,30.0,
15.0,1.481464242854877,2.507656797235023,22.508558671782517,1450.834228515625,1507.5390625,122.59818827916483,3.807367761468119,301.1945996237527,10.947791591689843,1961.5710124666373,60.9178841834899,graphium,online,ohare_filtered_vid_770_sr_20.0,3206b7bed01545c88b67d01c8a6a428f,770,native,5.0,
14.0,1.6325830081783224,2.7936002906292536,23.09809550328753,1452.6544270833333,1508.90625,125.38288011012577,3.8091474342410527,292.11249999999995,12.285076586433261,1880.7432016518865,57.13721151361579,graphium,online,ohare_filtered_vid_770_sr_20.0,3e4231b803a040eebb1cb0876cda70fb,770,native,10.0,
15.0,1.5004300153262071,2.769421351639247,22.623189768012583,1444.75830078125,1487.5546875,121.975956884965,3.5881699886764054,295.9410915353027,12.266374740723668,1951.61531015944,57.410719818822486,graphium,online,ohare_filtered_vid_770_sr_20.0,c1b720db3da946d9968578aafefbae6f,770,native,30.0,
7.0,0.16120119428230917,0.1769643398171737,1.1209873820918945,90.602734375,123.875,10894.208197597916,5022.573245355056,13596.95155508698,6542.012003596584,87153.66558078333,40180.58596284045,barefoot,online,ohare_filtered_vid_770_sr_20.0,0463bf51591f40dc87524bcaf73c0ad0,770,native,,
13.0,0.3373189310654987,0.736256755276382,3.9862082796405995,307.363037109375,367.6171875,313.5488065437712,93.35220695350435,493.09509482556774,186.9,4389.683291612797,1306.9308973490608,graphhopper,offline,ohare_filtered_vid_770_sr_20.0,7786542702ca446fad59ee9f8ce195a3,770,batches,5.0,50.0
14.0,0.3368604953627822,0.837263468918919,4.562360684495786,342.76611328125,372.203125,173.80235329098528,6.688296595482134,297.04317703822835,14.002025072324013,2607.0352993647793,100.32444893223202,graphhopper,offline,ohare_filtered_vid_770_sr_20.0,e29b80b4c7814b7a881242eba903b6f3,770,batches,10.0,50.0
14.0,0.31017672663185725,0.6867280622536945,4.216544573677367,338.2705078125,367.69140625,175.9098908496761,6.257708621716089,297.93475546305933,12.378911118399476,2638.648362745141,93.86562932574134,graphhopper,offline,ohare_filtered_vid_770_sr_20.0,8ddcdf6c967542e5a0c7cff21dea8a84,770,batches,30.0,50.0
8.0,0.000995862328894372,0.0012233008447304907,0.007739460115318855,2.9265625,3.515625,333.76527998461387,317.9289061771129,447.58923796791436,530.9418449197861,3003.8875198615247,2861.360155594016,osrm,offline,ohare_filtered_vid_770_sr_20.0,ad251f30309241ab9447960a837d7375,770,batches,5.0,
9.0,0.0007807038513930623,0.0014126743341404356,0.006857156754447169,2.1409801136363638,2.21875,219.10183132244666,10.359365749780457,266.6354914933838,12.945129748025574,2191.0183132244665,103.59365749780457,osrm,offline,ohare_filtered_vid_770_sr_20.0,7fbb8cbb048f40a89b87303866d2a784,770,batches,10.0,
7.0,0.0008725635800675667,0.001121330616038237,0.005859178024502297,2.03359375,2.1953125,243.7708853099669,12.152218314670067,292.89035222052064,14.616385911179172,1950.1670824797352,97.21774651736054,osrm,offline,ohare_filtered_vid_770_sr_20.0,1e0715206e5d427aa7a267ab1a0aff18,770,batches,30.0,
22.0,1.2127426691007208,2.8190983566347803,26.48123244013533,1439.8228600543478,1479.453125,3070.1605036887354,3318.5080757584155,7082.67164876226,7681.818881363848,70613.69158484091,76325.68574244356,graphium,online,ohare_filtered_vid_1_sr_1.0,7f1917a0e5ee4ce6a89e7729dd9db50c,1,native,5.0,
22.0,1.1606345963873155,2.792406309873548,25.53108596255464,1444.8148777173913,1476.609375,1913.054707753252,2005.7963899281497,4200.479472580161,4746.482985877606,44000.25827832479,46133.31696834744,graphium,online,ohare_filtered_vid_1_sr_1.0,d748e6a3c10d49cf8355a66fdabbdc12,1,native,10.0,
21.0,1.1090414272742222,2.7434439461883406,23.002521613462505,1448.8499644886363,1480.98046875,1531.3173660671766,1233.1643618650235,3153.455842018651,2638.385174386004,33688.982053477885,27129.615961030515,graphium,online,ohare_filtered_vid_1_sr_1.0,2c806bbe81c84068b341f8c2dd6ffd2f,1,native,30.0,
14.0,0.5274709757346518,0.7784979838748365,7.571943506428469,404.37477022058823,587.6640625,18281.75392385518,1355505.4235966657,26636.5854230266,2593566.3545682603,274226.3088578277,20332581.353949986,barefoot,online,ohare_filtered_vid_1_sr_1.0,e98de1dd1d6e49c0bb6e02eccf766e86,1,native,,
20.0,0.29300135259219656,0.7454911630667767,5.4075372413693525,336.47078804347825,378.69921875,5295.1383486738805,3146.1865112799255,10771.473249190214,6577.34837484642,111197.90532215149,66069.91673687844,graphhopper,offline,ohare_filtered_vid_1_sr_1.0,73375beb641a4f1fbcecf8a4acd16ac3,1,batches,5.0,50.0
20.0,0.2783425345125815,0.7446778701548319,5.320603875698541,336.9906589673913,389.5859375,4004.970263604745,1628.6755254506286,8327.956989247312,3494.6236559139784,84104.37553569964,34202.1860344632,graphhopper,offline,ohare_filtered_vid_1_sr_1.0,b69c2edcea674fbb8a48eebd77c21b17,1,batches,10.0,50.0
20.0,0.27582157495950727,0.5804666458700696,5.2237208520158935,344.6603338068182,383.62109375,2900.4511684396944,542.335800124214,6587.149187592318,1297.1442639094041,60909.47453723358,11389.051802608494,graphhopper,offline,ohare_filtered_vid_1_sr_1.0,7955941d3b944438ae815fb82948c80e,1,batches,30.0,50.0
15.0,0.0025055005267932366,0.003804162964843254,0.03852602696289374,11.786305147058824,15.11328125,2280.496737294263,4933.396189163526,3577.2220782586164,7950.11661052086,36487.947796708206,78934.33902661642,osrm,offline,ohare_filtered_vid_1_sr_1.0,2c27342b029748b5a0cdb747b9c6720c,1,batches,10.0,
15.0,0.0015933716005140982,0.0022824636254239142,0.02455723177474769,10.706112132352942,15.62109375,1372.3031639184962,3665.2172534130896,2267.272408612919,6196.3413106127055,21956.85062269594,58643.47605460943,osrm,offline,ohare_filtered_vid_1_sr_1.0,7a80dc3e64be455ba5e84ca60bd6df70,1,batches,30.0,
22.0,1.1595562606126826,2.688879907110472,25.405187850857654,1453.4509171195652,1487.390625,583.4359468812976,901.3335385850438,1494.5303658996604,2510.076612599019,13419.026778269845,20730.67138745601,graphium,online,ohare_filtered_vid_1_sr_5.0,fb90e616c9974379b5c9f1ea2e600e1f,1,native,5.0,
21.0,1.1700196706887236,2.5752144991698946,24.366151706807546,1449.163174715909,1486.90625,443.12675938211015,770.4323435295609,1171.8318056161793,2243.0459915611814,9748.788706406423,16949.511557650338,graphium,online,ohare_filtered_vid_1_sr_5.0,0b30338b741b4c7b8ba2cbc39bae7918,1,native,10.0,
21.0,1.1498943882024013,2.5975612396035093,23.90005042515228,1451.8515625,1482.359375,258.60070219486266,398.2066017703982,457.2612024601481,1028.9702087731644,5689.215448286979,8760.54523894876,graphium,online,ohare_filtered_vid_1_sr_5.0,3fa03a4768a1483bafd830c94854f1f5,1,native,30.0,
14.0,0.1934844718626433,0.30385293781865114,2.6844673596469666,187.2902113970588,232.046875,8618.322674430723,102513.68867579334,15132.61439173927,173310.64533921675,129274.84011646085,1537705.3301369,barefoot,online,ohare_filtered_vid_1_sr_5.0,42f285e09aa54dbeb01ea2e9cc5ecf4b,1,native,,
19.0,0.2466504302252705,0.6141635894576477,4.318845015047763,297.83664772727275,337.1328125,1230.640275728772,692.8158062559853,2327.6550751879704,1440.3851503759397,24612.80551457544,13856.316125119705,graphhopper,offline,ohare_filtered_vid_1_sr_5.0,a756edb91a1f442ca8030f58fefe5bf1,1,batches,5.0,50.0
20.0,0.25375819711256514,0.5995870477947796,4.879251837800011,321.36203835227275,352.84765625,810.8506339925542,306.9400491978289,1635.9995670527114,701.297954324061,17027.863313843638,6445.741033154407,graphhopper,offline,ohare_filtered_vid_1_sr_5.0,1609c159741a4fcf8582d332c3da5bfb,1,batches,10.0,50.0
20.0,0.24710414594034932,0.7464681539711191,4.680384434241921,322.47333559782606,367.5390625,772.7524898748193,154.58497925230353,1765.2728930571839,400.68107333593855,16227.802287371205,3246.284564298374,graphhopper,offline,ohare_filtered_vid_1_sr_5.0,09d76f885e4343b48596c20053b0fe7e,1,batches,30.0,50.0
15.0,0.0011994561931654981,0.0017462145722790218,0.01813288988238635,7.289981617647059,10.1640625,914.4433195395777,1742.104440154284,1426.7608793180798,2983.809764735644,14631.093112633243,27873.671042468544,osrm,offline,ohare_filtered_vid_1_sr_5.0,b13cebdf945a4e96a2432cba0fd2fef5,1,batches,5.0,
15.0,0.0009681747582686344,0.0013961534514925376,0.014094642680805614,6.149126838235294,8.328125,602.5596921115032,1336.1404727518639,1010.7742685116721,2368.2061687968735,9640.955073784051,21378.24756402982,osrm,offline,ohare_filtered_vid_1_sr_5.0,8c97c84e1ccc44a7a9f4d72eef08e56e,1,batches,10.0,
15.0,0.0005263745655046756,0.001118591111111111,0.007303401936963698,3.3428819444444446,4.05078125,298.16260158889435,609.5724381346296,570.317003436426,1162.5786666666665,4770.60162542231,9753.159010154073,osrm,offline,ohare_filtered_vid_1_sr_5.0,2ce1009c1d1f4184b1c638825d0df7f4,1,batches,30.0,
21.0,1.158304637747126,2.7795184468368213,24.081281641935096,1460.1500355113637,1514.015625,235.07061520896934,617.4922402048845,510.81178442268674,2008.6499999999999,5171.553534597326,13584.82928450746,graphium,online,ohare_filtered_vid_1_sr_10.0,d694658ba7644e20975e9746ce813997,1,native,5.0,
22.0,1.1503119532611386,2.814226372725243,25.061761052302234,1444.7537364130435,1480.02734375,262.7092224576655,596.6140001365015,617.6266200103681,2044.3500000000001,6042.312116526306,13722.122003139535,graphium,online,ohare_filtered_vid_1_sr_10.0,4f321b7078124bc29697495a83685122,1,native,10.0,
21.0,1.2468131018278295,2.8412036933407947,26.12420167078711,1454.5949928977273,1499.28125,217.81288092416446,531.5250723938591,477.6794897811277,2008.6499999999999,4791.883380331618,11693.5515926649,graphium,online,ohare_filtered_vid_1_sr_10.0,4105dc938397459bb06159bb0c997a13,1,native,30.0,
14.0,0.16558150140645594,0.2665639017881091,2.315931449668268,162.33409926470588,216.6796875,7762.16231717674,34841.1401555304,18324.456316410862,66032.31158161418,116432.43475765109,522617.1023329559,barefoot,online,ohare_filtered_vid_1_sr_10.0,49b4fd8fb1e943cebd7feb9c92555853,1,native,,
19.0,0.25777247579707596,0.5885750397784492,4.591461151751154,325.90696022727275,375.421875,699.4992607587003,367.5346244328244,1169.6104807579834,760.3228447771669,13989.985215174005,7350.6924886564875,graphhopper,offline,ohare_filtered_vid_1_sr_10.0,888418068b864644a29d6c737b01d60e,1,batches,5.0,50.0
20.0,0.253175003050319,0.830777812278481,4.747189277094674,333.13671875,378.8984375,402.8832575710087,138.83660657005456,797.1348170887694,360.7734075211051,8460.548408991182,2915.5687379711458,graphhopper,offline,ohare_filtered_vid_1_sr_10.0,23f5486d72de441db1577427f13d6bb4,1,batches,10.0,50.0
20.0,0.20229749263670077,0.60014325,3.6659423977144665,295.55825407608694,327.46484375,430.3215766147215,13.082025411949958,1256.15,39.900000000000006,9036.753108909152,274.7225336509491,graphhopper,offline,ohare_filtered_vid_1_sr_10.0,e424d999f5aa46f999003c190c790d57,1,batches,30.0,50.0
15.0,0.0008414745604690722,0.0012769889018691587,0.012566650852013764,4.8278952205882355,6.10546875,533.8224087454912,983.5330059682358,855.4003104901307,1762.1691413815365,8541.15853992786,15736.528095491773,osrm,offline,ohare_filtered_vid_1_sr_10.0,6439371cde5a4800af795301ffb3b14c,1,batches,5.0,
15.0,0.0007138917430236193,0.0012495175933970458,0.010172750294980864,4.490808823529412,6.2578125,383.05956136234465,817.9060046468564,607.032695866749,1585.89797752809,6128.952981797514,13086.496074349703,osrm,offline,ohare_filtered_vid_1_sr_10.0,58ceda52942d42719559a7b37569cf1a,1,batches,10.0,
15.0,0.0006315775246004572,0.0012094000000000002,0.008925031337934305,3.134982638888889,4.796875,284.74791359020844,640.4262346987223,492.47021802652284,1571.35,4555.966617443335,10246.819755179557,osrm,offline,ohare_filtered_vid_1_sr_10.0,d83f58d104a44d11b200c6fb647a9493,1,batches,30.0,
21.0,1.0999348982830226,2.6621676389653275,23.001691036585996,1453.4968039772727,1500.0,104.60235521343658,2.861180579800406,297.24825700475174,11.87977044476327,2301.251814695605,62.945972755608935,graphium,online,ohare_filtered_vid_1_sr_20.0,0d46319edec44de78c7131c35c110ee3,1,native,5.0,
21.0,1.1009126132543985,2.729819960861057,22.91533487862021,1450.5933948863637,1482.25,93.38409001775587,2.470151289981654,302.0926686656672,10.762331838565022,2054.449980390629,54.343328379596386,graphium,online,ohare_filtered_vid_1_sr_20.0,1e55a651ddc443839bc86c59304504c8,1,native,10.0,
21.0,1.1513628517717622,2.7477894418941773,24.064761635619938,1456.530184659091,1492.16796875,95.39864256849499,2.463180824208131,310.5321888412017,11.14442060085837,2098.7701365068897,54.18997813257889,graphium,online,ohare_filtered_vid_1_sr_20.0,9b4663f950ce4fc8869c23f5c885f2d1,1,native,30.0,
14.0,0.1530789150560206,0.24993232239119031,2.125638216665997,149.66590073529412,208.37109375,6786.175648276988,16649.985972592443,14790.539449541286,31076.689402676227,101792.63472415482,249749.78958888666,barefoot,online,ohare_filtered_vid_1_sr_20.0,2a27c5c55e8c46259a9ded355ae63118,1,native,,
19.0,0.2838066978924055,0.6960473350752879,4.980086622772821,346.1841517857143,380.3828125,403.41798023871604,193.1934560323631,716.1584393663983,483.84000000000003,8068.359604774321,3863.8691206472618,graphhopper,offline,ohare_filtered_vid_1_sr_20.0,d667f1e8192a4d1aae0aa0f3f8a77388,1,batches,5.0,50.0
19.0,0.26172475078137186,0.8178237426054124,4.673213878434233,326.8245738636364,392.17578125,290.09437837518766,93.45007800660494,422.2837690692018,209.88333333333333,5801.887567503753,1869.0015601320988,graphhopper,offline,ohare_filtered_vid_1_sr_20.0,1baf70feee7b40f2bf2eae7c6a25672b,1,batches,10.0,50.0
20.0,0.22018195327991932,0.5271784,4.1353609374623765,328.85653409090907,354.16796875,267.51396745548067,10.909549758214379,561.0028985507247,24.686297760210806,5617.793316565094,229.10054492250197,graphhopper,offline,ohare_filtered_vid_1_sr_20.0,f2893745057e402bac16a0852d168ba2,1,batches,30.0,50.0
15.0,0.0002564905548917745,0.00047330917480170863,0.00390064648249988,3.624080882352941,4.5078125,293.49093297493664,420.76363848667603,542.704942037828,826.9745729103112,4695.854927598986,6732.2182157868165,osrm,offline,ohare_filtered_vid_1_sr_20.0,46a7b653f3e54236a84b104792a42173,1,batches,5.0,
14.0,0.0005653442668044083,0.0010798268172888014,0.007400337184777322,2.9060202205882355,3.70703125,254.87116085947218,389.13716854514007,437.63622513753705,769.5335462058601,3823.0674128920828,5837.057528177101,osrm,offline,ohare_filtered_vid_1_sr_20.0,1b8378b85b78435db0ad42b834184fdf,1,batches,10.0,
15.0,0.00046733338342556615,0.0014213888310648517,0.006515272765713782,2.1739430147058822,2.21875,158.62505085959026,6.071469741046321,289.2548055431381,12.847787610619468,2538.000813753444,97.14351585674113,osrm,offline,ohare_filtered_vid_1_sr_20.0,ebab0a8e443f46fcab37df98e608cbd2,1,batches,30.0,
21.0,1.224618489481763,2.6061064615384617,25.731520051932122,1445.069424715909,1470.23046875,6202.38676566371,3251.507460772962,15114.740093343706,7517.236876469052,136452.50884460163,71533.16413700517,graphium,online,ohare_filtered_vid_557_sr_1.0,6600cfae3fd840cfa95d67991dbce393,557,native,5.0,
21.0,1.256476080694353,2.8335279277017693,26.2755051077803,1453.5102982954545,1499.90625,1795.490534677365,1805.69111893881,4303.159973666887,4695.122547728769,39500.79176290203,39725.20461665382,graphium,online,ohare_filtered_vid_557_sr_1.0,a117e9d503504e88901d18825e3e768b,557,native,10.0,
21.0,1.1822076036467235,2.6982482212531558,24.90913909689458,1444.7111150568182,1486.046875,1301.9006938970913,852.5948416910283,2807.9136690647483,2291.9114148681056,28641.815265736008,18757.08651720262,graphium,online,ohare_filtered_vid_557_sr_1.0,6fc12b0fa4a34007b2222b87d1f5b8a2,557,native,30.0,
14.0,0.5241326526808364,0.7192965537059538,7.553484978336853,433.33777573529414,662.11328125,18485.843419024746,1574702.7291796012,27324.75504252734,3160775.1658108463,277287.6512853712,23620540.937694017,barefoot,online,ohare_filtered_vid_557_sr_1.0,a069ad7b537e4f0eb94aaeeb9692f426,557,native,,
20.0,0.2973854656264165,0.6445267507729863,5.60056802738176,369.46732954545456,396.765625,4757.060501059714,2848.2650607804917,10707.345511076564,6622.749060759166,99898.270522254,59813.566276390324,graphhopper,offline,ohare_filtered_vid_557_sr_1.0,a306f07350b44e8e9bbf2dc64c030f48,557,batches,5.0,50.0
19.0,0.3041737716213616,0.641443415258216,5.442032017169017,344.99441964285717,374.56640625,3685.2731489703992,1497.3712316441702,8121.86046511628,3454.418604651163,73705.46297940798,29947.424632883405,graphhopper,offline,ohare_filtered_vid_557_sr_1.0,b2b5029199574c77a699dbf181b31c43,557,batches,10.0,50.0
19.0,0.2645205697053192,0.69210862609375,4.598302768012633,313.1796875,360.60546875,2988.7370112991402,552.5200429414421,6651.038428056212,1308.1706255440865,59774.7402259828,11050.400858828842,graphhopper,offline,ohare_filtered_vid_557_sr_1.0,2527679ef3eb477f92ea8f60701662f3,557,batches,30.0,50.0
15.0,0.003649473135276998,0.0057962767362028,0.05658577485651408,14.035615808823529,18.56640625,3432.280308748277,6443.00383746366,6046.459125475285,11393.179657794677,54916.48493997243,103088.06139941856,osrm,offline,ohare_filtered_vid_557_sr_1.0,1829737e92124ff0931c1e3cd4806e7a,557,batches,5.0,
14.0,0.0026281539128386166,0.0037418988061398515,0.03780815362764418,13.790441176470589,20.37109375,2363.4732392446563,5046.572294464547,3859.674067592694,8486.8205184294,35452.09858866985,75698.5844169682,osrm,offline,ohare_filtered_vid_557_sr_1.0,5b8e683503904815837d38518dbef6a6,557,batches,10.0,
13.0,0.001918309966095738,0.0028015569516525534,0.025372020477721285,10.638671875,15.765625,1443.7035761796615,3628.536596273408,2177.121771217712,5610.3551660516605,20211.85006651526,50799.51234782772,osrm,offline,ohare_filtered_vid_557_sr_1.0,2d09409771b94001af9a627e57787d0b,557,batches,30.0,
21.0,1.1517636948698011,2.829502031063322,24.10574455140734,1447.7677556818182,1498.64453125,539.472333817806,795.0104414693564,1330.7211460604174,2117.5,11868.391343991732,17490.22971232584,graphium,online,ohare_filtered_vid_557_sr_5.0,d379e0887ac04393bd10bc20044951d8,557,native,5.0,
20.0,1.2258473949098092,2.5968123351337766,24.46253587212366,1446.5026041666667,1483.30078125,339.7742490201942,509.08472856744015,781.4941000629327,1457.975,7135.259229424078,10690.779299916243,graphium,online,ohare_filtered_vid_557_sr_5.0,54e6772c43ea4680b3d18cb29561631a,557,native,10.0,
20.0,1.1495109732971753,2.7076783950617287,22.82043385540967,1444.6419270833333,1482.3671875,283.13609620740436,500.2679836185777,508.6467197364809,1242.5671836398571,5945.858020355491,10505.627655990133,graphium,online,ohare_filtered_vid_557_sr_5.0,e01318391ace4fce811c3db16b38b80f,557,native,30.0,
13.0,0.2022527158581356,0.3188273808743169,2.6394112126388984,183.797119140625,220.515625,8727.420980476241,108144.99023679245,14145.215234310317,210112.31404494387,122183.89372666739,1514029.8633150943,barefoot,online,ohare_filtered_vid_557_sr_5.0,b8789c1ba48c4be280855d8b49ac025e,557,native,,
19.0,0.2759764208074493,0.6236767219490389,5.014030244055962,349.29613095238096,383.703125,1181.5730085179198,646.0623290409551,2400.152605188576,1482.420061032241,23631.460170358398,12921.246580819103,graphhopper,offline,ohare_filtered_vid_557_sr_5.0,ff32cb374294453d9c284cd786f61469,557,batches,5.0,50.0
18.0,0.26981040101766873,0.6321650068728524,4.494232612462854,334.0522693452381,385.765625,903.4196837051342,322.3523063934383,1807.78200564625,733.6064931876764,17164.97399039755,6124.693821475328,graphhopper,offline,ohare_filtered_vid_557_sr_5.0,e70b71e4081046cdb7009b1ff12747cf,557,batches,10.0,50.0
19.0,0.2463025363345102,0.5829231892265194,4.343127537463684,320.6715198863636,383.0390625,465.59955433338075,84.81621679858858,1020.9989500524975,223.33670316484177,9311.991086667615,1696.3243359717717,graphhopper,offline,ohare_filtered_vid_557_sr_5.0,f2504403f88841ebbc15ef9a2e448470,557,batches,30.0,50.0
13.0,0.0012746589853482378,0.0017857732688451103,0.016556280027815295,6.891357421875,9.18359375,963.6590317251147,1796.1721382574628,1533.2234339335532,2933.536685265027,13491.226444151605,25146.40993560448,osrm,offline,ohare_filtered_vid_557_sr_5.0,9e1c89577bff470588e0fe3259524f5b,557,batches,5.0,
14.0,0.0009252694079783003,0.0013909125523543593,0.01301369720891335,5.348388671875,7.16015625,582.7225671168021,1125.6949051124166,952.0794673070626,1936.7,8740.838506752032,16885.423576686248,osrm,offline,ohare_filtered_vid_557_sr_5.0,f8eac47724cb40a9a23bf9e54567a470,557,batches,10.0,
13.0,0.0006543900051147912,0.0012685958646616534,0.007892864206945424,3.203125,3.953125,330.99394512535554,581.7003044079656,551.7839658288156,1117.3500000000001,4633.915231754978,8143.804261711519,osrm,offline,ohare_filtered_vid_557_sr_5.0,92f69a9c1d8d41fdb5822fde913ced96,557,batches,30.0,
20.0,1.0967255947857706,2.5802943684759008,21.685826053609972,1463.3787202380952,1491.765625,98.03439288090897,2.5605844345728572,282.1083333333333,10.410850905019595,2058.722250499088,53.77227312603,graphium,online,ohare_filtered_vid_557_sr_10.0,925509514de343b093bb75a7f4901ef3,557,native,5.0,
20.0,1.1241831004172287,2.8415504523312456,22.28572255404742,1448.4884672619048,1482.29296875,102.3956219610585,2.7061363136654184,298.2979252081004,11.713558155540262,2150.3080611822284,56.828862586973784,graphium,online,ohare_filtered_vid_557_sr_10.0,a4f0443c260f463cb8faad32e4ca2e8f,557,native,10.0,
20.0,1.1096423535237714,2.8453786066150597,21.98168184683756,1450.2823660714287,1482.8984375,99.47407289466359,2.636600418993755,300.4322609741431,10.907794208256316,2088.9555307879355,55.36860879886885,graphium,online,ohare_filtered_vid_557_sr_10.0,adbd90c1ce8d4f20bded1768848354f4,557,native,30.0,
13.0,0.18117101496176563,0.288713,2.3525572951296585,168.953125,213.578125,7508.054313247476,34628.758686062596,13860.65400115141,65803.24667399,105112.76038546466,484802.62160487636,barefoot,online,ohare_filtered_vid_557_sr_10.0,9aac978b9e924de588820f04fc8f1e52,557,native,,
18.0,0.2627582446284671,0.8456763063372092,4.384098539278083,316.6649925595238,354.16796875,652.8272294688055,342.6343458252959,1194.0938042848868,700.5135933273218,12403.717359907305,6510.052570680622,graphhopper,offline,ohare_filtered_vid_557_sr_10.0,cd1f135ce39045abad9d0918d123fcad,557,batches,5.0,50.0
19.0,0.2586706298158049,0.5432863767304859,4.6816237898337345,330.75316220238096,357.96875,420.0543954242835,138.0990392390201,805.7005218787635,344.8389937106918,8401.08790848567,2761.9807847804022,graphhopper,offline,ohare_filtered_vid_557_sr_10.0,4fa208e7658c4af2b56cda3ee8ba0ed7,557,batches,10.0,50.0
18.0,0.22388531336933026,0.7502256560732116,3.731782097722212,297.79706101190476,329.3359375,140.14513232569684,4.856271719514758,304.6351075877689,12.280952380952382,2662.75751418824,92.26916267078039,graphhopper,offline,ohare_filtered_vid_557_sr_10.0,332da3d6245c4bff83a408fe15049881,557,batches,30.0,50.0
13.0,0.0008415007267894828,0.0012213096309630963,0.010718199283963652,4.8505859375,6.71484375,546.14312548571,863.1505667053405,875.4348407813754,1475.7044822049772,7646.003756799941,12084.107933874766,osrm,offline,ohare_filtered_vid_557_sr_10.0,b072c9e87087413db6f348e5f56d3825,557,batches,5.0,
13.0,0.000644394623892957,0.0010460202084219483,0.00815663787318753,3.811279296875,4.91796875,370.084895148311,565.8029918726791,604.3261314277709,968.2309794031105,5181.188532076354,7921.241886217506,osrm,offline,ohare_filtered_vid_557_sr_10.0,8e931d751b7f45019abda258378dc6ca,557,batches,10.0,
13.0,0.0004819558255245564,0.001379538111888112,0.005712598690210922,2.1103515625,2.2109375,181.02533293255627,6.8877254918833986,306.6419014537501,12.796676737160121,2534.354661055788,96.42815688636757,osrm,offline,ohare_filtered_vid_557_sr_10.0,924241b110804b66b1a739b54e8277b6,557,batches,30.0,
20.0,1.2657906410178328,2.684987078088448,25.336223784396072,1449.255394345238,1472.65625,173.63447486009994,496.4313874594977,360.79802452316073,2214.1584566450006,3646.3239720620986,10425.059136649452,graphium,online,ohare_filtered_vid_557_sr_20.0,4326cdab2c774006a619935382a6ccb9,557,native,5.0,
20.0,1.1357450603916375,2.642951406982804,22.57016874130492,1452.6614583333333,1499.85546875,95.73142053536685,2.638114145130263,312.5395830042647,11.004650134259991,2010.3598312427039,55.40039704773553,graphium,online,ohare_filtered_vid_557_sr_20.0,f7f6f314d3c44c4e8ae297f7b837322c,557,native,10.0,
21.0,1.1293208854155727,2.7230872976338727,23.640089476776254,1444.6518110795455,1488.98828125,101.74359341792218,2.734005995552987,296.40000000000003,10.720245398773006,2238.359055194288,60.148131902165716,graphium,online,ohare_filtered_vid_557_sr_20.0,75b5dcbd3aad42aa811c72e27ff4b1fe,557,native,30.0,
14.0,0.15510588948176168,0.2584432928282106,2.208428203182386,153.193603515625,201.0859375,7468.532646614069,14965.566903558449,14755.207733619764,29062.662383281462,112027.98969921103,224483.50355337674,barefoot,online,ohare_filtered_vid_557_sr_20.0,d5285000300c4ad9b6ba719120e4f4dd,557,native,,
19.0,0.2657894336721879,0.6296170608171818,4.897919962548001,340.1158854166667,370.90625,325.64482815625075,138.6955213195726,556.1387786454999,342.9234669056459,6512.896563125015,2773.910426391452,graphhopper,offline,ohare_filtered_vid_557_sr_20.0,1a19e8e435ce44219f83dda72897a8d3,557,batches,5.0,50.0
19.0,0.25617091966940503,0.6321930091870824,4.710644927630862,325.3803943452381,366.83203125,299.33768721137983,90.67120549745034,528.7531914893617,265.50000000000006,5986.753744227597,1813.4241099490068,graphhopper,offline,ohare_filtered_vid_557_sr_20.0,28bfd3c6f4244238a9c4d07ef78aef11,557,batches,10.0,50.0
19.0,0.24117866851674713,0.616445077543538,4.207128292791405,341.7792038690476,377.9375,134.560103713128,5.0175930183301025,308.8286839603423,12.6,2691.20207426256,100.35186036660205,graphhopper,offline,ohare_filtered_vid_557_sr_20.0,97461177a09c46c3bd1fc1f11a312a39,557,batches,30.0,50.0
14.0,0.0005529626200910617,0.000979325655612599,0.0075830874554079376,3.65673828125,4.4296875,328.29688636158875,448.17204009107235,564.5663937838212,804.2246982100735,4924.453295423831,6722.580601366085,osrm,offline,ohare_filtered_vid_557_sr_20.0,1521a103a0124a8caa6297f23dcad00a,557,batches,5.0,
14.0,0.0005605881467479933,0.0011791896481732067,0.007560958669420172,2.878173828125,3.62890625,272.6571334610615,379.13562854415807,436.6346448645886,844.65,4089.857001915923,5687.034428162371,osrm,offline,ohare_filtered_vid_557_sr_20.0,99e23cd4912a4e3d8d9c9846a123689c,557,batches,10.0,
14.0,0.00046484292665565155,0.0013435364555256068,0.005998312296061188,2.14599609375,2.1953125,168.94441066090712,6.281413392736866,303.9015313707999,12.498602287166454,2534.166159913607,94.22120089105299,osrm,offline,ohare_filtered_vid_557_sr_20.0,90411647fcc64275919c46e40e0ada3a,557,batches,30.0,
22.0,1.217957002610745,2.752404576995699,26.634215567460576,1450.3294836956522,1505.17578125,5138.931897526598,3315.0752956028286,10903.063609126526,7587.879620722826,118195.43364311174,76246.73179886506,graphium,online,ohare_filtered_vid_349_sr_1.0,94c57af5e2b64e8791d7f81687899cfe,349,native,5.0,
23.0,1.2478611184066144,2.9204424323993634,28.68918297635119,1440.8748372395833,1501.11328125,4163.752986457027,1975.6556237000943,9903.779465718873,4378.301457194901,99930.07167496864,47415.734968802266,graphium,online,ohare_filtered_vid_349_sr_1.0,c2037125862c47cbb49de6eb3de6874a,349,native,10.0,
22.0,1.2202770542717736,2.8390424533833705,26.905910548250787,1438.3986073369565,1505.2734375,3715.8625382094933,1223.7919493720626,9974.760632146987,2784.499889600353,85464.83837881834,28147.214835557443,graphium,online,ohare_filtered_vid_349_sr_1.0,97b84be3ca8245f2a0d32a77bf168751,349,native,30.0,
16.0,0.5581331816581493,0.7823636554316661,9.205097841930035,434.60590277777777,730.17578125,18202.63725764429,1992385.2012118127,27083.973133694384,4230383.963589878,309444.8333799529,33870548.42060082,barefoot,online,ohare_filtered_vid_349_sr_1.0,9d916c554f184a0d9ba9d84367de0975,349,native,,
21.0,0.2518311284757652,0.593159091780822,4.947125734686011,327.0686848958333,371.68359375,5172.585426263563,3096.1841355824477,10954.843498700977,6728.194977112457,113796.8793777984,68116.05098281385,graphhopper,offline,ohare_filtered_vid_349_sr_1.0,c9e2d52b37ea4e02a45135962bf88763,349,batches,5.0,50.0
21.0,0.2637649758236307,0.5817819485788115,5.232154074314565,330.0545176630435,360.40234375,3994.8441465691753,1628.057483159242,8098.030488483365,3429.1754756871037,87886.57122452186,35817.26462950333,graphhopper,offline,ohare_filtered_vid_349_sr_1.0,0face264fcc546bca4f409af832bd767,349,batches,10.0,50.0
20.0,0.26416608277074877,0.7235179160565722,4.823969822129152,304.9468410326087,345.78515625,2952.212941349847,545.9600132725457,6639.026812313804,1278.17775571003,61996.47176834679,11465.160278723459,graphhopper,offline,ohare_filtered_vid_349_sr_1.0,7ad27f817a9f49428139ad2c25976577,349,batches,30.0,50.0
15.0,0.003915406050432543,0.005548835551330799,0.06020642397651797,14.844835069444445,19.44140625,3870.587871937363,7210.943466647937,5986.096370197411,11258.023595078017,61929.40595099781,115375.095466367,osrm,offline,ohare_filtered_vid_349_sr_1.0,a07a632204454ba5b186c74da4d62084,349,batches,5.0,
15.0,0.0024696891073128086,0.0037829416424610502,0.03781873294970935,15.009191176470589,20.57421875,2215.905116358257,4671.311088537421,3706.1081630348876,7814.9486282036805,35454.481861732114,74740.97741659873,osrm,offline,ohare_filtered_vid_349_sr_1.0,02f77610ee2c48d7aa506cb661d9e8d9,349,batches,10.0,
15.0,0.001572852996302131,0.002370321876704855,0.023911161212439035,10.461588541666666,14.734375,1341.3643452101946,3462.671319347788,2093.203883495146,5522.558537978299,21461.829523363114,55402.74110956461,osrm,offline,ohare_filtered_vid_349_sr_1.0,9f94f943831c4abeb71812a97fdcfaab,349,batches,30.0,
21.0,1.1399761696303436,2.7576780450938405,23.794707020255807,1452.1750710227273,1482.35546875,540.9864107134877,884.0562375244753,1484.2041312272177,2514.778159173755,11901.701035696728,19449.237225538454,graphium,online,ohare_filtered_vid_349_sr_5.0,7e834d30f33a4623a1a407e43b46a6b3,349,native,5.0,
21.0,1.1318125824301555,2.7630813850625557,23.548749686403145,1458.5193536931818,1511.23828125,435.9411791003027,849.9996158740203,961.0825050892107,2434.345898694767,9590.705940206659,18699.991549228445,graphium,online,ohare_filtered_vid_349_sr_5.0,297c156018cb4689bfe71e82299b867b,349,native,10.0,
21.0,1.1615422880753523,2.6925817836394708,24.335570354324418,1464.077059659091,1507.66015625,363.55955398265087,733.2624479785695,869.594018312819,2283.3302947792117,7998.310187618319,16131.773855528529,graphium,online,ohare_filtered_vid_349_sr_5.0,c6c53a0983a44a6a828394c62cdcf9be,349,native,30.0,
14.0,0.19461591190705152,0.29404638099134356,2.665217478242797,186.28607536764707,236.7734375,8558.916754491156,124195.846246769,15271.215789473681,236341.86072668902,128383.75131736734,1862937.693701535,barefoot,online,ohare_filtered_vid_349_sr_5.0,f403242bccb64167a9506fc1adda8a5d,349,native,,
20.0,0.2495653223018499,0.6844160106471818,4.5564557576916656,325.06997282608694,363.58984375,1260.4080655229805,707.7365350797087,2383.3042544624886,1507.5828747819087,26468.56937598259,14862.467236673881,graphhopper,offline,ohare_filtered_vid_349_sr_5.0,a97ed11629434eee88c3da4ebd332482,349,batches,5.0,50.0
20.0,0.2385231682343281,0.5991279036892515,4.472785084392399,301.8279551630435,347.203125,851.6244420487651,311.33404053423135,1675.3061805753346,715.7909330375711,17884.113283024068,6538.014851218858,graphhopper,offline,ohare_filtered_vid_349_sr_5.0,48f74c2a82024a87902018e3e7d681fd,349,batches,10.0,50.0
20.0,0.2505704713031417,0.5757342538461537,4.796017838452788,324.3148082386364,348.84375,679.2810044301705,126.45688715951162,1807.6563958916902,372.91288515406166,14264.90109303358,2655.594630349744,graphhopper,offline,ohare_filtered_vid_349_sr_5.0,9c43d831b81245dcaf62774dd5f38aed,349,batches,30.0,50.0
14.0,0.001244978554668825,0.0018707429322813937,0.017206569169929565,7.339384191176471,9.953125,910.4056848213127,1621.8013992288093,1447.3577510474388,2641.9419110690637,13656.08527231969,24327.020988432138,osrm,offline,ohare_filtered_vid_349_sr_5.0,94510aeda19d494e9f8ca83e534da77d,349,batches,5.0,
15.0,0.000972130719363915,0.001507136427928507,0.014700574679164951,6.437282986111111,9.27734375,623.2081759202845,1286.111197194006,1050.291036088475,2289.295809080326,9971.330814724552,20577.779155104097,osrm,offline,ohare_filtered_vid_349_sr_5.0,523fe67c51ea471e85780fd2976f4b6c,349,batches,10.0,
16.0,0.0002387278453230542,0.00043687476256806405,0.0038548965727929763,3.2914496527777777,4.03125,292.5388721887674,486.3723726957993,550.1616563251868,957.8333333333334,4973.160827209046,8268.330335828588,osrm,offline,ohare_filtered_vid_349_sr_5.0,16572add625d428d81ce357c3a8992b1,349,batches,30.0,
21.0,1.1323172530323293,2.651510901720171,23.504041022448313,1448.504794034091,1480.41015625,230.90329865129905,642.0998126821695,472.8192161820481,2124.6166666666663,5079.872570328579,14126.195879007728,graphium,online,ohare_filtered_vid_349_sr_10.0,fbc4dcb1c26d460b802f5255b1c57b63,349,native,5.0,
22.0,1.1548372549232888,2.7245056684251887,25.281175082176578,1448.031929347826,1499.21484375,239.20967745927626,643.684675450691,610.03127108249,2275.475,5501.822581563354,14804.747535365892,graphium,online,ohare_filtered_vid_349_sr_10.0,9e5f934357b74c7eb105b7e044e58e7a,349,native,10.0,
21.0,1.1230761775585598,2.628652652005175,23.38964442641152,1444.2487571022727,1487.9140625,245.0667886195943,577.5749352893029,643.481238795267,2207.9983385504456,5391.469349631075,12706.648576364663,graphium,online,ohare_filtered_vid_349_sr_10.0,7ae1fecfe1ee436098acd0f853eb6afa,349,native,30.0,
14.0,0.16492111308030472,0.2640393577058565,2.268931519902684,163.45932904411765,213.359375,7619.606709303486,39118.84888417984,15295.423245283022,76805.01992890229,114294.1006395523,586782.7332626976,barefoot,online,ohare_filtered_vid_349_sr_10.0,b8de9f24b17d408690e53a9a859b21d6,349,native,,
20.0,0.24396956622215468,0.6745690379797981,4.659764377937975,332.2014266304348,386.4453125,630.2677984807126,329.5609593627661,1123.678762122698,709.1642148850386,13235.623768094963,6920.780146618087,graphhopper,offline,ohare_filtered_vid_349_sr_10.0,96345839622c47e495dc96bef1d632cc,349,batches,5.0,50.0
20.0,0.2307307469307815,0.634774755513308,4.210570930033104,306.4859035326087,340.76953125,565.5661689566655,209.16779804951616,1240.4166666666667,531.5848333333333,11876.889548089976,4392.523759039839,graphhopper,offline,ohare_filtered_vid_349_sr_10.0,087ea7471be84e74bba51a351c382a40,349,batches,10.0,50.0
20.0,0.22644688566581012,0.6247726940393825,4.343760122079405,342.4586292613636,375.140625,132.36845308850812,4.6812656825616745,320.19538968166853,14.396340374888425,2779.7375148586702,98.30657933379516,graphhopper,offline,ohare_filtered_vid_349_sr_10.0,7e847b08bdc0423f89757fe734237001,349,batches,30.0,50.0
15.0,0.0007899651480018015,0.0011980330257406508,0.011585132809205295,4.636029411764706,5.98046875,465.18748227624343,731.1003286786514,822.3877228616565,1334.85365605958,7442.999716419895,11697.605258858423,osrm,offline,ohare_filtered_vid_349_sr_10.0,24290eb6a7194264b601167fc7eb33b1,349,batches,5.0,
15.0,0.00073181419106497,0.0011926395304568526,0.010843227628105509,4.332490808823529,6.1796875,384.639164882184,701.5636564599979,613.0737134909597,1481.86314325452,6154.226638114944,11225.018503359966,osrm,offline,ohare_filtered_vid_349_sr_10.0,035e703ebb804718bbd08d18677fc5d9,349,batches,10.0,
14.0,0.0004928293657976608,0.00128511753371869,0.006107322953246222,2.155560661764706,2.203125,167.7565427236991,6.651177774727724,319.6984174240051,13.122535211267605,2516.3481408554867,99.76766662091586,osrm,offline,ohare_filtered_vid_349_sr_10.0,989f7d81995d4585a148b51f597cb9f2,349,batches,30.0,
21.0,1.1316963399559994,2.8768302705170647,23.72017181236532,1455.83203125,1503.26171875,92.00786264737837,2.5882471934088365,299.5768782275529,11.200000000000003,2024.1729782423242,56.9414382549944,graphium,online,ohare_filtered_vid_349_sr_20.0,6b8e662475544948afb21eb3cbdfdbda,349,native,5.0,
21.0,1.0831606544321568,2.4582362580645163,22.518209707903395,1448.6985085227273,1472.51953125,101.00870035709853,2.6227334007828196,313.0014718369657,11.887913954146617,2222.1914078561676,57.70013481722203,graphium,online,ohare_filtered_vid_349_sr_20.0,f1d5fe2a37bb40ccb599f5ddede044ff,349,native,10.0,
21.0,1.1137996410830238,2.6052356437864512,23.28460823148388,1450.831143465909,1483.6796875,105.52466725719492,2.877242499119695,295.6709022201228,12.322801167152981,2321.5426796582883,63.2993349806333,graphium,online,ohare_filtered_vid_349_sr_20.0,8fbc3a1d7e334c768cae0058fbbbb2a6,349,native,30.0,
14.0,0.13800986731375942,0.2148986700111759,1.889661783416465,135.86351102941177,184.66796875,6611.292250283283,15310.706440426651,13816.690909090908,30649.125047898844,99169.38375424924,229660.59660639978,barefoot,online,ohare_filtered_vid_349_sr_20.0,bc5c6bd1336e43dfbe5becae82e917bd,349,native,,
20.0,0.24684230287230963,0.5551132516082399,4.652923171006643,344.25443892045456,381.75,327.8800939459413,136.28794810891006,517.0168325347095,319.33808943584745,6885.481972864768,2862.046910287111,graphhopper,offline,ohare_filtered_vid_349_sr_20.0,9664d788464c43d8a10231ba1cc33ae9,349,batches,5.0,50.0
19.0,0.22645397780525198,0.5507339544053601,3.9916053375817246,301.21004971590907,350.66015625,278.2214857399264,75.11321663195449,395.56423796791444,186.78300948415455,5564.429714798528,1502.2643326390896,graphhopper,offline,ohare_filtered_vid_349_sr_20.0,c2027a0f24fe4dd6bd9e2ad452cc93ec,349,batches,10.0,50.0
19.0,0.2165973527242422,0.6853120815959741,3.6466349728888705,314.75071022727275,365.21875,134.1739693956156,4.759385659376296,311.8099526066351,13.69216190170254,2683.4793879123117,95.18771318752592,graphhopper,offline,ohare_filtered_vid_349_sr_20.0,43c680bf8a91427a9f02fc043876f68a,349,batches,30.0,50.0
14.0,0.000592331897705302,0.0010493506879432624,0.00796008601935642,3.6638327205882355,4.3359375,316.1768904774851,400.30980325315755,524.7191051454139,658.3771812080537,4742.653357162276,6004.647048797363,osrm,offline,ohare_filtered_vid_349_sr_20.0,3615ee8f18214e698d20f6a05425a5cb,349,batches,5.0,
14.0,0.0005829371174111338,0.0011964484388185658,0.007547608322348442,3.053955078125,3.64453125,248.81456749236486,290.65330147503704,464.5632161260988,582.2959381630798,3732.218512385473,4359.799522125556,osrm,offline,ohare_filtered_vid_349_sr_20.0,192c4f2e6d1b4c39a6761ce1795367ce,349,batches,10.0,
13.0,0.00045088455033402263,0.0012347072198275859,0.005366361829676316,2.1252297794117645,2.22265625,180.51957425626307,6.630407160227386,297.4019505928854,12.769275700934578,2527.274039587683,92.8257002431834,osrm,offline,ohare_filtered_vid_349_sr_20.0,744b831cc94f40ae91e2bf1af6221605,349,batches,30.0,
24.0,1.10166014543447,2.8528594495412842,26.24233023625808,1450.3253125,1493.7734375,3297.4182972577405,3605.4341322191035,6292.942892404355,7636.085626911316,82435.45743144352,90135.85330547759,graphium,online,ohare_filtered_vid_1356_sr_1.0,5961ec200aa44790badc6a4fa814620c,1356,native,5.0,
24.0,1.1547437263812843,2.8017120079173083,27.493547451693683,1446.26765625,1482.84375,2141.007095234572,2127.700652154113,4254.579439252336,4781.304914809961,53525.17738086429,53192.51630385282,graphium,online,ohare_filtered_vid_1356_sr_1.0,cea0f3a556304cd0896a74c29421bc1c,1356,native,10.0,
24.0,1.0165813407980306,2.6886216759248316,24.14991015868877,1446.06875,1481.78125,1661.9245306257487,1279.710190957204,3417.866323907455,2926.606683804627,41548.11326564372,31992.754773930104,graphium,online,ohare_filtered_vid_1356_sr_1.0,30b7ee30053a41b5b993049ca248ff89,1356,native,30.0,
17.0,0.5053178761199288,0.7485035460992909,8.787575436825387,373.897265625,626.828125,18056.225800717864,1637904.414470126,25519.814275932902,3692715.4410849824,325012.06441292155,29482279.460462265,barefoot,online,ohare_filtered_vid_1356_sr_1.0,f3b8ca3805164a7da28a7ef6f54534d1,1356,native,,
23.0,0.2836041130951413,0.6635713236315086,6.2231502967651435,357.495625,398.65625,5738.603770446844,3410.4462946887,10918.33198567633,6640.641217852613,137726.49049072425,81850.71107252881,graphhopper,offline,ohare_filtered_vid_1356_sr_1.0,ef7b037582124d45b4b73a74f0b7066c,1356,batches,5.0,50.0
22.0,0.2630933880842839,0.6017209512534021,5.6201822087354225,345.3751627604167,391.5859375,4526.271922933471,1841.8724671223292,8358.382167068828,3518.0972078593595,104104.25422746984,42363.06674381357,graphhopper,offline,ohare_filtered_vid_1356_sr_1.0,db6e47045baa443191c864b71080b45b,1356,batches,10.0,50.0
22.0,0.23822797476984667,0.6815200719942405,4.797723347712233,317.19203125,367.8984375,3040.1078552080617,562.6255331456417,6423.626967912511,1237.9521692104315,69922.48066978542,12940.387262349761,graphhopper,offline,ohare_filtered_vid_1356_sr_1.0,9517ce3399b44cb49380fdffe576117a,1356,batches,30.0,50.0
17.0,0.0024873072648571326,0.003678379441457979,0.043258303870582694,16.396792763157894,23.08984375,2412.387951891887,4925.897931662742,3716.8708553444985,7586.825595984944,43422.98313405397,88666.16276992936,osrm,offline,ohare_filtered_vid_1356_sr_1.0,98b4bb910a2643c5845579ed7d193216,1356,batches,10.0,
16.0,0.0016281774171722956,0.002285940545808967,0.02635510030245534,12.325452302631579,18.6328125,1511.3704753657416,3685.934830804364,2146.8933317371007,5657.368610080211,25693.298081217607,62660.89212367419,osrm,offline,ohare_filtered_vid_1356_sr_1.0,20b07da8a967495f93cd48b8c7e89b5a,1356,batches,30.0,
23.0,1.040849538124284,2.6242109002109006,23.68311810025132,1450.1306966145833,1488.4921875,582.2675685353894,1158.7042489147484,1566.688664575092,3469.3746146501157,13974.421644849346,27808.90197395396,graphium,online,ohare_filtered_vid_1356_sr_5.0,c87b227298c244938e7d466a305535b1,1356,native,5.0,
23.0,1.0135021824885293,2.7092641749300785,23.022120861743055,1453.1943359375,1495.71875,462.007163713224,1027.24229907302,1149.5429874612566,3161.2623419591164,11088.171929117376,24653.81517775248,graphium,online,ohare_filtered_vid_1356_sr_5.0,b1862b73ab7d4a9299b9a96fc288831f,1356,native,10.0,
24.0,1.0018465117323516,2.4061311539976367,23.76864535921111,1452.03359375,1493.38671875,355.2264040925014,797.0104423768194,852.4969549330085,2564.953982947625,8880.660102312535,19925.261059420485,graphium,online,ohare_filtered_vid_1356_sr_5.0,6ab6a292ea094e7f818a24cbc31a3d45,1356,native,30.0,
16.0,0.18990643979560784,0.3282303456163656,3.055584097643346,180.8147615131579,226.85546875,7938.4655287254445,117192.7047371349,14401.512008501593,272645.60439560434,134953.91398833256,1992275.9805312934,barefoot,online,ohare_filtered_vid_1356_sr_5.0,f380a90f56bc45afa0433f0c3e2c5f41,1356,native,,
23.0,0.2503167241419339,0.6300461263659699,5.599287515462191,353.58265625,379.93359375,1182.184135322877,664.9012275650239,2313.3893165383715,1425.0143430866324,28372.419247749047,15957.629461560573,graphhopper,offline,ohare_filtered_vid_1356_sr_5.0,405288d2ef0c46aa961f3fe47d6e2776,1356,batches,5.0,50.0
23.0,0.23933657714839127,0.7087611803001878,5.373869391711484,329.99796875,370.640625,867.4334290762869,333.8777771107669,1891.0520887055181,838.3187209902011,20818.402297830886,8013.066650658406,graphhopper,offline,ohare_filtered_vid_1356_sr_5.0,cf7e4fdc107849429b07536232bd0010,1356,batches,10.0,50.0
22.0,0.2557445417122622,0.8126697392405063,5.336079436996954,329.1009375,387.3359375,711.0677250018355,134.8600799498119,1832.1755458515283,366.6889737991266,16354.557675042215,3101.7818388456735,graphhopper,offline,ohare_filtered_vid_1356_sr_5.0,56fcc14fd2b14781aa0e92d7e00352f2,1356,batches,30.0,50.0
16.0,0.0013136478257001984,0.0019523365575107793,0.021007240959718353,7.3246299342105265,10.44921875,933.510938095932,1720.0913200417965,1368.6757589089311,2768.5474790441635,15869.685947630845,29241.55244071054,osrm,offline,ohare_filtered_vid_1356_sr_5.0,bdeacdcdac8f47da8aa9656ca74e1332,1356,batches,5.0,
17.0,0.0009790457958781895,0.0015300901574035383,0.016723925998048214,6.7162828947368425,9.45703125,606.426253546592,1273.604753541487,899.0732368896925,2116.3081540770386,10915.672563838656,22924.885563746768,osrm,offline,ohare_filtered_vid_1356_sr_5.0,b565f867ab544fb1b4102b2294763e7a,1356,batches,10.0,
16.0,0.0005942466502445599,0.0010166019047619052,0.009085591149395613,4.124177631578948,5.9921875,403.06858540055975,918.2805169639701,670.319541171651,1949.411375826369,6852.165951809516,15610.768788387491,osrm,offline,ohare_filtered_vid_1356_sr_5.0,ddee8c516d4547a388f13a69e11684cd,1356,batches,30.0,
23.0,1.153191093791226,2.9322344682344683,26.384824007412597,1455.0001627604167,1495.53515625,263.64327217121945,863.7627922708419,627.3963365769891,2809.45,6327.438532109267,20730.307014500206,graphium,online,ohare_filtered_vid_1356_sr_10.0,173364859f0745c8a992c6cdf126689e,1356,native,5.0,
23.0,1.1256084171221772,2.5970978514108207,25.63055338687922,1454.6510416666667,1477.265625,226.9178704864454,784.9961382185164,533.7527411492048,2473.5561581650936,5446.0288916746895,18839.907317244393,graphium,online,ohare_filtered_vid_1356_sr_10.0,ba21b6d84c964b9e92a75ccac4a500cd,1356,native,10.0,
24.0,1.0428301384655358,2.4994422470018938,24.809027097387983,1452.26265625,1475.71875,243.73238690720723,777.0676044960954,613.3019536337587,2621.6,6093.3096726801805,19426.690112402386,graphium,online,ohare_filtered_vid_1356_sr_10.0,c646d213a9df4ba99fcd314002c47657,1356,native,30.0,
17.0,0.13778067729854657,0.24310825807825395,2.3262754410427124,174.3581414473684,220.2265625,7123.699826305279,41381.71972477007,14671.716804635764,93655.01562944018,128226.59687349503,744870.9550458612,barefoot,online,ohare_filtered_vid_1356_sr_10.0,1462eb0dc062481d9c8663845daf48e6,1356,native,,
22.0,0.24998066427848828,0.5820917373194042,5.211629569949605,348.2610677083333,376.89453125,691.6594447252295,369.22300932210817,1137.8172299988619,714.5783543871629,15908.167228680279,8492.129214408487,graphhopper,offline,ohare_filtered_vid_1356_sr_10.0,207f9cda9ab645c7b4df297e8fc07a40,1356,batches,5.0,50.0
22.0,0.2663313163729616,0.5888238679245283,5.536796408653589,340.4441731770833,386.55078125,515.2622734850165,183.45064317927884,1133.8815366825131,519.0371065141977,11851.032290155379,4219.364793123414,graphhopper,offline,ohare_filtered_vid_1356_sr_10.0,028a18ae0a3b44bb94f4eefef5945925,1356,batches,10.0,50.0
22.0,0.24720917709437173,0.5406268000000001,5.153822370473055,317.3072916666667,359.421875,431.94365220528584,84.37330745078025,1133.3,249.85000000000002,9934.704000721575,1940.5860713679458,graphhopper,offline,ohare_filtered_vid_1356_sr_10.0,3e10197042934f96ba7015c14f8aceca,1356,batches,30.0,50.0
16.0,0.0008753055876065724,0.00142377508686588,0.013456419902445851,5.881784539473684,8.2734375,559.6814688175833,1015.9386668129727,885.3469344384232,1715.556055830707,9514.584969898917,17270.957335820534,osrm,offline,ohare_filtered_vid_1356_sr_10.0,5e5748616e2e43a089105b16c948996c,1356,batches,5.0,
17.0,0.0006821224146615762,0.0013871740248962657,0.011350282551045301,4.474712171052632,6.0234375,359.96673800415215,695.8374557183438,580.6451612903226,1430.2329134404254,6479.401284074738,12525.07420293019,osrm,offline,ohare_filtered_vid_1356_sr_10.0,ba03f96ea55542579349b40bb4450b08,1356,batches,10.0,
16.0,0.0005130758276919347,0.0011307501525320313,0.007591538918230859,2.896998355263158,4.30078125,258.41823381283103,467.8946360754494,374.29906542056074,1516.543769470405,4393.109974818128,7954.208813282639,osrm,offline,ohare_filtered_vid_1356_sr_10.0,d76aea7ac74f4433953443a1b00bd75b,1356,batches,30.0,
23.0,1.0128166007631325,2.4674311263318107,22.96649822926308,1450.1598307291667,1489.3984375,92.19456885351887,2.454469496868136,290.4215991555614,11.951572182694514,2212.669652484453,58.90726792483527,graphium,online,ohare_filtered_vid_1356_sr_20.0,399c5ddaeee545cabc0a9284b409ade5,1356,native,5.0,
23.0,0.9965996846397652,2.5117552369216978,22.742962746158835,1450.07666015625,1477.734375,88.51131104690627,2.5382690469683253,291.75055865921786,11.708938547486035,2124.2714651257506,60.918457127239805,graphium,online,ohare_filtered_vid_1356_sr_20.0,3111c82aa5184d0b945b316e5b5aa662,1356,native,10.0,
23.0,1.05808016500986,2.919512020138452,23.98859070856932,1457.5035807291667,1501.30078125,89.7728415999048,2.376588885330466,316.1721849133219,11.341738247696394,2154.548198397715,57.038133247931185,graphium,online,ohare_filtered_vid_1356_sr_20.0,a1eb2342d04c4ed98b7fdba0c9d0f647,1356,native,30.0,
16.0,0.1303046313442929,0.2364552373006427,2.0869232773316964,145.79091282894737,206.92578125,5653.454692096107,18378.14224492731,12294.205888376857,39769.89619377162,96108.7297656338,312428.41816376423,barefoot,online,ohare_filtered_vid_1356_sr_20.0,958c97a142ff4b928be4f2e9202c38d0,1356,native,,
21.0,0.24566707252199782,0.591295617787555,4.813379977696397,352.4772135416667,407.671875,402.23247207927744,189.11423977455982,592.3510228283427,460.61645355850425,8849.114385744104,4160.513275040316,graphhopper,offline,ohare_filtered_vid_1356_sr_20.0,48f818a9fb054ec6a53958d9f9d66d29,1356,batches,5.0,50.0
22.0,0.2692875251362312,0.7937095405405405,5.718440294349534,361.2014973958333,417.03125,243.08260492614164,71.97665803952597,430.06451612903226,204.64095483870966,5590.899913301258,1655.4631349090973,graphhopper,offline,ohare_filtered_vid_1356_sr_20.0,aae700aaf81a44c48f7ad8fca8172769,1356,batches,10.0,50.0
21.0,0.19453809589415647,0.5601610558676028,3.71967705380384,335.5758463541667,382.88671875,126.86993228584888,4.233741839826397,321.2749821198684,15.633099297893683,2791.138510288675,93.14232047618074,graphhopper,offline,ohare_filtered_vid_1356_sr_20.0,cf631671862d4fcd9388be83a0816ae7,1356,batches,30.0,50.0
16.0,0.0005965282358353885,0.0010275300875656741,0.009286401898341876,4.248914930555555,5.44140625,330.9753798778219,537.898766983349,542.6238178633976,987.0768203219096,5626.581457922973,9144.279038716933,osrm,offline,ohare_filtered_vid_1356_sr_20.0,2349ff3122564276a131e1385eecf2bf,1356,batches,5.0,
16.0,0.00041311207375670407,0.0008314066666666668,0.006191498587197302,3.0462582236842106,3.8984375,226.1122808409833,323.41767063963624,441.77953216374266,724.3311111111111,3843.908774296716,5498.100400873816,osrm,offline,ohare_filtered_vid_1356_sr_20.0,e3a2755e7da44ae4899fa4779d403d1c,1356,batches,10.0,
16.0,0.0003634818562102899,0.0010548638259292845,0.005124327729645644,2.1653645833333335,2.2109375,157.19243945529274,5.902700132038544,304.79446157972376,12.6,2672.2714707399764,100.34590224465525,osrm,offline,ohare_filtered_vid_1356_sr_20.0,52d6166b670949f685e5133237ce23ee,1356,batches,30.0,
24.0,1.076073262911839,2.790493265153405,25.676892594224547,1444.3034375,1494.45703125,2974.138886759228,3045.4917204370618,6581.473733147373,6849.197114265768,74353.4721689807,76137.29301092654,graphium,online,ohare_filtered_vid_495_sr_1.0,72e4f37ba4da405e87133d07e5261330,495,native,5.0,
24.0,1.0618089170100726,2.388862088094974,25.229740683238187,1447.6665625,1469.53125,2208.784277473145,2116.0518802417114,4264.932455063079,4398.084994753411,55219.60693682862,52901.29700604278,graphium,online,ohare_filtered_vid_495_sr_1.0,73f69159ee0a4fc788ae50085b3ae58d,495,native,10.0,
23.0,1.1428358724581689,2.4168982847547076,26.168402059454458,1446.30859375,1469.734375,1572.8594420127063,1202.696243200059,3334.5065996228786,2482.927348154452,37748.62660830495,28864.709836801412,graphium,online,ohare_filtered_vid_495_sr_1.0,88dade0edd7b4094a755a6e97ecba1f0,495,native,30.0,
16.0,0.5242295157220362,0.6590702621400946,8.594059820714865,384.70888157894734,711.73046875,18359.02609712421,2318128.7609350807,26171.60250683683,4986760.875127942,312103.44365111156,39408188.935896374,barefoot,online,ohare_filtered_vid_495_sr_1.0,232405cbde294d62b625a53d473d2f6b,495,native,,
22.0,0.24533906934202285,0.592181910488979,5.164081558817647,313.8325,346.8125,5465.121485856556,3290.2619382297835,11023.133794419271,6827.450512759362,125697.7941747008,75676.02457928502,graphhopper,offline,ohare_filtered_vid_495_sr_1.0,41e1406ac6c247759e2b1b5e748ed81e,495,batches,5.0,50.0
22.0,0.25068319341917883,0.6485171876494024,5.343496431737299,331.7908528645833,356.87890625,4305.843668035205,1774.321636438805,8219.751873234247,3482.2503377963394,99034.40436480973,40809.397638092516,graphhopper,offline,ohare_filtered_vid_495_sr_1.0,dee3fd519ce44ff38a73be2b9884e1ca,495,batches,10.0,50.0
21.0,0.22694617614813345,0.6349731764285714,4.357842698830364,319.8196614583333,358.87109375,3272.485247535858,618.5343241310921,6130.016051364367,1197.3171290988307,71994.67544578887,13607.755130884027,graphhopper,offline,ohare_filtered_vid_495_sr_1.0,17dd87e7d16141e78c0388a9bd73ba8b,495,batches,30.0,50.0
16.0,0.002530509407380323,0.0038113300492610843,0.04139807374125496,14.365131578947368,20.48828125,2414.705174521308,4861.6690831800115,3803.722504230119,7543.941015578546,41049.98796686224,82648.37441406019,osrm,offline,ohare_filtered_vid_495_sr_1.0,533d053321cf4f2eabad53600b0b4c44,495,batches,10.0,
16.0,0.0017155229693955089,0.0023007456108792637,0.028045841204361332,11.105057565789474,16.7578125,1511.5373700005773,3598.926243482389,2253.8204393505252,5795.114656031904,25696.135290009814,61181.746139200615,osrm,offline,ohare_filtered_vid_495_sr_1.0,a31f06d39524403ca080ff3f3fe98229,495,batches,30.0,
23.0,1.1212328229431474,2.5141553854418484,25.643172290596212,1447.2918294270833,1468.09765625,691.7078883965069,1016.4067087427607,1792.4112067063754,2800.1147804985662,16600.989321516165,24393.761009826256,graphium,online,ohare_filtered_vid_495_sr_5.0,1c032af9164448bf906e36c34adf82ce,495,native,5.0,
23.0,1.0567977333200391,2.5612346454825703,24.158743799124125,1440.8927408854167,1480.37890625,478.6444477670772,964.7958961756676,1214.4397686733557,2738.95,11487.466746409853,23155.101508216023,graphium,online,ohare_filtered_vid_495_sr_5.0,4940551c66e241b48c17d61eff12e716,495,native,10.0,
22.0,1.1117353333862634,2.5540113912034594,24.19606559859668,1454.3634510869565,1482.5,358.4596220222255,738.5923853559357,946.5783067351908,2366.0300784419796,8244.571306511187,16987.62486318652,graphium,online,ohare_filtered_vid_495_sr_5.0,48f614acb3c54d668e5d7ca86924dfcf,495,native,30.0,
16.0,0.18918871765060832,0.3024303612082904,3.0128070311380357,181.79584703947367,231.59765625,8025.860150943353,132197.00023905982,14384.882228428634,283061.28369394416,136439.622566037,2247349.004064017,barefoot,online,ohare_filtered_vid_495_sr_5.0,e1197d02d472494d9ea679dd70853077,495,native,,
21.0,0.25664521117374356,0.6767877057190449,5.194651082246567,323.5314198369565,348.3125,1260.38579938941,708.5480959139494,2437.9121493237953,1546.1048396110427,27728.487586567022,15588.058110106886,graphhopper,offline,ohare_filtered_vid_495_sr_5.0,be2c9207515b4b14a8e97b824ecc49f9,495,batches,5.0,50.0
21.0,0.22812500168115638,0.5507014144396553,4.505263049122643,321.8546549479167,365.8515625,951.5792448273922,368.5299069963367,1988.0855672894666,873.8153262929867,20934.74338620263,8107.657953919407,graphhopper,offline,ohare_filtered_vid_495_sr_5.0,8d3e2117140340a8b16276f160b9e389,495,batches,10.0,50.0
21.0,0.2738672063535729,0.663108415014437,5.361970124764168,357.1525135869565,393.08984375,685.2599653516897,132.15159753081196,1725.7427004972587,371.17274002295045,15075.719237737174,2907.335145677863,graphhopper,offline,ohare_filtered_vid_495_sr_5.0,2f4c287ca019488080fb825c0f940d97,495,batches,30.0,50.0
16.0,0.0011983048413421636,0.0018789617486338799,0.019065049249216346,6.559210526315789,9.015625,928.5243284911159,1648.2260487719775,1361.6892545982573,2573.088092933204,15784.91358434897,28019.842829123616,osrm,offline,ohare_filtered_vid_495_sr_5.0,cec113397eb246cdb82f166c73739544,495,batches,5.0,
16.0,0.0009472682858302909,0.0014937905890395357,0.01479333694945762,6.587993421052632,9.4609375,594.5298720952345,1160.0791374406128,1046.4006938421508,2110.843625325239,10107.007825618986,19721.34533649042,osrm,offline,ohare_filtered_vid_495_sr_5.0,3e3acc812cfc4d5b913d1fe288185954,495,batches,10.0,
16.0,0.0007201604713136327,0.001129693531468531,0.011113034480863227,4.014539930555555,5.77734375,398.79140006234894,833.8644640908142,653.9143485777148,1971.1538268112524,6779.453801059932,14175.695889543842,osrm,offline,ohare_filtered_vid_495_sr_5.0,b5ddc052ef764cf4b1a95221fc86fde5,495,batches,30.0,
23.0,1.0808329250143631,2.430618010254758,24.678403004464066,1457.6422526041667,1516.30078125,266.35901074106044,825.3149718769737,630.5899612598955,2752.9833333333336,6392.61625778545,19807.55932504737,graphium,online,ohare_filtered_vid_495_sr_10.0,ecbec04c51494e76bd9b8515f93c4117,495,native,5.0,
23.0,1.0738580158101687,2.8658619897959188,24.489401754013315,1445.326171875,1489.90234375,242.0248492256909,701.1220257577816,547.8348366692661,2194.2666666666664,5808.596381416582,16826.928618186757,graphium,online,ohare_filtered_vid_495_sr_10.0,4b6ea545070b44ed89ed1b1848e1f9ca,495,native,10.0,
23.0,1.0687450162284595,2.860514612610372,24.418522248929577,1448.1219075520833,1492.23046875,223.31741820311754,614.4578799212906,496.96811510791366,2194.266666666667,5359.618036874821,14746.989118110974,graphium,online,ohare_filtered_vid_495_sr_10.0,ef73b6f171104c57b2bc85b18fa732ef,495,native,30.0,
15.0,0.14766448077229355,0.24978558633337689,2.1809613731815496,178.97113715277777,225.04296875,6774.715957635299,43230.23008462409,13496.475950723085,91703.21527254459,108395.45532216478,691683.6813539854,barefoot,online,ohare_filtered_vid_495_sr_10.0,3e93db753e724a9dae788c89c62209d3,495,native,,
21.0,0.2262349917707869,0.5569950419047619,4.4807869445689725,316.8271484375,357.734375,655.6095554055415,347.1721014168282,1195.954033995691,771.3670098156573,14423.410218921914,7637.78623117022,graphhopper,offline,ohare_filtered_vid_495_sr_10.0,5baaaa9976f140db9c0e6f4758b73982,495,batches,5.0,50.0
21.0,0.27373484273374243,0.7267044173664121,5.5550119319362254,326.18291440217394,367.48828125,535.6004373861107,203.19388424508716,1039.9487537852317,500.3494060097833,11783.209622494436,4470.265453391918,graphhopper,offline,ohare_filtered_vid_495_sr_10.0,123b8480418e4bba9637a6cad9e55de0,495,batches,10.0,50.0
22.0,0.2534618196659164,0.773121743414634,5.388905474755102,345.5120442708333,411.453125,415.3748615635017,80.93203575265281,1053.3514104372355,243.22500000000002,9553.62181596054,1861.4368223110146,graphhopper,offline,ohare_filtered_vid_495_sr_10.0,f606e3da2ee8459a9505c6d028f72b0c,495,batches,30.0,50.0
16.0,0.0008352159076969383,0.0012883600658255617,0.013106199936430089,5.897786458333333,7.6796875,517.1171083639215,876.5787217452336,923.3839671803968,1600.7775917507481,8790.990842186666,14901.838269668971,osrm,offline,ohare_filtered_vid_495_sr_10.0,98c447c0bdef495cb0d769e34139a478,495,batches,5.0,
15.0,0.0007432387017260132,0.0012130014731879786,0.010678817754428235,4.437934027777778,6.2734375,391.82443175430535,703.0307703900867,685.8131487889274,1355.8348442906574,6269.190908068886,11248.492326241387,osrm,offline,ohare_filtered_vid_495_sr_10.0,0b9b4554431048fda77185a29cb567b4,495,batches,10.0,
17.0,0.0005487932282230283,0.0014341371784879191,0.008929877484475927,2.9944490131578947,4.15625,236.75773546942634,391.17777825770673,363.1375483227335,1308.1489866386428,4261.639238449674,7041.200008638722,osrm,offline,ohare_filtered_vid_495_sr_10.0,f9a6f07ac11d48709776d92254bfd799,495,batches,30.0,
22.0,1.074007831765482,2.593972936818276,23.334725290041234,1466.1368885869565,1482.4453125,167.0157058892369,8.29717890258911,322.01751338833407,25.196555217831815,3841.3612354524485,190.83511475954953,graphium,online,ohare_filtered_vid_495_sr_20.0,c7970b096a9b45fab3f30d820956960e,495,native,5.0,
23.0,1.0538145245681163,2.6892061971129917,24.051570400644152,1449.3087565104167,1479.12109375,157.3755627945317,7.883319242651201,308.2562911725956,24.11979578392622,3777.013507068761,189.19966182362882,graphium,online,ohare_filtered_vid_495_sr_20.0,eb57f8b01b2d4248aa634bcae85272ec,495,native,10.0,
22.0,1.024565124586,2.8287719989493043,22.2968621679462,1458.0366847826087,1515.73046875,86.31261185423007,2.2334569641428095,302.21617967050037,11.00196463654224,1985.1900726472916,51.36951017528462,graphium,online,ohare_filtered_vid_495_sr_20.0,0cad0c4b5ea2453d88b5911812fe8f87,495,native,30.0,
15.0,0.1470525742685071,0.24621128668541958,2.2006147231954425,150.31163194444446,201.0546875,6464.507255546803,16978.4046315132,16906.538814317675,34348.2252827231,103432.11608874885,271654.4741042112,barefoot,online,ohare_filtered_vid_495_sr_20.0,7d7039f49bbf468caa3b8d21d8dd4704,495,native,,
21.0,0.2341253490700786,0.6015767051779936,4.719189132225625,312.55502717391306,340.6171875,373.3693900840272,174.21270911178863,740.5477460009695,479.69436500242364,8214.126581848599,3832.67960045935,graphhopper,offline,ohare_filtered_vid_495_sr_20.0,43f3f8f4877f46e28efd6c19a46a5591,495,batches,5.0,50.0
20.0,0.2426705526648372,0.6882948994652407,4.622184300079229,331.3186141304348,404.92578125,277.14934706032125,84.27431576460064,412.5210285988946,200.0959557900025,5820.136288266746,1769.7606310566136,graphhopper,offline,ohare_filtered_vid_495_sr_20.0,a6067d8eec964b4ba606ce12a4b59e23,495,batches,10.0,50.0
21.0,0.1961040768325647,0.6607403096774194,3.653549380639004,311.2864583333333,345.92578125,126.25677497171613,4.351307191653807,305.2685277500831,14.269611307420494,2777.6490493777546,95.72875821638375,graphhopper,offline,ohare_filtered_vid_495_sr_20.0,f8997a84c67048998abc330a28e25918,495,batches,30.0,50.0
16.0,0.0006245556995486546,0.0012607310465116285,0.00968014607837364,3.9962993421052633,5.4453125,339.6289733489548,498.59205442074597,518.5100155931391,933.7473943661972,5773.692546932231,8476.064925152681,osrm,offline,ohare_filtered_vid_495_sr_20.0,5e4ed1e9c21a44c4adc37aec45dcb176,495,batches,5.0,
15.0,0.0005032064360364623,0.001280984359805511,0.0067703186167778874,2.841579861111111,3.5859375,247.37638364320037,240.1800651409545,420.28186995728527,501.3627994481374,3958.022138291206,3842.881042255272,osrm,offline,ohare_filtered_vid_495_sr_20.0,762b2cf2805e422f9f743ce391494f73,495,batches,10.0,
15.0,0.00029326630180042095,0.0008459677314211215,0.0038462930973856137,2.127170138888889,2.21484375,164.81217958117034,5.780980328467988,278.66656812022666,12.173688100517369,2636.9948732987255,92.49568525548781,osrm,offline,ohare_filtered_vid_495_sr_20.0,122d1bf0710644fabbacc84725bc1748,495,batches,30.0,
28.0,0.9535837242146223,2.7719564620758486,26.439339539090877,1445.0033674568965,1485.96484375,4269.194209923008,3892.4131609491615,8765.446910617875,7641.125694690789,123806.63208776723,112879.98166752569,graphium,online,ohare_filtered_vid_479_sr_1.0,c68995ebb9c04cf68bb0c3dd63c1b1b7,479,native,5.0,
28.0,0.9649542168487282,2.681015393939394,26.740752046436253,1442.6740301724137,1482.4296875,2374.3898673024323,2554.840063707984,4404.752679839856,4845.502778351582,68857.30615177054,74090.36184753153,graphium,online,ohare_filtered_vid_479_sr_1.0,2b8293c0d4024da1bfd0821772ace6bf,479,native,10.0,
28.0,0.9251108680696489,2.574710079784246,25.54263752627415,1446.729525862069,1480.625,1855.4249012980672,1623.105932880763,3258.4600294261895,3139.542230937824,53807.32213764395,47070.07205354213,graphium,online,ohare_filtered_vid_479_sr_1.0,518f1368f3ed4bf7ab2e5573612b3835,479,native,30.0,
21.0,0.557209319444555,0.8874181464679197,11.96819741150114,429.3556385869565,723.59765625,18822.85420801648,2345089.9593238775,27371.829512831664,5571937.707006371,414102.79257636255,51591979.1051253,barefoot,online,ohare_filtered_vid_479_sr_1.0,a5c60a5c7cce456c9622ed4a9b6fab86,479,native,,
26.0,0.24847015967792935,0.6826672712174524,6.02602704008664,352.29727909482756,385.734375,6635.760519297159,3983.7724627109164,11071.767941985498,6766.941735433859,179165.53402102328,107561.85649319475,graphhopper,offline,ohare_filtered_vid_479_sr_1.0,2e1faed79d66486b9ec26cf83e295859,479,batches,5.0,50.0
26.0,0.23586961250532393,0.6178120458958516,5.750667491747894,338.92452566964283,366.31640625,4778.401892449591,1966.7199344144367,8365.67576527793,3532.9870703945185,129016.85109613897,53101.43822918979,graphhopper,offline,ohare_filtered_vid_479_sr_1.0,6900e099ecc244de87197873b56eb9d2,479,batches,10.0,50.0
27.0,0.21800174240259504,0.5617623455804046,5.659518820414973,341.5154903017241,375.68359375,3521.961761245316,675.5725218098127,6646.11645122086,1299.7186756113397,98614.92931486886,18916.030610674756,graphhopper,offline,ohare_filtered_vid_479_sr_1.0,f2d289b5f74642308fd96970e5bddd26,479,batches,30.0,50.0
20.0,0.002711525571855226,0.004073525339241208,0.05515155109072484,17.43936820652174,25.3515625,2610.7242819877843,5487.614850804586,3679.7057020232983,7958.997458997458,54825.20992174347,115239.91186689632,osrm,offline,ohare_filtered_vid_479_sr_1.0,f70622399ad74470a395e1595cc34033,479,batches,10.0,
20.0,0.0016709487514971434,0.0023373867156131693,0.03390772858320213,12.187160326086957,20.15234375,1554.3115485258572,4108.660412136574,2324.743393754095,6275.71522166412,32640.542519043003,86281.86865486806,osrm,offline,ohare_filtered_vid_479_sr_1.0,b6c34b9ae8f245808714d705eb922922,479,batches,30.0,
27.0,0.9610725277753405,2.686982678358775,25.571478151791503,1453.6499720982142,1482.19140625,749.5019496761515,1322.0893168457671,1875.7810547363158,3430.215333666583,20986.054590932243,37018.50087168148,graphium,online,ohare_filtered_vid_479_sr_5.0,81e4086cda02402ca8e62a1cbca55ee1,479,native,5.0,
27.0,0.9716778655430366,2.8298985825775107,26.034188920091673,1458.8232421875,1504.421875,496.5609403799013,1088.5533625745616,1194.3400951665417,3231.8440771349865,13903.706330637237,30479.494152087722,graphium,online,ohare_filtered_vid_479_sr_5.0,cc217a897b9849b4854868c5c1712e8f,479,native,10.0,
26.0,0.9487915710392159,2.777523448275862,24.22658356430519,1456.7427662037037,1484.921875,319.55497924125854,762.5699810524883,810.3908152615099,2533.6649194016004,8627.98443951398,20589.389488417182,graphium,online,ohare_filtered_vid_479_sr_5.0,a6e977ae18944899bcc27acb952149c5,479,native,30.0,
20.0,0.15662340867001903,0.26054273843979653,3.1074861528448485,187.94955842391303,225.90234375,7190.434930926675,156357.70756371453,17730.090898812887,377783.5185623079,150999.13354946018,3283511.8588380055,barefoot,online,ohare_filtered_vid_479_sr_5.0,8d563d4a921f4fb7bf3671d0aab3f23b,479,native,,
24.0,0.21638501424552853,0.611522259291553,4.79810309684666,337.8204571759259,387.9609375,1430.5089898521576,833.821516867868,2489.3323293172693,1585.0903614457832,35762.72474630394,20845.5379216967,graphhopper,offline,ohare_filtered_vid_479_sr_5.0,2b41387051eb4b42b4da2f99735c21ec,479,batches,5.0,50.0
25.0,0.21582869307416896,0.6743512386010363,5.151686750239274,332.66099330357144,370.89453125,1083.8558542984952,432.85234510225575,1970.0606877950102,893.8637896156439,28180.252211760875,11254.16097265865,graphhopper,offline,ohare_filtered_vid_479_sr_5.0,84049f4a5f4e493da381e8318ab5b661,479,batches,10.0,50.0
25.0,0.20321777808034247,0.6098843503307276,4.673777879758176,323.8910435267857,364.59765625,584.7195270090452,113.47941327334652,1677.3874319643742,369.0729385857597,15202.707702235175,2950.4647451070095,graphhopper,offline,ohare_filtered_vid_479_sr_5.0,0fc41c3bf57d44f29168f10fd2311d53,479,batches,30.0,50.0
20.0,0.0014231800903227725,0.002237561405718605,0.02834028300557933,9.920099431818182,14.24609375,1002.3952911039821,2030.7090721137454,1397.3333333333335,2945.8591420050466,21050.301113183625,42644.89051438865,osrm,offline,ohare_filtered_vid_479_sr_5.0,5dd779b3227e4e03a2d109badeb73181,479,batches,5.0,
20.0,0.0009982639361539897,0.0016479811838494712,0.01986877416668339,8.50390625,12.76171875,633.7752744202893,1508.3808220176031,1042.45983055071,2466.624122527122,13309.280762826074,31675.997262369667,osrm,offline,ohare_filtered_vid_479_sr_5.0,fbf95de2ed5c446e8c6fa1bb639c39d7,479,batches,10.0,
21.0,0.0005425536671574713,0.001041043890909091,0.011043320086331363,4.450917119565218,6.18359375,301.89213586819824,732.2146650023526,620.5507782736477,1984.8808642647218,6641.626989100361,16108.722630051758,osrm,offline,ohare_filtered_vid_479_sr_5.0,4a59c6658bfd4181bcf7d97c49075695,479,batches,30.0,
26.0,0.9877196343737816,2.7780354996770833,25.28738135604157,1450.083767361111,1490.61328125,338.4976798675315,949.7582616598403,953.4093620546811,3265.4100000000003,9139.43735642335,25643.473064815687,graphium,online,ohare_filtered_vid_479_sr_10.0,4bacee3fde4f474abd838b4414613603,479,native,5.0,
26.0,0.934015745857006,2.4539550634550635,23.84061274038814,1449.2857349537037,1472.84765625,294.78289811951385,1157.7667246531203,741.3148636763412,4214.055481078062,7959.138249226873,31259.701565634245,graphium,online,ohare_filtered_vid_479_sr_10.0,0bdca9985b4d46e393c1c36d358f249f,479,native,10.0,
27.0,0.9164815501761997,2.791101825168107,24.333575301139717,1453.591099330357,1486.32421875,277.2067684822875,1080.2234881429063,737.2479240806642,3911.200996441281,7761.78951750405,30246.257668001377,graphium,online,ohare_filtered_vid_479_sr_10.0,bf2123eee77042d19334fe4ef0bd1c8d,479,native,30.0,
20.0,0.13585348833817867,0.23162659697377266,2.664419064370045,178.0755774456522,230.47265625,5959.511043764772,58091.61347274613,15378.67,131882.16810683423,125149.73191906021,1219923.8829276687,barefoot,online,ohare_filtered_vid_479_sr_10.0,4729df79dc16457bafd73fe2fd613cc0,479,native,,
25.0,0.23142522229261522,0.7617544667139813,5.538079595363851,339.6814236111111,389.19921875,778.0560440787314,436.9108377954875,1284.6055709121833,849.2921492921494,20229.457146047014,11359.681782682675,graphhopper,offline,ohare_filtered_vid_479_sr_10.0,53e1da607ba24971af48bbd7a632d12a,479,batches,5.0,50.0
25.0,0.22802803915634703,0.6982633270700637,5.454845680379248,333.3207310267857,378.96875,539.7826765961713,211.42641446877101,1123.9105721864344,533.0301882026021,14034.349591500455,5497.086776188046,graphhopper,offline,ohare_filtered_vid_479_sr_10.0,59e01e83d47748f68cc2ae9d820c5a7a,479,batches,10.0,50.0
26.0,0.21756086664884508,0.5865506759433962,5.330134276925497,345.96400669642856,382.18359375,366.64855816338604,77.96196282211676,908.5397996837112,242.09110437532948,9899.511070411423,2104.9729961971525,graphhopper,offline,ohare_filtered_vid_479_sr_10.0,78360fa0698a4861b3c7b61634cd1f0c,479,batches,30.0,50.0
20.0,0.0007870080818069195,0.0013242663918833226,0.015546467054660597,6.40234375,8.9609375,551.5914966372554,1132.1026653106126,890.6834955610226,1862.9993451211528,11583.421429382364,23774.155971522865,osrm,offline,ohare_filtered_vid_479_sr_10.0,b8f49a5fc0ff46ef9291c6d47fa7e5a5,479,batches,5.0,
20.0,0.000572339748619414,0.0010332376114081997,0.011206196181266476,5.130859375,7.3515625,338.27310745198963,687.579227649745,546.474358974359,1501.1314842209074,7103.735256491782,14439.163780644645,osrm,offline,ohare_filtered_vid_479_sr_10.0,6a44d05556e7433b92ef02000668947a,479,batches,10.0,
18.0,0.0005382253007049958,0.0011561999999999996,0.00907602379750707,3.378057065217391,4.390625,260.07980090541804,648.3481921293388,430.1977920883165,1441.65,4941.516217202942,12318.615650457437,osrm,offline,ohare_filtered_vid_479_sr_10.0,59bd7b8c204f4c5e968bbabc282f009c,479,batches,30.0,
27.0,0.8984231788711919,2.8346222612770946,23.891439016900723,1459.969447544643,1495.15625,76.66961323422684,2.174059813034958,292.4457641921397,12.288167053364269,2146.7491705583516,60.87367476497883,graphium,online,ohare_filtered_vid_479_sr_20.0,7f11bcebe4944f3181f169767d29cd6d,479,native,5.0,
26.0,0.9422074456655279,2.7384378592412832,24.160141029343002,1456.820601851852,1489.80859375,82.45958831447449,2.288742830040849,307.6025073266037,11.31555061179088,2226.408884490811,61.79605641110292,graphium,online,ohare_filtered_vid_479_sr_20.0,ac44875b04ca4d339e0d37f0edcba446,479,native,10.0,
26.0,0.8463842177471841,2.706391757298226,21.55975961790027,1448.513744212963,1478.078125,78.0774345047563,2.1246428503026746,293.21786252578136,11.190504521656354,2108.09073162842,57.365356958172214,graphium,online,ohare_filtered_vid_479_sr_20.0,7ebbc9920dbf40138d14304dee6a1ff1,479,native,30.0,
20.0,0.12053227062140508,0.1951018858816121,2.4184564712183088,161.81178977272728,219.82421875,5790.963608842648,26821.021442543588,16809.646495855315,63949.16935283908,121610.23578569561,563241.4502934153,barefoot,online,ohare_filtered_vid_479_sr_20.0,dba21730955143ad93c0ce5f84c8a51f,479,native,,
24.0,0.22047202664498436,0.7047637616090331,4.807036904515575,317.62745949074076,356.66796875,446.0865801166581,236.91050746447826,738.8835186080232,526.6172305461575,11152.164502916454,5922.762686611956,graphhopper,offline,ohare_filtered_vid_479_sr_20.0,eda93caeddec403ab192a85fda12f595,479,batches,5.0,50.0
24.0,0.21351525803710605,0.5988913995700464,4.80802856857471,329.962962962963,405.45703125,346.16299223071854,131.5165728739208,673.059866962306,351.51250554323724,8654.074805767963,3287.91432184802,graphhopper,offline,ohare_filtered_vid_479_sr_20.0,51a3939599364464925ab4058de49eb5,479,batches,10.0,50.0
26.0,0.18202336043207873,0.7841278200532387,4.49174088854279,353.6576450892857,377.12109375,101.00580206414618,3.6053162444100995,281.17253102158764,13.696287703016242,2727.156655731947,97.34353859907269,graphhopper,offline,ohare_filtered_vid_479_sr_20.0,c85e9dff5a3b4a1eb643355f1caf25c9,479,batches,30.0,50.0
20.0,0.0005842564934049597,0.001196147908745247,0.011535785981276019,4.96875,7.05078125,306.8484351454602,586.7590588279564,533.6272,1282.6045442941027,6443.817138054665,12321.940235387085,osrm,offline,ohare_filtered_vid_479_sr_20.0,18e7c5aa716246e8827451f384c3d829,479,batches,5.0,
19.0,0.0005756990747059644,0.0012441025210084037,0.010269878973110883,3.6892755681818183,5.421875,261.43354775370665,554.0110189098801,453.06381825222667,1249.5499999999997,5228.670955074133,11080.220378197602,osrm,offline,ohare_filtered_vid_479_sr_20.0,f932fa45bcf14a4c86648823d8db680e,479,batches,10.0,
19.0,0.00032356796296393665,0.001257492233009709,0.005213867026269024,2.1306818181818183,2.2109375,140.10585140404004,4.87989426750845,316.47546716955253,13.895903829029386,2802.1170280808005,97.59788535016901,osrm,offline,ohare_filtered_vid_479_sr_20.0,238f7dac1538452a9227155c2492e857,479,batches,30.0,
18.0,1.5255957264406725,2.868624037106473,27.717358284059024,1440.7448601973683,1505.03125,3719.661019168072,2800.3778693416134,8419.615901060071,7028.217031802121,70673.55936419337,53207.17951749065,graphium,online,ohare_filtered_vid_117_sr_1.0,7e366e45f8bf4de1ba2c63986afa3d47,117,native,5.0,
18.0,1.361890062898947,2.702586115410126,24.50206912588969,1455.0659950657894,1506.59375,3072.387236620442,1936.494092059275,6847.766666666666,4555.009999999999,58375.3574957884,36793.387749126225,graphium,online,ohare_filtered_vid_117_sr_1.0,922663bf2a164e58a3a52c588ac72ff1,117,native,10.0,
18.0,1.4199526428401585,2.888570828126775,25.78585376396301,1440.5596217105262,1490.1796875,2838.3097949052885,1169.0868871644927,6129.6625,2654.4558945317253,53927.886103200486,22212.65085612536,graphium,online,ohare_filtered_vid_117_sr_1.0,1c25e7b1f9eb404fb1e2fd9e141967ba,117,native,30.0,
11.0,0.41259244248455323,0.6034115501135907,4.657461253652392,364.95492788461536,480.34375,18880.76865081945,594006.9378118085,26864.940465054126,1036065.1744102752,226569.2238098334,7128083.253741702,barefoot,online,ohare_filtered_vid_117_sr_1.0,520aa3166ddc44e0bd89161918f2896e,117,native,,
17.0,0.340384704558668,0.70913921875,5.692019838306024,347.8314144736842,388.55859375,3534.091801886063,2316.350347460007,7391.49087005935,4950.323449930547,63613.65243394914,41694.30625428013,graphhopper,offline,ohare_filtered_vid_117_sr_1.0,f9961dbbd6e046889412418dcb26149a,117,batches,5.0,50.0
16.0,0.35870196573824137,0.758701679674267,5.609742031035445,352.17469618055554,389.91015625,2876.29580971934,1345.0546471989119,5797.900000000001,2758.475,48897.02876522878,22865.9290023815,graphhopper,offline,ohare_filtered_vid_117_sr_1.0,a72ecdb123714381a3a97bc786b6589b,117,batches,10.0,50.0
16.0,0.30900750053888143,0.6985503703683928,4.773022093410852,332.46998355263156,382.8359375,2281.4932110154523,528.4486860473042,4831.2,1132.9875,38785.38458726269,8983.627662804172,graphhopper,offline,ohare_filtered_vid_117_sr_1.0,65dff7b8e346411eac4d2e7d90d66f3a,117,batches,30.0,50.0
11.0,0.003435048284057345,0.004953554820208265,0.03927770142361351,12.341646634615385,15.36328125,2916.5138855377986,5711.252073974886,4371.012040351448,8542.654930035796,34998.16662645358,68535.02488769863,osrm,offline,ohare_filtered_vid_117_sr_1.0,b7c94ec55460411e992d8f172a05b7a1,117,batches,5.0,
11.0,0.002321097277236673,0.003355719780431433,0.026104136775213487,11.901227678571429,15.64453125,1841.3857966862754,4148.217137586991,2639.423780174628,5948.339342578326,22096.629560235306,49778.605651043894,osrm,offline,ohare_filtered_vid_117_sr_1.0,9cdb4c8a27bd449bb456fa1fd7f03e14,117,batches,10.0,
11.0,0.0017974779318853731,0.0026012329909202835,0.019933195268461393,6.553850446428571,8.546875,1066.8535671055936,2962.09088800881,1613.4940597106804,4468.397106802094,12802.242805267122,35545.09065610572,osrm,offline,ohare_filtered_vid_117_sr_1.0,da7de0cf19304d009d631d2d682869b0,117,batches,30.0,
17.0,1.3812208989438626,2.611599717613837,23.50592118638635,1445.583984375,1488.6015625,291.7944177121212,533.1092489764146,501.5695373276921,1480.4750000000004,5252.299518818181,9595.966481575462,graphium,online,ohare_filtered_vid_117_sr_5.0,080bc3fb5db8406ea55205beebbebcbf,117,native,5.0,
17.0,1.4496079595717986,2.7092611797274277,24.627267715916847,1444.9852430555557,1482.8828125,378.9678125404532,801.3454294506444,819.9658721256309,2143.725,6821.4206257281585,14424.217730111599,graphium,online,ohare_filtered_vid_117_sr_5.0,0613b2229c7a4096858a3efe2ef21ac6,117,native,10.0,
17.0,1.5398408848700702,2.929029897718332,26.301536020744997,1459.6963975694443,1498.921875,316.18274631944996,461.598393093255,622.6718169977206,1480.475,5691.289433750099,8308.771075678591,graphium,online,ohare_filtered_vid_117_sr_5.0,a201b749a3184b21aa3d230ea898fb42,117,native,30.0,
11.0,0.2190311852501108,0.2962468876071707,2.4891833861592247,177.09735576923077,219.7109375,10470.096729228273,51641.02645773871,18025.7134502924,81602.01343570057,125641.16075073928,619692.3174928646,barefoot,online,ohare_filtered_vid_117_sr_5.0,15c7a9b0bb854b81b3058ab414260906,117,native,,
16.0,0.2816180645655946,0.6226068486310299,4.164900248984077,302.9280427631579,344.10546875,991.6788334725699,634.5678288779402,1823.2372827177,1221.975,16858.540169033688,10787.653090924983,graphhopper,offline,ohare_filtered_vid_117_sr_5.0,727e74ac500f4506bb3ac1402236c56c,117,batches,5.0,50.0
16.0,0.27979103531074856,0.6107284208333333,4.145719179449393,299.2611019736842,342.0234375,555.1057278457589,263.16690307764605,1022.225,554.35,9436.797373377902,4473.8373523199825,graphhopper,offline,ohare_filtered_vid_117_sr_5.0,6c24b4b59c944e25ba34fadc1a39e2f6,117,batches,10.0,50.0
16.0,0.33714349391420234,0.6455657328710999,5.111572478396279,343.22178819444446,376.7421875,510.1133314028726,164.8583174956988,1013.5756603773585,410.71175205055806,8671.926633848834,2802.5913974268797,graphhopper,offline,ohare_filtered_vid_117_sr_5.0,e8a683fa9bcf4ede896ae3fec8159dfe,117,batches,30.0,50.0
10.0,0.001382175832598829,0.0019107070141189467,0.013849132769698229,5.798677884615385,7.55859375,851.8082096634208,1597.1795332549157,1147.7775674396594,2182.1238365672816,9369.89030629763,17568.974865804073,osrm,offline,ohare_filtered_vid_117_sr_5.0,c136a3fbc37d447da3bf45e26116d2af,117,batches,5.0,
11.0,0.0010305375065983822,0.0014546152616990054,0.011440196679361908,4.854867788461538,6.31640625,493.97998027038585,1056.572086249853,732.1750692972444,1571.4580792434372,5927.75976324463,12678.865034998238,osrm,offline,ohare_filtered_vid_117_sr_5.0,02f25bcc24f54bc9ac0132d8620d0d13,117,batches,10.0,
11.0,0.0007744729921718591,0.001072,0.008248879573383855,3.0890066964285716,4.19140625,372.592806182621,785.7277262838528,553.3333333333333,1425.35,4471.113674191452,9428.732715406233,osrm,offline,ohare_filtered_vid_117_sr_5.0,e7ef0a78c5be44d7b2cf60ca76a0fe4e,117,batches,30.0,
18.0,1.3152135586836682,2.7753260294673217,23.739233029297946,1444.8969983552631,1496.30859375,115.89322190958235,3.3018087983535964,315.14294330518703,11.305729794933654,2201.9712162820647,62.73436716871833,graphium,online,ohare_filtered_vid_117_sr_10.0,8e07f349f361467f81ceb33793e27ad0,117,native,5.0,
18.0,1.3020250033266674,2.665512158054711,23.536708204417057,1450.7734375,1500.63671875,117.91900817250452,3.4071960458363284,293.4080691642651,12.680691642651297,2240.461155277586,64.73672487089024,graphium,online,ohare_filtered_vid_117_sr_10.0,331d6102ced6422bada0b0f796427434,117,native,10.0,
18.0,1.2656581499056323,2.7365541456203024,22.87866925364685,1443.1815378289473,1483.23828125,110.22930343768475,3.2431902399122694,293.39265402843597,11.699130434782608,2094.3567653160103,61.620614558333116,graphium,online,ohare_filtered_vid_117_sr_10.0,799d1ffb762246d9a1170f771ca73498,117,native,30.0,
10.0,0.1804553825872283,0.243323398567066,1.825234427771948,141.78996394230768,195.6796875,9279.512680127804,18982.196718965068,17002.461880687566,29423.686492835324,102074.63948140584,208804.16390861574,barefoot,online,ohare_filtered_vid_117_sr_10.0,8092d260d45b466baf4c15c0efc60020,117,native,,
16.0,0.2700103836128607,0.5656196086705202,4.117023893995952,298.67578125,343.9375,497.2829322515082,284.0694036707825,805.2753129938008,570.4875000000001,8453.80984827564,4829.179862403303,graphhopper,offline,ohare_filtered_vid_117_sr_10.0,1105bfb744e943e3b41761ea88c50b38,117,batches,5.0,50.0
16.0,0.3233095147794118,0.7426271690680767,5.024886201481329,343.0217013888889,380.30078125,329.6100711929432,144.44371301057652,542.5418298326807,326.47499999999997,5603.371210280035,2455.543121179801,graphhopper,offline,ohare_filtered_vid_117_sr_10.0,835188198e13467aa3a06bec42cb36a1,117,batches,10.0,50.0
16.0,0.2496798364353462,0.6850005891837758,3.7651671960658826,291.02261513157896,325.69140625,153.55536509742882,5.894454956006793,308.8102893890675,18.169153730595895,2610.44120665629,100.20573425211549,graphhopper,offline,ohare_filtered_vid_117_sr_10.0,677c876830f9404d9984a38d18aee95e,117,batches,30.0,50.0
11.0,0.0010375144730176288,0.0015051433273899325,0.011372885205804166,4.787259615384615,6.34375,516.859032208775,963.2595141113485,812.436222740365,1556.6465093951447,6202.3083865053,11559.114169336182,osrm,offline,ohare_filtered_vid_117_sr_10.0,25b64fbb4773428c969e545767364413,117,batches,5.0,
11.0,0.0007229486038962037,0.001112875131348511,0.007562508115405935,3.0492788461538463,3.5078125,313.9036784699964,412.7166442584168,455.1744576840819,654.614201183432,3766.844141639957,4952.599731101001,osrm,offline,ohare_filtered_vid_117_sr_10.0,2b3b8a56517a410b8da8185aa47d1d72,117,batches,10.0,
11.0,0.0005148955143631766,0.0011123126953125,0.00506643347704562,2.1121651785714284,2.22265625,201.4011793799239,8.01751520444611,275.5097255087553,12.301766004415011,2416.814152559087,96.21018245335331,osrm,offline,ohare_filtered_vid_117_sr_10.0,da13945299a14c48a2a9aa371478d8fa,117,batches,30.0,
18.0,1.2753038420371692,2.574410423813212,23.079002973869898,1444.0458470394738,1487.23046875,113.87761347708606,3.2276152547047783,316.2443142057383,11.344261721483555,2163.674656064635,61.324689839390786,graphium,online,ohare_filtered_vid_117_sr_20.0,01e9a922ef3f4548ba7e7f6ef7b6b2c9,117,native,5.0,
18.0,1.2630503011722858,2.698026906418165,22.615463294341147,1443.3778782894738,1492.75390625,124.56432737851009,3.4505981415326836,297.11813784764206,14.811729141475212,2366.7222201916916,65.56136468912099,graphium,online,ohare_filtered_vid_117_sr_20.0,1f8783340e4f4fd5bf361ec0390827ab,117,native,10.0,
17.0,1.3013486658583384,2.710331632074402,22.221475785450092,1447.8960503472222,1481.6796875,180.9838755612459,10.568167669725074,294.0432993031923,27.430926916221033,3257.709760102426,190.22701805505133,graphium,online,ohare_filtered_vid_117_sr_20.0,6fb0cb4b61ef46b08f7a764d7161c8e4,117,native,30.0,
11.0,0.15132080118896954,0.2200270810966258,1.7033475089461267,118.17217548076923,166.359375,8876.613970471844,7167.469240859088,16798.043754619364,11889.089608895705,106519.36764566213,86009.63089030905,barefoot,online,ohare_filtered_vid_117_sr_20.0,5c80597e4ffb42049afa26dbc3497c64,117,native,,
16.0,0.27245834627808824,0.566093816161616,4.145956793453958,323.8643092105263,377.41015625,273.1611113297154,124.26564909806342,443.0912030075188,263.78333333333336,4643.738892605163,2112.516034667078,graphhopper,offline,ohare_filtered_vid_117_sr_20.0,4f1b491ba2514e5893c59649f37ccc4a,117,batches,5.0,50.0
16.0,0.2992775114273523,0.5671932674748227,4.620394420931656,335.98328993055554,371.2890625,311.8004928599124,123.45554022937029,489.2442828146144,314.975,5300.608378618511,2098.744183899295,graphhopper,offline,ohare_filtered_vid_117_sr_20.0,941673ca75b446dea049026b6d72d7de,117,batches,10.0,50.0
16.0,0.24185150630826052,0.5898305016157989,3.52164510562463,313.1753700657895,365.17578125,150.644875711383,5.305667698632996,295.58045057244857,11.78615916955017,2560.962887093511,90.19635087676093,graphhopper,offline,ohare_filtered_vid_117_sr_20.0,71e4cd005e0948d1835ea35d71ffd27b,117,batches,30.0,50.0
11.0,0.0008249427547252017,0.0011860115344193378,0.009015508563796482,3.5063100961538463,4.53125,366.5718496568236,537.9393408923228,538.4662267080745,894.3666666666667,4398.862195881883,6455.272090707873,osrm,offline,ohare_filtered_vid_117_sr_20.0,d7c8b10d1d7a471fb9bad85305fc5731,117,batches,5.0,
10.0,0.0006775645447911021,0.00108683734375,0.0063663726489521216,2.8404447115384617,3.8203125,308.55005423705853,447.09305185048305,425.25999999999993,843.9666666666668,3394.050596607644,4918.0235703553135,osrm,offline,ohare_filtered_vid_117_sr_20.0,eb932d9ceb88402594faccef46aad8d2,117,batches,10.0,
11.0,0.0006092597673945115,0.0010927140221402218,0.006218403186593916,2.171574519230769,2.234375,213.9175668716322,8.289399319091443,286.10999999999996,14.606829056111353,2567.0108024595866,99.4727918290973,osrm,offline,ohare_filtered_vid_117_sr_20.0,95f82b9da7ec40e7927a6f7ba686f30b,117,batches,30.0,
21.0,1.2663637642756627,2.758770884449118,26.578417315184076,1440.108487215909,1477.59375,2693.04747976165,3360.3443195145974,6585.820895522389,9006.965174129355,59247.04455475629,73927.57502932115,graphium,online,ohare_filtered_vid_736_sr_1.0,8cb8ea7add5347268231af917a61ea66,736,native,5.0,
21.0,1.2618885322857745,2.704225328737394,26.401740679813344,1449.3130326704545,1479.4921875,1885.4006758228434,2190.5152248301256,4242.455883888483,5527.040687389436,41478.814868102556,48191.33494626277,graphium,online,ohare_filtered_vid_736_sr_1.0,a77711342d294a099361d936e7f9a517,736,native,10.0,
21.0,1.1854936235548188,2.7538340621675923,24.807650374397653,1447.5727982954545,1497.31640625,1428.2891774825923,1288.0768761595473,3443.382770663563,3278.6282369680507,31422.36190461703,28337.691275510042,graphium,online,ohare_filtered_vid_736_sr_1.0,7edf7afb22814ddfa847694ec5c91de9,736,native,30.0,
14.0,0.5158018880641667,0.7890942117007104,7.448632285357836,333.0771484375,477.6171875,18481.488579274665,895999.7063375317,27762.44360568383,1650809.599413776,277222.32868911995,13439995.595062975,barefoot,online,ohare_filtered_vid_736_sr_1.0,21750cb87b4844949b0907bd6089dda9,736,native,,
19.0,0.300267612203062,0.695377765925926,5.309974478135314,333.6859019886364,389.19921875,5362.115945950584,3182.0293464447786,11003.165892781764,6734.4871253693545,107242.31891901168,63640.58692889557,graphhopper,offline,ohare_filtered_vid_736_sr_1.0,8dad0cdf1d4f43d09741643888ffe7b7,736,batches,5.0,50.0
20.0,0.28529823563882695,0.7200167216931218,5.574377443653461,345.77077414772725,379.0546875,3834.157271608819,1558.2385140150172,8164.4520297452145,3427.770327928806,80517.3027037852,32723.008794315363,graphhopper,offline,ohare_filtered_vid_736_sr_1.0,de7cb6afc6fa47b189cb89d1ce69d73b,736,batches,10.0,50.0
20.0,0.2727666482684967,0.7728073940056417,5.252355618786527,333.61985085227275,360.45703125,2611.1400190230206,486.07332358478266,6418.366800703694,1217.0344810253832,54833.94039948343,10207.539795280436,graphhopper,offline,ohare_filtered_vid_736_sr_1.0,7369fa07e49640c5b93c881aea2a140c,736,batches,30.0,50.0
14.0,0.002701927173488864,0.003941564437409313,0.03902321896596933,13.25146484375,19.78515625,2379.3189780791117,5297.425173423265,3816.411682892907,8582.038651004168,35689.78467118667,79461.37760134897,osrm,offline,ohare_filtered_vid_736_sr_1.0,770ce14dd2f9404eae7f0c4c4a65c49a,736,batches,10.0,
14.0,0.0016650728009837607,0.002453693495038589,0.02350234796115507,9.153033088235293,12.61328125,1337.987517707363,3550.3238045829044,2228.328067042176,5923.551792828685,20069.812765610444,53254.857068743564,osrm,offline,ohare_filtered_vid_736_sr_1.0,769c30a990784755a68240465d3d0d5f,736,batches,30.0,
20.0,1.219250817279895,2.731015907355562,24.190239485545003,1453.671875,1491.12109375,603.3928491017922,1089.907304502126,1505.0125,2859.8625,12671.249831137637,22888.053394544644,graphium,online,ohare_filtered_vid_736_sr_5.0,a4a563368e024506ad5fba51b9532484,736,native,5.0,
20.0,1.240361389862822,2.8370269186712482,24.625636007680892,1448.9404761904761,1482.33203125,449.89884247967973,923.6437619394177,1096.4811772315652,2620.650558312655,9447.875692073274,19396.51900072777,graphium,online,ohare_filtered_vid_736_sr_5.0,94f82f6065af4b52992e0b5195168381,736,native,10.0,
20.0,1.1450685734324688,2.684776962419391,22.74951586105176,1446.160900297619,1480.19921875,257.35693200301046,489.2939754905732,452.7909613104061,1375.2089801767374,5404.49557206322,10275.173485302037,graphium,online,ohare_filtered_vid_736_sr_5.0,0d0723323c98462fa37eb5208aa21e3f,736,native,30.0,
14.0,0.1897849610248846,0.29956081717936583,2.6840207396420928,185.897705078125,222.58203125,8749.16301893269,70551.34198793877,14254.647893989588,123072.61195961687,131237.44528399035,1058270.1298190814,barefoot,online,ohare_filtered_vid_736_sr_5.0,d930b89d433c4c678193d2d6b27fc2cb,736,native,,
19.0,0.2402081468570411,0.5493461840768357,4.285286335924534,315.6150568181818,351.2890625,1214.312984364617,671.0245537417071,2514.362151506618,1597.0149253731345,24286.25968729234,13420.491074834143,graphhopper,offline,ohare_filtered_vid_736_sr_5.0,8173b4654d1d4a47a6d75459dd5adef4,736,batches,5.0,50.0
19.0,0.24921894785460402,0.5811752246091095,4.403203732482972,324.3615056818182,370.9296875,865.7149198492452,332.07201637599707,1847.489618724047,777.9764942745691,17314.298396984905,6641.440327519941,graphhopper,offline,ohare_filtered_vid_736_sr_5.0,29f0fbe5d2784b158a9a6bd69213d94a,736,batches,10.0,50.0
19.0,0.28278305332000386,0.6107088,5.084304490084288,366.36216517857144,418.37890625,493.1992047095626,93.962754659391,934.3255114320096,210.7,9863.984094191252,1879.25509318782,graphhopper,offline,ohare_filtered_vid_736_sr_5.0,2780570c7fff48628425700ea5eafd57,736,batches,30.0,50.0
13.0,0.0012300218122164672,0.0018166824388265515,0.01616883397651326,7.286376953125,10.2890625,938.2154143280525,1766.0016073910285,1439.1625615763546,2844.986009852217,13135.015800592735,24724.0225034744,osrm,offline,ohare_filtered_vid_736_sr_5.0,1b42358f4314418faa7fcacbc05ba8be,736,batches,5.0,
13.0,0.0009358057851033727,0.0013279228703929708,0.01230185637362961,5.760498046875,8.55078125,590.24186350452,1304.0237874187399,968.1250911933298,2206.6400000000003,8263.38608906328,18256.333023862357,osrm,offline,ohare_filtered_vid_736_sr_5.0,911c3184e9e846b381985b082db97db2,736,batches,10.0,
14.0,0.0005508740039443295,0.0009924023178807945,0.007270707741284146,3.2798713235294117,4.1953125,342.01431011150333,677.216278810616,538.809262166405,1229.3499999999997,5130.21465167255,10158.24418215924,osrm,offline,ohare_filtered_vid_736_sr_5.0,21aa534a6ba34934bc36dc7f5572a4aa,736,batches,30.0,
20.0,1.1966506991219943,2.767201180459626,23.727053133619375,1450.2157738095239,1485.0390625,231.7251127672732,702.9529684109183,514.9029258955428,2573.183429040197,4866.227368112737,14762.012336629285,graphium,online,ohare_filtered_vid_736_sr_10.0,70bb0b4e5c6f4212b0784dfa20b3bf52,736,native,5.0,
20.0,1.181635205869916,2.845560083322484,23.36953984550119,1452.603236607143,1485.28515625,223.62571469813096,8.880139224530105,494.941946124244,26.246921385376577,4696.14000866075,186.4829237151322,graphium,online,ohare_filtered_vid_736_sr_10.0,e143caf1b40d4130946edaca2ed2b56f,736,native,10.0,
20.0,1.1711136195920775,2.7456733432772213,23.253770142456965,1460.243861607143,1494.5859375,99.4756029427003,2.6430502962095823,286.14707360861763,11.476858168761222,2088.9876617967066,55.504056220401225,graphium,online,ohare_filtered_vid_736_sr_10.0,65b71fc936f246948d18d1bd87290b69,736,native,30.0,
13.0,0.16647153309883683,0.2821693604779411,2.1306991984940096,151.655517578125,208.90234375,8528.118887093897,24725.230527405383,19532.460477941175,42300.759245652705,119393.66441931455,346153.22738367534,barefoot,online,ohare_filtered_vid_736_sr_10.0,cc9e666c6d8e4c7abab49533ab46acaf,736,native,,
19.0,0.236328745781611,0.6916478430523917,4.261037778730171,299.34108664772725,338.828125,707.4180784938229,383.1830246627523,1364.0703860319193,910.7897967535124,14148.361569876459,7663.660493255046,graphhopper,offline,ohare_filtered_vid_736_sr_10.0,74daf32fa7034b1ca64c3d1c8561296b,736,batches,5.0,50.0
18.0,0.2524835792662759,0.6266431676840215,4.170544838375221,330.4901413690476,379.6171875,463.6802783845093,164.81546995374478,809.2455525256462,369.57078301519283,8809.925289305676,3131.493929121151,graphhopper,offline,ohare_filtered_vid_736_sr_10.0,2b4ec2ac4195424f8b38e055a6d7d874,736,batches,10.0,50.0
19.0,0.21656619076542713,0.6982491310231023,3.633074684285441,287.91477272727275,326.48046875,126.61538741644935,4.623789669218037,298.5228819652487,12.836527691350343,2532.307748328987,92.47579338436074,graphhopper,offline,ohare_filtered_vid_736_sr_10.0,d774c154fc824e58a54bc409d978921c,736,batches,30.0,50.0
14.0,0.0009532338107550248,0.0014431350114416474,0.013052418926031253,5.03564453125,6.49609375,498.36520341096303,884.7336625386286,853.9926773455377,1587.6663615560642,7475.478051164446,13271.004938079428,osrm,offline,ohare_filtered_vid_736_sr_10.0,e2724b2276934755a0078e0efa1e104f,736,batches,5.0,
15.0,0.0008164840705951137,0.0014324045454545456,0.012107380645700556,4.2111672794117645,6.0390625,396.57525839425466,835.6392007871282,622.8813559322034,1629.6248407643313,6345.204134308075,13370.22721259405,osrm,offline,ohare_filtered_vid_736_sr_10.0,32f1c3a7b3e84cb3b25c4a92bbcd8add,736,batches,10.0,
14.0,0.00036333573751257873,0.0009645282258064512,0.00448550783688223,2.100643382352941,2.1875,179.7244394312626,6.572978479311546,323.01922718808197,13.691204330175912,2695.866591468939,98.59467718967319,osrm,offline,ohare_filtered_vid_736_sr_10.0,429adaece1c24dafa1500cc7d80740d7,736,batches,30.0,
20.0,1.1644721078106024,2.6231979121413986,23.06009403697443,1451.1339285714287,1471.9375,96.70456028728773,2.6599826265821895,308.7758535835128,10.872974469394034,2030.7957660330424,55.859635158225984,graphium,online,ohare_filtered_vid_736_sr_20.0,5c7835c4edc94e079e6588fc1ad650fa,736,native,5.0,
21.0,1.1485489197359617,2.849035419699175,24.008441523429138,1450.0514914772727,1494.65625,171.3609571123172,8.91845704871455,299.638989169675,25.27075812274368,3769.9410564709788,196.20605507172013,graphium,online,ohare_filtered_vid_736_sr_20.0,5e75fc11f68f4c62b62f383e6a5e78a1,736,native,10.0,
20.0,1.2166244826453447,2.6393569214179813,24.298066965056744,1454.2892485119048,1483.30859375,97.12121113115887,3.0270999923691955,301.8555282555282,12.446928746928748,2039.5454337543363,63.56909983975311,graphium,online,ohare_filtered_vid_736_sr_20.0,907a50f145a04ce797ab118f987bb8fc,736,native,30.0,
13.0,0.14355556038773434,0.2249314209993155,1.824429242701008,129.72705078125,180.21875,6938.679984360606,10212.197762276164,16106.708560606061,15991.971958389871,97141.51978104848,142970.7686718663,barefoot,online,ohare_filtered_vid_736_sr_20.0,eb89f36ec7994e9a90e9cee2a7cd7ea5,736,native,,
18.0,0.253225280475623,0.6932003465587043,4.32704192579797,329.29966517857144,383.21484375,350.26087259402857,152.10306895597958,579.2038992688871,342.33233143785543,6654.956579286542,2889.958310163612,graphhopper,offline,ohare_filtered_vid_736_sr_20.0,975119ccd0dc451b8e90c87504c2101f,736,batches,5.0,50.0
18.0,0.24643895893004278,0.700072420501139,3.982267799169673,321.30580357142856,360.78515625,308.1848830528693,102.76720737714169,442.0332243296272,229.10000000000002,5855.512778004516,1952.5769401656921,graphhopper,offline,ohare_filtered_vid_736_sr_20.0,be4774032bbc4a738094ba5e00862691,736,batches,10.0,50.0
19.0,0.1908931916462462,0.5334740361219197,3.345219732924924,289.58203125,320.51171875,132.89421389154433,4.631762617220187,301.59973404255317,13.349027237354084,2657.8842778308867,92.63525234440374,graphhopper,offline,ohare_filtered_vid_736_sr_20.0,6ff1aeae3a64453d9729ae53cb5a9751,736,batches,30.0,50.0
13.0,0.0006391045039011972,0.001303604767801858,0.007980576553068773,3.60205078125,4.47265625,327.30531226227,502.5800335328407,549.2298114861902,845.4556206256249,4582.27437167178,7036.120469459769,osrm,offline,ohare_filtered_vid_736_sr_20.0,f9b9d777bfd9494ab19ec3e84dcbacac,736,batches,5.0,
13.0,0.0006021765852649832,0.001129460084033613,0.00730101210967615,2.977783203125,3.7578125,295.9535134210531,476.1134058872114,450.44146784232373,813.975,4143.349187894743,6665.58768242096,osrm,offline,ohare_filtered_vid_736_sr_20.0,950487652d8d4272a59ad7a9c7aad528,736,batches,10.0,
14.0,0.00047450104262162775,0.0012788267441860462,0.006296311634156457,2.176513671875,2.20703125,174.98383474227427,6.740680339289909,314.35911193339496,12.6,2624.757521134114,101.11020508934864,osrm,offline,ohare_filtered_vid_736_sr_20.0,30bb088b787544beb071f0a195379ccc,736,batches,30.0,
21.0,1.208419403773164,2.7589558177191766,25.328917467203663,1446.4279119318182,1482.69921875,2835.6767789984206,3079.8518563293765,6583.416583416584,7734.647585747585,62384.889137965256,67756.74083924628,graphium,online,ohare_filtered_vid_876_sr_1.0,89317eb00da8457c8d9133ea9f58f980,876,native,5.0,
20.0,1.2144167275488076,2.7109358085135318,24.202892215846674,1452.0457589285713,1503.93359375,1777.9089300124822,2060.00107186461,4029.7517123287666,4968.8505136986305,37336.08753026213,43260.022509156806,graphium,online,ohare_filtered_vid_876_sr_1.0,7df53b96fe484238b7c139039988853d,876,native,10.0,
20.0,1.2422573729740998,2.811046788263283,24.68093989257526,1447.9220610119048,1489.0546875,1345.8618972373974,1378.0234435131777,3311.199207135778,3606.4186323092167,28263.099841985346,28938.49231377673,graphium,online,ohare_filtered_vid_876_sr_1.0,7da747ed5009487f909ae6ccdb9608ef,876,native,30.0,
14.0,0.40572319555961694,0.6267167626791277,5.817139967327108,284.4765625,373.47265625,17577.48873913028,765397.2231024954,26521.58654205607,1518324.47666709,263662.3310869542,11480958.346537432,barefoot,online,ohare_filtered_vid_876_sr_1.0,4c03df0ae0f04553af59a3c9386329a5,876,native,,
18.0,0.31336576915513553,0.6264413186890656,5.354819069901158,337.2870163690476,385.4296875,5306.80071412463,3157.458828044726,10822.848456501402,6661.482694106641,100829.21356836797,59991.71773284979,graphhopper,offline,ohare_filtered_vid_876_sr_1.0,4c02ae83351a4f3281b5a0d587dc15c3,876,batches,5.0,50.0
19.0,0.3152988595593539,0.6390596921427564,5.743371258628937,361.34393601190476,391.04296875,3285.8663848447745,1343.1648221779224,7380.183219895289,3060.3657068062826,65717.32769689549,26863.296443558447,graphhopper,offline,ohare_filtered_vid_876_sr_1.0,2263570565604aabb0f8acee140e6206,876,batches,10.0,50.0
18.0,0.3014639791371614,0.7662864493261455,5.1836078604793805,332.02269345238096,382.7265625,2806.947564994528,526.5725714698336,6122.807017543859,1167.155380989788,53332.00373489603,10004.878857926838,graphhopper,offline,ohare_filtered_vid_876_sr_1.0,d17cf9f663354b6f861dc621edc7be14,876,batches,30.0,50.0
13.0,0.003950885374862075,0.005513707088169918,0.053116706007562714,14.690673828125,19.19140625,3913.4847123441587,7533.968201077614,5977.466881267797,11582.270645041475,54788.78597281822,105475.5548150866,osrm,offline,ohare_filtered_vid_876_sr_1.0,2159fdff2df949e882bb66e98a845e1e,876,batches,5.0,
13.0,0.0024650764338848045,0.0038629899839248173,0.03248219267712699,12.377685546875,15.984375,2085.1950301081733,4605.870663454159,3367.901075800667,7448.042463212562,29192.73042151443,64482.18928835822,osrm,offline,ohare_filtered_vid_876_sr_1.0,5cb9210eba7f4b4695c29defcfd477be,876,batches,10.0,
14.0,0.0014137264643061327,0.0021494028479559025,0.020440758255961235,9.650146484375,12.828125,1207.6469995170442,3236.3357132340648,1966.453123564538,5257.607234726687,18114.70499275566,48545.03569851097,osrm,offline,ohare_filtered_vid_876_sr_1.0,aaf358a67a8a4cf39c2d7ed72d979732,876,batches,30.0,
19.0,1.1815336685180533,2.4894197603040054,22.255215348290534,1454.92421875,1486.0234375,463.3896422683282,1084.695322309091,1033.9200820472747,3046.55,9267.792845366565,21693.906446181816,graphium,online,ohare_filtered_vid_876_sr_5.0,27ee3d3ab4c14fd6b86e5fb803005f64,876,native,5.0,
20.0,1.2424721319799865,2.6472067457119834,24.756321647093955,1441.2987351190477,1477.34375,407.5212587955784,1069.9777164957263,877.5625,2778.416666666667,8557.946434707146,22469.532046410255,graphium,online,ohare_filtered_vid_876_sr_5.0,61989e943ef34442ac99e57d0744c928,876,native,10.0,
20.0,1.2364148733765061,2.608390291684806,24.608890105523564,1445.7232142857142,1478.71484375,263.52071227919834,577.695341616685,493.4879187817259,1625.8956922633624,5533.9349578631645,12131.602173950387,graphium,online,ohare_filtered_vid_876_sr_5.0,7834b2e4ecb943cd9768421561d3c0f1,876,native,30.0,
14.0,0.19343324193513714,0.31442106692699084,2.7458703459312024,181.6953125,219.73828125,8958.576077421423,65597.61876732862,16029.714054404143,117147.04476987447,134378.64116132134,983964.2815099293,barefoot,online,ohare_filtered_vid_876_sr_5.0,b7b64d8699344d8bb3705255b0a5913d,876,native,,
18.0,0.2717085205062417,0.6912746089467724,4.697792150433994,309.76153273809524,353.0625,1173.1595936182532,666.8070871480395,2381.0032017075773,1536.5528281750267,22290.03227874681,12669.33465581275,graphhopper,offline,ohare_filtered_vid_876_sr_5.0,20dec13c0f7f433380dd867f43d3a495,876,batches,5.0,50.0
18.0,0.27652346100814373,0.5930080873862158,4.660937671768515,314.2061011904762,361.75,867.2845024218379,337.96931304803655,1748.784248606334,813.761119677381,16478.40554601492,6421.416947912694,graphhopper,offline,ohare_filtered_vid_876_sr_5.0,ca2c59a848444190ba56d42288f50ea4,876,batches,10.0,50.0
18.0,0.27450434152440045,0.5717764683374083,4.656251554344158,327.67299107142856,383.43359375,513.3214738111333,96.04114466837568,922.5198298655018,206.73333333333335,9753.108002411533,1824.7817486991378,graphhopper,offline,ohare_filtered_vid_876_sr_5.0,a082296228df488e9e5ed966f5a05b1b,876,batches,30.0,50.0
13.0,0.0011655177028738436,0.0016214766454633795,0.01519142809501088,6.981510416666667,9.55078125,876.4011494914181,1634.2217083653538,1472.694824509221,2844.7028197501495,12269.616092879853,22879.103917114953,osrm,offline,ohare_filtered_vid_876_sr_5.0,778148cd14104398ad92e9207b5ce119,876,batches,5.0,
13.0,0.0008391051188732745,0.0014847197478415786,0.01068701746669498,5.418701171875,6.90625,539.748705421337,1065.0758791848307,873.9821296423188,1737.746169658764,7556.4818758987185,14911.062308587629,osrm,offline,ohare_filtered_vid_876_sr_5.0,340813284eed46eda7681a050f953c67,876,batches,10.0,
13.0,0.0006895423007332258,0.0010960533700137556,0.008787075503821247,3.410416666666667,4.30078125,352.0062096129897,712.9920390045211,542.4591987620357,1176.5789030261349,4928.086934581856,9981.888546063296,osrm,offline,ohare_filtered_vid_876_sr_5.0,64d5fda3b82f449d86ad8bdb06378abc,876,batches,30.0,
20.0,1.126918783379573,2.5427622502511436,22.35066831814745,1445.7338169642858,1483.91796875,111.3246682389776,2.9954257623527734,301.41616815988976,11.578221915920054,2337.8180330185296,62.90394100940824,graphium,online,ohare_filtered_vid_876_sr_10.0,cd28e4d18e414561927e8c8b33ed5c4a,876,native,5.0,
20.0,1.1556632495986239,2.8197360809164023,22.94000109219934,1442.1024925595239,1487.36328125,112.73487542533621,2.9703911676804076,303.12858237547897,12.095048041389505,2367.4323839320605,62.378214521288555,graphium,online,ohare_filtered_vid_876_sr_10.0,9d5a780af7b94ad8ae0f732142a5717d,876,native,10.0,
20.0,1.1627503985886163,2.7793017099430024,23.09570729166261,1452.6084449404761,1487.1015625,94.89630018095811,2.8319958998608206,296.5361504327417,10.759843039460172,1992.8223038001204,59.47191389707723,graphium,online,ohare_filtered_vid_876_sr_10.0,4500649681e546c287780d13bde7b927,876,native,30.0,
13.0,0.15583001327233595,0.2521086162975671,1.9951776637957672,150.7119140625,205.33203125,7969.501487475136,25393.9726301877,14761.981832178602,49089.59881129271,111573.0208246519,355515.61682262784,barefoot,online,ohare_filtered_vid_876_sr_10.0,93fd9628527f44eb83700e61c69c8bc2,876,native,,
18.0,0.2875764871918941,0.7341155113772455,4.948849122514252,331.97488839285717,384.96484375,637.5215520454078,336.5496760610784,1043.8998678396717,696.2366163010888,12112.909488862748,6394.44384516049,graphhopper,offline,ohare_filtered_vid_876_sr_10.0,d9c30262bee5414d836b7437d09373b3,876,batches,5.0,50.0
18.0,0.3086825523076609,0.752875291187335,5.326073730362708,339.4300595238095,395.26171875,449.3545804262327,162.5456988227032,774.4507366684993,348.76,8537.737028098421,3088.368277631361,graphhopper,offline,ohare_filtered_vid_876_sr_10.0,045965b8675b463bb9e726f019dbc360,876,batches,10.0,50.0
19.0,0.243448774818938,0.6107043000000001,4.262163380322914,333.9215029761905,364.4375,136.31866840755697,4.889585050469259,314.091478066499,12.137769900096682,2726.3733681511394,97.79170100938518,graphhopper,offline,ohare_filtered_vid_876_sr_10.0,af4ff1932c77470e929101d2202707e0,876,batches,30.0,50.0
13.0,0.0008741350760252111,0.0013215502071823209,0.01127732152015406,4.834895833333333,6.03125,470.1296091471305,770.0226363570512,746.6583614390108,1214.2690415964025,6581.814528059827,10780.316908998717,osrm,offline,ohare_filtered_vid_876_sr_10.0,5577efdf75924976b7dbae4899298415,876,batches,5.0,
13.0,0.00033698007754423586,0.0005592138846350174,0.00448154721952859,3.73828125,4.765625,357.9696661435115,668.9151696182289,598.0750414593698,1166.7241293532338,5011.5753260091615,9364.812374655205,osrm,offline,ohare_filtered_vid_876_sr_10.0,4ac1d104f7f642b8ae9c19b6c12283d1,876,batches,10.0,
14.0,0.00044956224422362974,0.0011817905131667797,0.005905937545866262,2.167236328125,2.21875,176.99227661437925,6.648502897722093,298.05148148148146,14.397285491419655,2654.884149215689,99.72754346583139,osrm,offline,ohare_filtered_vid_876_sr_10.0,113db806e40e4cadb987315aaff32ce1,876,batches,30.0,
21.0,1.1551209956523756,2.8134605502117145,24.372539137685592,1440.0310724431818,1483.703125,108.94297117213132,2.7874552034352003,286.11,11.2,2396.745365786889,61.32401447557441,graphium,online,ohare_filtered_vid_876_sr_20.0,b2fac05f965c4ddfb289bd28f1dea59f,876,native,5.0,
21.0,1.0758715529947198,2.817284041184041,22.40933630535589,1459.9145951704545,1515.0,95.736291008359,2.8941358136523934,300.2769230769231,12.384615384615385,2106.198402183898,63.67098790035266,graphium,online,ohare_filtered_vid_876_sr_20.0,2257cf52ed9c48728f4e0bbff06758f5,876,native,10.0,
20.0,1.118929315923592,2.767997947782465,22.156131494006083,1449.4713541666667,1481.9609375,103.39686963633503,2.614537824619254,283.11072841133813,11.573965092861936,2171.3342623630356,54.90529431700434,graphium,online,ohare_filtered_vid_876_sr_20.0,240b2ed6a24b4f37975dd94960efe041,876,native,30.0,
14.0,0.14677826663434335,0.23296045536607543,2.060528316351413,146.161376953125,200.4140625,7076.059138526273,13579.634164996558,13676.550000000001,27189.430001220553,106140.8870778941,203694.51247494837,barefoot,online,ohare_filtered_vid_876_sr_20.0,8c4c277565984289864aa056ccfbb217,876,native,,
18.0,0.2727505980458181,0.7380018750528541,4.662559064984709,326.3993675595238,380.1640625,334.0919342847608,144.01915020487633,536.5123243492283,333.5246842709529,6347.746751410455,2736.3638538926502,graphhopper,offline,ohare_filtered_vid_876_sr_20.0,6a507b5b3fb94cb79d31218a504d1442,876,batches,5.0,50.0
19.0,0.3123512299445486,0.7397588169929521,5.8299920152574565,355.4200148809524,396.06640625,297.4591624270085,87.61321604514451,422.8622327256358,214.3166666666667,5949.18324854017,1752.2643209028902,graphhopper,offline,ohare_filtered_vid_876_sr_20.0,00c1da53894447efbabdac5578564012,876,batches,10.0,50.0
18.0,0.22165359163564674,0.554682075141777,3.7328551827569147,318.16034226190476,366.37109375,139.66038003782705,4.894490649835752,313.52687900235924,13.228544423440454,2653.547220718714,92.99532234687928,graphhopper,offline,ohare_filtered_vid_876_sr_20.0,aac656c08f3a4cbf8048c7a05b5c87ea,876,batches,30.0,50.0
13.0,0.0007435628383557274,0.0013378749999999997,0.00921707391482069,3.460205078125,4.484375,325.6413953379759,455.25696235531007,529.4846382556988,841.8745416253718,4558.979534731662,6373.597472974341,osrm,offline,ohare_filtered_vid_876_sr_20.0,afac0ae3fe364734a59160897ca0f765,876,batches,5.0,
13.0,0.0005820871142808517,0.0012069221879815097,0.006942297411950416,2.9052734375,3.78125,278.94547903684105,432.7146570948054,456.32819436924746,814.0999999999999,3905.236706515775,6058.0051993272755,osrm,offline,ohare_filtered_vid_876_sr_20.0,12c3fc2ec8ae46cfbb88e58ded767155,876,batches,10.0,
13.0,0.0003652272487418961,0.0007782001655629146,0.00433498131682363,2.13330078125,2.2265625,186.79050457962458,6.961762060772119,309.55034545691564,14.240421125302037,2615.067064114744,97.46466885080967,osrm,offline,ohare_filtered_vid_876_sr_20.0,de0c1508bd0e41d18eb685f6e3754ce2,876,batches,30.0,
20.0,1.326707098380096,2.7818772959183673,26.660208244289773,1455.876488095238,1501.08203125,2549.7687466246125,2947.3714550093755,6280.985359544749,7562.791037247802,53545.14367911687,61894.80055519688,graphium,online,ohare_filtered_vid_1423_sr_1.0,5433893521dc47b586a14df06647e003,1423,native,5.0,
19.0,1.2973154436269225,2.630008376812372,24.507770607260046,1448.1287109375,1486.76171875,1855.910165734022,2078.552876626034,4287.276827520306,5493.821294363257,37118.20331468044,41571.05753252068,graphium,online,ohare_filtered_vid_1423_sr_1.0,b3f0b2b8ff1f4ab9aa7d2e0f8c36b6c2,1423,native,10.0,
20.0,1.210764979898892,2.6993794400796727,24.074628614235074,1444.2870163690477,1486.3515625,1335.0762041684409,1149.0371166161717,3061.8911174785108,2747.922567335244,28036.600287537258,24129.779448939604,graphium,online,ohare_filtered_vid_1423_sr_1.0,6c8100ea1f37429ba5250ae96b82392c,1423,native,30.0,
13.0,0.5705116841665837,0.7814785736193568,7.588182319761903,332.68505859375,449.33984375,17658.551699779837,956929.5593450998,25344.392181023857,1831648.6627527722,247219.7237969177,13397013.830831397,barefoot,online,ohare_filtered_vid_1423_sr_1.0,47e4cbe18f584203a53bafa977c7f301,1423,native,,
19.0,0.30978467380681207,0.5918389767889908,5.603854499347251,343.51450892857144,385.03515625,4538.287115838646,2680.6864325940815,10969.407976219965,6700.8124349764685,90765.74231677293,53613.728651881625,graphhopper,offline,ohare_filtered_vid_1423_sr_1.0,0ba2683b06874b1ea9c6ec4b692480e0,1423,batches,5.0,50.0
17.0,0.3109771962950222,0.6112349817142857,4.986354551596113,330.176171875,378.265625,3531.849024709505,1440.168362782141,7569.949405812449,3191.884151076597,63573.28244477109,25923.030530078537,graphhopper,offline,ohare_filtered_vid_1423_sr_1.0,2351284d36ef4bda802d7c3451d99415,1423,batches,10.0,50.0
19.0,0.29535947883375474,0.7497526616399623,5.505714483366895,346.1255580357143,381.73828125,2657.8366594149056,503.8318551562842,6296.908308420529,1223.980206776283,53156.733188298116,10076.637103125684,graphhopper,offline,ohare_filtered_vid_1423_sr_1.0,06ff4a6bfc10418ba3087640ca3820b2,1423,batches,30.0,50.0
13.0,0.003698198995632082,0.005756185807656396,0.04997090224709288,14.5484375,19.28515625,3325.320658470176,6547.90491331152,5512.790966386554,10875.478361344538,46554.489218582465,91670.66878636129,osrm,offline,ohare_filtered_vid_1423_sr_1.0,c3b2d3fbb0514b06b690b9fae53ed9d2,1423,batches,5.0,
13.0,0.002500142591258391,0.0037980319212768516,0.033155772739155945,11.874755859375,16.12109375,2171.5555731910026,5041.485565182076,3685.3856960045505,8625.129062988766,30401.778024674037,70580.79791254907,osrm,offline,ohare_filtered_vid_1423_sr_1.0,41acb07f4d424205868c7115f7bb397c,1423,batches,10.0,
13.0,0.0016618442710847558,0.0023632335329341315,0.021927020190964944,9.161979166666667,12.90234375,1304.0822181188735,3670.659400924477,2074.1461042907495,5981.645800413273,18257.151053664227,51389.231612942676,osrm,offline,ohare_filtered_vid_1423_sr_1.0,9bab20a67726426b8244a1c5b760f90a,1423,batches,30.0,
19.0,1.2654015619251031,2.7305632464050698,23.985633598320454,1452.078515625,1485.21875,502.40048858717927,827.5138230623012,1301.4052486820992,2339.166666666667,10048.009771743586,16550.276461246023,graphium,online,ohare_filtered_vid_1423_sr_5.0,5bdefd2f114145a29df26def6fa42a59,1423,native,5.0,
19.0,1.2184259384125893,2.635408933476652,22.986769612534946,1444.0919921875,1482.02734375,370.3895156013411,655.1670736378625,738.2804311585967,1710.925,7407.790312026822,13103.341472757249,graphium,online,ohare_filtered_vid_1423_sr_5.0,9d24fd8b4e964c62a48ff4a25f5600d7,1423,native,10.0,
19.0,1.2407036977609178,2.6697335920557013,23.485887649861215,1446.1486328125,1480.53125,308.6505772814668,491.07275855527257,587.9580167774612,1161.225,6173.011545629336,9821.455171105452,graphium,online,ohare_filtered_vid_1423_sr_5.0,df3016a06eb643cd96e96d6af0299818,1423,native,30.0,
12.0,0.2220179595182439,0.34721992982397876,2.6541741380988726,187.26484375,230.671875,9180.550196128777,71674.69720000884,14794.60142809698,134678.8051886231,119347.15254967411,931771.0636001149,barefoot,online,ohare_filtered_vid_1423_sr_5.0,5ac31fc85bd343c6a80ba8663ab597b1,1423,native,,
18.0,0.24796918608030294,0.5500765666666666,4.179404595599922,310.7113095238095,352.4375,990.6843463247374,534.6293287179132,1931.9309603035608,1197.4668085106382,18823.00258017001,10157.95724564035,graphhopper,offline,ohare_filtered_vid_1423_sr_5.0,06fabe0c47a449dbbce6eba0be5ba6c6,1423,batches,5.0,50.0
18.0,0.2987738142814235,0.7071470813559323,5.227946915414843,348.5875,392.2421875,859.9308860455327,329.8519376061424,1884.4900000000005,758.84,16338.686834865122,6267.186814516706,graphhopper,offline,ohare_filtered_vid_1423_sr_5.0,5b06a96058164c4088c1d3c6449f9f75,1423,batches,10.0,50.0
19.0,0.2600689283997931,0.7217765506415094,4.784872734335485,334.56175595238096,381.78515625,474.576890737106,90.20173880320775,1021.057036920164,231.85,9491.53781474212,1804.034776064155,graphhopper,offline,ohare_filtered_vid_1423_sr_5.0,0cfd39f55d72408f9281bda0bb10ce8e,1423,batches,30.0,50.0
13.0,0.0013671246080529972,0.002006815968841285,0.017734465159840028,6.345947265625,8.83203125,856.5862772493592,1709.0020882008616,1455.0313383951168,2910.9487717731135,11992.20788149103,23926.029234812064,osrm,offline,ohare_filtered_vid_1423_sr_5.0,9ee305c0bfac451db52b9048cb4384bc,1423,batches,5.0,
13.0,0.0009059824306631645,0.0013351910828025481,0.011783737481949375,6.099739583333333,8.34375,598.0638125883288,1409.484838642958,979.0718835304822,2356.5200636942673,8372.893376236603,19732.78774100141,osrm,offline,ohare_filtered_vid_1423_sr_5.0,d71b5bb409c943b2929bc217203427fe,1423,batches,10.0,
13.0,0.0007090434046114999,0.0011531077348066305,0.009099466780583097,3.413802083333333,4.5234375,337.8714279579006,758.2743703823209,554.8902195608783,1424.1113240186294,4730.199991410608,10615.841185352492,osrm,offline,ohare_filtered_vid_1423_sr_5.0,088ab8b1aca54dfd834780f365b5ba75,1423,batches,30.0,
20.0,1.1482428494983277,2.4500338465453617,22.92547358946488,1453.805431547619,1477.2265625,103.49476691465662,2.7232284241968006,295.19954581886185,11.220945765428802,2173.390105207789,57.18779690813281,graphium,online,ohare_filtered_vid_1423_sr_10.0,67f96154043745f0b07242b32c69dd04,1423,native,5.0,
20.0,1.256039531916408,2.6540072355575974,25.049094717580633,1453.1240699404761,1487.7578125,222.89001671459323,650.8134006522249,516.1901869158879,2353.4,4680.690351006458,13667.081413696724,graphium,online,ohare_filtered_vid_1423_sr_10.0,2ff0d3bc94994bb3b9fd5cc2c833f430,1423,native,10.0,
20.0,1.256208158667351,2.59402248533565,24.877990841194606,1452.4964657738096,1478.25,238.1969583337889,10.123889283017334,566.5733923578752,30.891658900279594,5002.136125009567,212.601674943364,graphium,online,ohare_filtered_vid_1423_sr_10.0,7ff85c2235db45a4ade50f3d0f9b93da,1423,native,30.0,
13.0,0.17189283052595883,0.2596937851764359,2.2382307201644704,169.79244791666667,208.0234375,8140.445454168829,28181.199356814945,13658.697255326832,55184.43550414886,113966.2363583636,394536.79099540925,barefoot,online,ohare_filtered_vid_1423_sr_10.0,26776cfecd1b4831a15b7f5268eba166,1423,native,,
19.0,0.26789636827959085,0.6438836562391681,4.798020929480707,322.9864211309524,349.38671875,552.6634487985232,283.5402513844357,1101.0466988727858,654.2003757380569,11053.268975970464,5670.805027688714,graphhopper,offline,ohare_filtered_vid_1423_sr_10.0,a4048e23e6744935a6e58ba482f32076,1423,batches,5.0,50.0
18.0,0.26022840942367415,0.574893871517028,4.450628605491276,331.0513392857143,379.22265625,443.4410873345973,159.54923741352079,774.706457925636,367.17892744479497,8425.380659357348,3031.435510856895,graphhopper,offline,ohare_filtered_vid_1423_sr_10.0,65c2f655709948288acb03b663cff294,1423,batches,10.0,50.0
18.0,0.252024436154651,0.56324935,4.228221628187186,337.935546875,377.7421875,131.77482702816886,4.981074562113933,298.64396829661473,11.935286415711946,2503.7217135352084,94.64041668016472,graphhopper,offline,ohare_filtered_vid_1423_sr_10.0,d459ef6dab034de0a5b247666c85c40c,1423,batches,30.0,50.0
13.0,0.000824308872059214,0.0013321366674919537,0.010572207334183504,4.71630859375,6.08984375,484.25901653741005,872.7925340959536,755.9084550631345,1369.6741272592226,6779.626231523741,12219.09547734335,osrm,offline,ohare_filtered_vid_1423_sr_10.0,0a749ae55ac1455ab5a151030822b75b,1423,batches,5.0,
12.0,0.0007476063066102199,0.0012360804851157662,0.008621950784888472,3.847395833333333,4.984375,395.23304997190957,823.1810726751817,618.9820286659317,1329.016097023153,5138.029649634825,10701.353944777362,osrm,offline,ohare_filtered_vid_1423_sr_10.0,85ebe97ee6464534ae4c6ecf8a905c36,1423,batches,10.0,
13.0,0.0005911978964440889,0.0012564,0.007123594603080681,2.1640625,2.19921875,184.07691606297382,7.1264978118538895,295.15092592592595,14.376504854368934,2577.0768248816335,99.77096936595446,osrm,offline,ohare_filtered_vid_1423_sr_10.0,0c440d7fa1294a1893caaea3ad6dd0ec,1423,batches,30.0,
20.0,1.1969321795596461,2.783492942091809,23.88330610519987,1446.9691220238096,1489.12890625,106.33865541183299,2.712553144147931,289.8022988505747,11.623697125496612,2233.111763648493,56.96361602710655,graphium,online,ohare_filtered_vid_1423_sr_20.0,17c2a159d2a04ad78fe68e02929299d6,1423,native,5.0,
20.0,1.1851067058419695,2.7366482578684708,23.59196654324324,1442.190662202381,1482.87109375,103.12104011005955,2.768693876498704,310.53354254853303,12.045967546621458,2165.5418423112505,58.14257140647279,graphium,online,ohare_filtered_vid_1423_sr_20.0,18de797b5b2a4a93b0c37957d2594f53,1423,native,10.0,
20.0,1.1314116856941243,2.5202000747477267,22.5328287178663,1458.0078125,1502.40234375,168.2454570023674,8.932380156585628,297.2750983284169,24.755913978494622,3533.1545970497154,187.5799832882982,graphium,online,ohare_filtered_vid_1423_sr_20.0,d2dec9831d9a4418b3cba9f1fb266456,1423,native,30.0,
12.0,0.14948462341506716,0.220599439698364,1.7609873578232926,134.3609375,185.5078125,7537.020808959055,13785.046658464327,13927.10446153846,24858.74912157414,97981.27051646772,179205.60656003625,barefoot,online,ohare_filtered_vid_1423_sr_20.0,100defb67a4445efa868ee9d48e7a4b0,1423,native,,
19.0,0.25554928032038393,0.7708613375886525,4.663004410662998,317.37611607142856,338.9140625,344.4036063762533,159.68818950984084,514.7757738240311,365.9833333333333,6888.072127525066,3193.763790196817,graphhopper,offline,ohare_filtered_vid_1423_sr_20.0,fd86d8310bab4d62a37e85a5178a032f,1423,batches,5.0,50.0
18.0,0.27462539962868776,0.6155576999999999,4.643612004056179,334.392578125,357.375,287.3408937977392,94.89879579155931,414.8490913200724,228.43333333333334,5459.476982157045,1803.0771200396268,graphhopper,offline,ohare_filtered_vid_1423_sr_20.0,18ce1cb4394346febcc7ae922852a78c,1423,batches,10.0,50.0
18.0,0.23905471074585305,0.7327288272997031,4.100579148681594,296.03046875,313.64453125,138.88405182202078,5.228701375980106,299.67572396796055,14.303416048984852,2638.796984618395,99.345326143622,graphhopper,offline,ohare_filtered_vid_1423_sr_20.0,e9ed28d1b51844e09b87b7243679b2f7,1423,batches,30.0,50.0
13.0,0.0003429414368264572,0.0005733653491436101,0.004407834309118787,3.8818359375,5.07421875,341.4726705177015,573.0745706136814,560.5272582991668,976.078746197593,4780.617387247821,8023.043988591539,osrm,offline,ohare_filtered_vid_1423_sr_20.0,15a74036e9fe4f108949b14626cde04e,1423,batches,5.0,
12.0,0.0006320987152510023,0.001065519944751381,0.00715176335351165,3.03203125,3.91796875,296.7438389806666,518.034971234494,459.6563769293257,884.0381803411861,3857.669906748666,6734.454626048423,osrm,offline,ohare_filtered_vid_1423_sr_20.0,672439444d6944ccace434e680f85e34,1423,batches,10.0,
12.0,0.0003996361696580193,0.001002157798165138,0.0044149268824145976,2.10078125,2.20703125,194.3143856343557,7.219550788961135,298.00666666666666,12.295,2526.087013246624,93.85416025649475,osrm,offline,ohare_filtered_vid_1423_sr_20.0,322b1b5b2aa047c0add37a0204e57c70,1423,batches,30.0,
