run_id,precision,recall,f1_score,error_rate,accuracy,newson_krumm_error,matched_count,added_count,missing_count,ground_truth_count,total_gt_length,total_added_length,total_missing_length,vehicle_id,experiment_id,dataset_id,matcher_name,mode,adapter,batch_size,gps_accuracy
9452b53d65ad46e7bca784e891330c42,0.9724066661810646,0.9139601320149386,0.942277955533341,0.05772204446665896,0.8908559299323965,0.11197470358108846,10,1,2,12,686.8367047954366,17.812997020186607,59.09533940789397,1139,16523baf49f64af2920f43fbc652ea15,ohare_filtered_vid_1139_sr_1.0,graphium,online,native,5.0,
318c151658d24539b965db7f45735ab1,0.9724066661810646,0.9139601320149386,0.942277955533341,0.05772204446665896,0.8908559299323965,0.11197470358108846,10,1,2,12,686.8367047954366,17.812997020186607,59.09533940789397,1139,324ea397c7a54ad18e1339fa50aed98c,ohare_filtered_vid_1139_sr_1.0,graphium,online,native,10.0,
071f4bfd3a6e4ec488709d8baa97955b,0.9724066661810646,0.9139601320149386,0.942277955533341,0.05772204446665896,0.8908559299323965,0.11197470358108846,10,1,2,12,686.8367047954366,17.812997020186607,59.09533940789397,1139,565006ebd2e74bf4945c81eb16ab6a1b,ohare_filtered_vid_1139_sr_1.0,graphium,online,native,30.0,
38862d8619234220aa348dcdeb4000e0,0.9567359421962847,1.0,0.9778896800172461,0.022110319982753923,0.9567359421962847,0.04522047923108049,12,2,0,12,686.8367047954366,31.059084944345802,0.0,1139,44a75e620a77492daa67aaf769ae6d9c,ohare_filtered_vid_1139_sr_1.0,barefoot,online,native,,
0ce2d2b28c90408f8c0bba7c7d41fac8,0.6096448552355125,0.9010381876931347,0.7272383152364477,0.27276168476355234,0.5713860842468323,0.6758958898681529,10,7,2,12,686.8367047954366,396.25950071638954,67.97060506543187,1139,a06171e307184813a754e7f5924c407e,ohare_filtered_vid_1139_sr_1.0,graphhopper,offline,batches,5.0,50.0
f4951e8be66c42ebbca2702dae240906,0.6185282857910521,0.9010381876931347,0.7335218503317559,0.2664781496682441,0.579182396888492,0.6546689479755768,10,6,2,12,686.8367047954366,381.6800578940085,67.97060506543187,1139,608460fff66a4536b938f45f7ed02113,ohare_filtered_vid_1139_sr_1.0,graphhopper,offline,batches,10.0,50.0
bd63b0e240c3424fac1e418227c02118,0.8410757357938846,0.9010381876931347,0.8700250270378352,0.12997497296216476,0.7699507049763362,0.26921619595708557,10,3,2,12,686.8367047954366,116.93695984329531,67.97060506543187,1139,e9ced9bb20504ff5826d53810bc7aa17,ohare_filtered_vid_1139_sr_1.0,graphhopper,offline,batches,30.0,50.0
a74a4b547fdd49d28c55072d593c1a53,0.9539654288493309,0.9370951609662792,0.9454550445588795,0.05454495544112048,0.8965526217546523,0.1081253182648013,11,2,1,12,686.8367047954366,31.059084944345802,43.20535235760816,1139,306c9cb5d1f343deb935930fdf243682,ohare_filtered_vid_1139_sr_1.0,osrm,offline,batches,10.0,
8f879256828f47d98622efb4bce79ff8,0.9567359421962847,1.0,0.9778896800172461,0.022110319982753923,0.9567359421962847,0.04522047923108049,12,2,0,12,686.8367047954366,31.059084944345802,0.0,1139,fa32725d10994fbe82fda08afc9f2eca,ohare_filtered_vid_1139_sr_1.0,osrm,offline,batches,30.0,
aefc14e63f594a9ca4daea4212924a6f,0.9724066661810646,0.9139601320149386,0.942277955533341,0.05772204446665896,0.8908559299323965,0.11197470358108846,10,1,2,12,686.8367047954366,17.812997020186607,59.09533940789397,1139,3c73fdda78914bddbdb104ed909cd762,ohare_filtered_vid_1139_sr_5.0,graphium,online,native,5.0,
e58dd51b1de246298e60ce7a8b70b28a,0.9724066661810646,0.9139601320149386,0.942277955533341,0.05772204446665896,0.8908559299323965,0.11197470358108846,10,1,2,12,686.8367047954366,17.812997020186607,59.09533940789397,1139,e6dfe23bf69e499c922fb7106a8fc9e5,ohare_filtered_vid_1139_sr_5.0,graphium,online,native,10.0,
1f734e298a17477ab15f45d5b8c7c0ab,0.9724066661810646,0.9139601320149386,0.942277955533341,0.05772204446665896,0.8908559299323965,0.11197470358108846,10,1,2,12,686.8367047954366,17.812997020186607,59.09533940789397,1139,b47def90b2184d148b806ae1b7d8095d,ohare_filtered_vid_1139_sr_5.0,graphium,online,native,30.0,
1c7ac6705a4543649ad6673b4644604a,1.0,1.0,1.0,0.0,1.0,0.0,12,0,0,12,686.8367047954366,0.0,0.0,1139,8582086d10da45ba95bd6f5b19044a75,ohare_filtered_vid_1139_sr_5.0,barefoot,online,native,,
d4be4fb5050e47cc8533fb70bce4cea9,0.7937487818930007,0.7475546185141083,0.7699594611772499,0.2300405388227501,0.6259626710467318,0.44669330247461647,7,4,5,12,686.8367047954366,133.41660196526,173.3887539605968,1139,c4e24b8806ae4c998b159619b9f185bc,ohare_filtered_vid_1139_sr_5.0,graphhopper,offline,batches,5.0,50.0
e2a0da31222948e7b5e4f573ca6de1a3,0.7937487818930007,0.7475546185141083,0.7699594611772499,0.2300405388227501,0.6259626710467318,0.44669330247461647,7,4,5,12,686.8367047954366,133.41660196526,173.3887539605968,1139,ba9505be1dd84fd2bae54247941d850e,ohare_filtered_vid_1139_sr_5.0,graphhopper,offline,batches,10.0,50.0
b5a7f66d664e4e6b9952b945745ccd51,0.8410757357938846,0.9010381876931347,0.8700250270378352,0.12997497296216476,0.7699507049763362,0.26921619595708557,10,3,2,12,686.8367047954366,116.93695984329531,67.97060506543187,1139,5ca4a2fe5dbf44f5bf1be0fc6cef78cd,ohare_filtered_vid_1139_sr_5.0,graphhopper,offline,batches,30.0,50.0
a5643c0d56824525a50896f06fdbf9e4,0.970691663654941,0.794665599639411,0.8739027379918096,0.12609726200819038,0.7760455224208275,0.2293279376990936,8,1,4,12,686.8367047954366,16.4796421219647,141.03120292481393,1139,55881f22862a47bdbfa800929d4d8be0,ohare_filtered_vid_1139_sr_5.0,osrm,offline,batches,5.0,
c76396d0211546949b778766249e4bcb,0.970691663654941,0.794665599639411,0.8739027379918096,0.12609726200819038,0.7760455224208275,0.2293279376990936,8,1,4,12,686.8367047954366,16.4796421219647,141.03120292481393,1139,84cf1e82824f4828bc8d5d0e4403f2ce,ohare_filtered_vid_1139_sr_5.0,osrm,offline,batches,10.0,
c80cf3278d204c959be2fe43b423c54e,1.0,0.8348799570567028,0.9100104383895701,0.08998956161042992,0.8348799570567029,0.16512004294329727,9,0,3,12,686.8367047954366,0.0,113.41050619085529,1139,93f77c36abc549648d09c9715cad3e8c,ohare_filtered_vid_1139_sr_5.0,osrm,offline,batches,30.0,
9ac1374cd1014cba8b79166ff02ffc61,1.0,1.0,1.0,0.0,1.0,0.0,12,0,0,12,686.8367047954366,0.0,0.0,1139,dff30ba70d4a435ea4b9e239072def1c,ohare_filtered_vid_1139_sr_10.0,graphium,online,native,5.0,
b801254834bf4d98b3742760080081de,1.0,1.0,1.0,0.0,1.0,0.0,12,0,0,12,686.8367047954366,0.0,0.0,1139,48a45425de8048ffac7321e958e17075,ohare_filtered_vid_1139_sr_10.0,graphium,online,native,10.0,
5b6b3b7880484fc19963af1304260a22,1.0,1.0,1.0,0.0,1.0,0.0,12,0,0,12,686.8367047954366,0.0,0.0,1139,2d1adfd4f5684f95957aee154657f78f,ohare_filtered_vid_1139_sr_10.0,graphium,online,native,30.0,
d5177f7290e046f5acadf1e10ed21ffd,1.0,1.0,1.0,0.0,1.0,0.0,12,0,0,12,686.8367047954366,0.0,0.0,1139,5c40fa895cbf4d15acfd4a577a3c62bf,ohare_filtered_vid_1139_sr_10.0,barefoot,online,native,,
a70eaf86cf2c455fab0dc8a357747dc2,0.7288032672514516,0.45753483019727403,0.5621548862777266,0.4378451137222734,0.39097040488765017,0.7127195534529462,4,3,8,12,686.8367047954366,116.93695984329531,372.58498969360136,1139,b97862be054249368a0015325613915e,ohare_filtered_vid_1139_sr_10.0,graphhopper,offline,batches,5.0,50.0
a90f022df3ef4f6bbd6eeac36bebf843,0.7797018241626008,0.6025817190685059,0.6797940521906328,0.3202059478093672,0.5149151564713239,0.5676726645817144,7,3,5,12,686.8367047954366,116.93695984329531,272.96146250045456,1139,75227ce4e79c4ba3bb36c623c33bbb9d,ohare_filtered_vid_1139_sr_10.0,graphhopper,offline,batches,10.0,50.0
fd4f4698abbb48909a5fc3a1a231b92f,0.8410757357938846,0.9010381876931347,0.8700250270378352,0.12997497296216476,0.7699507049763362,0.26921619595708557,10,3,2,12,686.8367047954366,116.93695984329531,67.97060506543187,1139,f03e8a28fd2a4ac1a5520524b945c4e9,ohare_filtered_vid_1139_sr_10.0,graphhopper,offline,batches,30.0,50.0
5049d79d1fa146509a3e2579d05e81f0,1.0,0.5945097742125218,0.7456959923699827,0.25430400763001726,0.5945097742125218,0.4054902257874781,6,0,6,12,686.8367047954366,0.0,278.50557050662906,1139,c50f957187ab4adb96dd435f7fb43a23,ohare_filtered_vid_1139_sr_10.0,osrm,offline,batches,5.0,
b20c53fdfd414d3facbccfc3325cded8,1.0,0.6347241316298137,0.7765519812777171,0.22344801872228293,0.6347241316298136,0.36527586837018633,7,0,5,12,686.8367047954366,0.0,250.88487377267043,1139,fe4cd719aaf541c7a4d787af0411fc9c,ohare_filtered_vid_1139_sr_10.0,osrm,offline,batches,10.0,
5ea9c0930cda4e8d99ca94e81b1b33ae,1.0,0.6347241316298137,0.7765519812777171,0.22344801872228293,0.6347241316298136,0.36527586837018633,7,0,5,12,686.8367047954366,0.0,250.88487377267043,1139,cd7e62f9d0294c0282564b5e5de68df1,ohare_filtered_vid_1139_sr_10.0,osrm,offline,batches,30.0,
4e1a45f8574d473f876ed56a100e779d,0.9686256623235954,0.800690920253204,0.8766885254839172,0.12331147451608282,0.7804500758452506,0.22524391534282304,8,1,4,12,686.8367047954366,17.812997020186607,136.89279156910027,1139,cca48131970e4897886cb193e8e87654,ohare_filtered_vid_1139_sr_20.0,graphium,online,native,5.0,
554bc60c845746ad88e799b7d54e878d,0.9686256623235954,0.800690920253204,0.8766885254839172,0.12331147451608282,0.7804500758452506,0.22524391534282304,8,1,4,12,686.8367047954366,17.812997020186607,136.89279156910027,1139,cdcf044ff20e4bd88910efe57b5af999,ohare_filtered_vid_1139_sr_20.0,graphium,online,native,10.0,
518cfcbcee7f4ea4933f25849cc19f3a,0.9686256623235954,0.800690920253204,0.8766885254839172,0.12331147451608282,0.7804500758452506,0.22524391534282304,8,1,4,12,686.8367047954366,17.812997020186607,136.89279156910027,1139,ce5e2ebc61ea4e9c98c0206de7bba1d2,ohare_filtered_vid_1139_sr_20.0,graphium,online,native,30.0,
cf8460abd171425fa0deba72d2c4a879,1.0,0.8867307882382655,0.9399653557000045,0.0600346442999955,0.8867307882382657,0.1132692117617346,10,0,2,12,686.8367047954366,0.0,77.79745216120631,1139,aa3d52cd19f2453bb34d5625e33848ab,ohare_filtered_vid_1139_sr_20.0,barefoot,online,native,,
94f33d17fc4a44a1905aa2b58516730e,0.982560566880362,0.6025817190685059,0.7470282519468321,0.2529717480531679,0.5962051842809253,0.4081134827776021,7,1,5,12,686.8367047954366,7.345857193102835,272.96146250045456,1139,e99b274104dc4de3b3935a1429450a2e,ohare_filtered_vid_1139_sr_20.0,graphhopper,offline,batches,5.0,50.0
9c24a5cf5260413298eaf4cd28bcd6f3,0.9866052828119635,0.7877689759314002,0.8760463351623753,0.12395366483762471,0.7794327849706649,0.22292622591470784,8,1,4,12,686.8367047954366,7.345857193102835,145.76805722663818,1139,e9e79b833c7d4e50a104edf22accd133,ohare_filtered_vid_1139_sr_20.0,graphhopper,offline,batches,10.0,50.0
68f7be49241547c996e20767e824e68c,0.9866052828119635,0.7877689759314002,0.8760463351623753,0.12395366483762471,0.7794327849706649,0.22292622591470784,8,1,4,12,686.8367047954366,7.345857193102835,145.76805722663818,1139,36837e3a0e3c4a67b6252b150c8bb673,ohare_filtered_vid_1139_sr_20.0,graphhopper,offline,batches,30.0,50.0
7ef1f6d5669e4e6f91cb94a9e85d8244,0.9516687529300328,0.5106711319363697,0.6646741490356773,0.33532585096432266,0.4977617624609561,0.5152637036596573,5,1,7,12,686.8367047954366,17.812997020186607,336.0890273021048,1139,0237c55350bf43b2a1e8e24b69adb434,ohare_filtered_vid_1139_sr_20.0,osrm,offline,batches,5.0,
e1748de6c57341e1a8f3aeef8e82059d,0.9640688846618712,0.695858388799264,0.8082949554452517,0.19170504455474835,0.6782676293421678,0.3300764467967631,6,1,6,12,686.8367047954366,17.812997020186607,208.89562202828841,1139,f5439115682b49cc9f0cd5eec6279eea,ohare_filtered_vid_1139_sr_20.0,osrm,offline,batches,10.0,
10eb4b8eeab24175bdabf9c381aebed4,0.9640688846618712,0.695858388799264,0.8082949554452517,0.19170504455474835,0.6782676293421678,0.3300764467967631,6,1,6,12,686.8367047954366,17.812997020186607,208.89562202828841,1139,c041946c679f4b75b2f73e72c1d909ec,ohare_filtered_vid_1139_sr_20.0,osrm,offline,batches,30.0,
083512add447475bae66d8e93a8d663a,1.0,0.9294034067505252,0.9634101437768411,0.03658985622315891,0.9294034067505254,0.07059659324947475,7,0,1,8,449.47459172914563,0.0,31.73137492827622,1552,c93478fa74fe4bf5a1e954c2255982ee,ohare_filtered_vid_1552_sr_1.0,graphium,online,native,5.0,
917a0c6a3147481194f554b7e5db6e2c,1.0,0.9294034067505252,0.9634101437768411,0.03658985622315891,0.9294034067505254,0.07059659324947475,7,0,1,8,449.47459172914563,0.0,31.73137492827622,1552,a502eb9cb57f4fa693ff85b78fc5b5c4,ohare_filtered_vid_1552_sr_1.0,graphium,online,native,10.0,
061d3f66eccb4abcbc8161def5f32bd9,1.0,0.9294034067505252,0.9634101437768411,0.03658985622315891,0.9294034067505254,0.07059659324947475,7,0,1,8,449.47459172914563,0.0,31.73137492827622,1552,c3148a8a30c74705940d0ca9ac4be726,ohare_filtered_vid_1552_sr_1.0,graphium,online,native,30.0,
0b8a92fdd8b64eccb2235a2cf93d72b5,1.0,1.0,1.0,0.0,1.0,0.0,8,0,0,8,449.47459172914563,0.0,0.0,1552,a3de41fb66eb4ea6b3d536ff618d95ef,ohare_filtered_vid_1552_sr_1.0,barefoot,online,native,,
c13b5c4fbc2b459aaa70b178ce303a35,0.4740652110688548,0.6084154421945758,0.5329030022882648,0.4670969977117352,0.3632363798163624,1.0665694326744166,6,3,2,8,449.47459172914563,303.3885510550889,176.00730924703103,1552,f8d9553c6f4c4c338ade1a1275a8d4ca,ohare_filtered_vid_1552_sr_1.0,graphhopper,offline,batches,5.0,50.0
37389cd364a34f088d88cd2e9fdd4a0c,0.4992403200297191,0.6084154421945758,0.5484475058610061,0.4515524941389939,0.37783511659102925,1.0018516173734413,6,3,2,8,449.47459172914563,274.2995374450807,176.00730924703103,1552,fa51daf5529542da8fcbd725d1549b7d,ohare_filtered_vid_1552_sr_1.0,graphhopper,offline,batches,10.0,50.0
dab22a6f3ab24c0990943b35b5a4938c,0.529008119006777,0.6084154421945758,0.5659399358847153,0.43406006411528475,0.39464172390426394,0.9332751732208667,6,1,2,8,449.47459172914563,243.47616820736567,176.00730924703103,1552,100fbae6a65f4541987693ef4fd075a8,ohare_filtered_vid_1552_sr_1.0,graphhopper,offline,batches,30.0,50.0
c9adac2c3190444f9ef9321f2b48c477,1.0,0.9294034067505252,0.9634101437768411,0.03658985622315891,0.9294034067505254,0.07059659324947475,7,0,1,8,449.47459172914563,0.0,31.73137492827622,1552,1010999fe6d9454ab7fc2278f6391b23,ohare_filtered_vid_1552_sr_1.0,osrm,offline,batches,5.0,
13789e077ea9496fbf71819baa6743b9,1.0,0.9294034067505252,0.9634101437768411,0.03658985622315891,0.9294034067505254,0.07059659324947475,7,0,1,8,449.47459172914563,0.0,31.73137492827622,1552,dc67d3b5205549f185f017ce49886817,ohare_filtered_vid_1552_sr_1.0,osrm,offline,batches,10.0,
ae34e21df9054d26b0c8b377e6db24e1,1.0,1.0,1.0,0.0,1.0,0.0,8,0,0,8,449.47459172914563,0.0,0.0,1552,ee2d333cc4fd433a9ed20cac3e0d3f95,ohare_filtered_vid_1552_sr_1.0,osrm,offline,batches,30.0,
d25b5740f7b94874882f759fdd09cf0f,1.0,0.9294034067505252,0.9634101437768411,0.03658985622315891,0.9294034067505254,0.07059659324947475,7,0,1,8,449.47459172914563,0.0,31.73137492827622,1552,3633b159235d4d7c992235d011afef44,ohare_filtered_vid_1552_sr_5.0,graphium,online,native,5.0,
04c0eb83e9dd4d3eaaafa27631b495db,1.0,0.9294034067505252,0.9634101437768411,0.03658985622315891,0.9294034067505254,0.07059659324947475,7,0,1,8,449.47459172914563,0.0,31.73137492827622,1552,d843ebd2ca9647349ab2fb4e6a87e91b,ohare_filtered_vid_1552_sr_5.0,graphium,online,native,10.0,
90f4bd7b467d49be861eaed21294e3e5,1.0,0.9294034067505252,0.9634101437768411,0.03658985622315891,0.9294034067505254,0.07059659324947475,7,0,1,8,449.47459172914563,0.0,31.73137492827622,1552,0e243e2431fa4640b412289f1f774e8a,ohare_filtered_vid_1552_sr_5.0,graphium,online,native,30.0,
2db689a5a7b546dd82da1db983ab02d9,1.0,0.9294034067505252,0.9634101437768411,0.03658985622315891,0.9294034067505254,0.07059659324947475,7,0,1,8,449.47459172914563,0.0,31.73137492827622,1552,b99d53ee630f491bbb84e21ff3028073,ohare_filtered_vid_1552_sr_5.0,barefoot,online,native,,
c7cc572a795f467a93eb3ea8ec1fd9ec,0.4784629057152914,0.5305867466122272,0.5031785619915343,0.4968214380084657,0.33616472159900246,1.047766698949925,5,2,3,8,449.47459172914563,259.955178819193,210.9893304187192,1552,13269fc68ea74056abf66fba327859f5,ohare_filtered_vid_1552_sr_5.0,graphhopper,offline,batches,5.0,50.0
30e1b4356e794e4d8b151a8312bf4f12,0.529008119006777,0.6084154421945758,0.5659399358847153,0.43406006411528475,0.39464172390426394,0.9332751732208667,6,1,2,8,449.47459172914563,243.47616820736567,176.00730924703103,1552,8c550cf5a2f34f8e86a109644ec043e9,ohare_filtered_vid_1552_sr_5.0,graphhopper,offline,batches,10.0,50.0
fb1fb4867a134013a81bf413a732c0b3,0.529008119006777,0.6084154421945758,0.5659399358847153,0.43406006411528475,0.39464172390426394,0.9332751732208667,6,1,2,8,449.47459172914563,243.47616820736567,176.00730924703103,1552,41546043310f4388b54be454727af063,ohare_filtered_vid_1552_sr_5.0,graphhopper,offline,batches,30.0,50.0
b0559ee2fd8547d1b417fbda3b62637d,1.0,0.8628781412256499,0.9263924699421654,0.0736075300578346,0.8628781412256498,0.1371218587743503,5,0,3,8,449.47459172914563,0.0,61.63279148974266,1552,c455d6f013be406da0dc2df5e0457156,ohare_filtered_vid_1552_sr_5.0,osrm,offline,batches,5.0,
f43096a67c5a4257882e0c7c9467b251,1.0,0.8628781412256499,0.9263924699421654,0.0736075300578346,0.8628781412256498,0.1371218587743503,5,0,3,8,449.47459172914563,0.0,61.63279148974266,1552,ef6aac2db17c4a419e83316eedc7f18c,ohare_filtered_vid_1552_sr_5.0,osrm,offline,batches,10.0,
90addd408a0141479b5ce08a4cf71602,1.0,0.8628781412256499,0.9263924699421654,0.0736075300578346,0.8628781412256498,0.1371218587743503,5,0,3,8,449.47459172914563,0.0,61.63279148974266,1552,e08c8faa11114c2bb6898b88942ac16d,ohare_filtered_vid_1552_sr_5.0,osrm,offline,batches,30.0,
c07727a43f75407fa2d26acde4971b44,1.0,0.9294034067505252,0.9634101437768411,0.03658985622315891,0.9294034067505254,0.07059659324947475,7,0,1,8,449.47459172914563,0.0,31.73137492827622,1552,0020fcef10544182a0e5f7c4cb43c341,ohare_filtered_vid_1552_sr_10.0,graphium,online,native,5.0,
3b2a4e57f85a44bf801e63aefa47649e,1.0,0.9294034067505252,0.9634101437768411,0.03658985622315891,0.9294034067505254,0.07059659324947475,7,0,1,8,449.47459172914563,0.0,31.73137492827622,1552,f952ab810ad645fc8c5d38aeb07ba750,ohare_filtered_vid_1552_sr_10.0,graphium,online,native,10.0,
113fbfb60f7a4cf28adbe14fc86107be,1.0,0.9294034067505252,0.9634101437768411,0.03658985622315891,0.9294034067505254,0.07059659324947475,7,0,1,8,449.47459172914563,0.0,31.73137492827622,1552,3d31a4e5f2bc4545bf3c300b24819322,ohare_filtered_vid_1552_sr_10.0,graphium,online,native,30.0,
38ff771808c44a8293e478d8cb53d83f,1.0,0.9294034067505252,0.9634101437768411,0.03658985622315891,0.9294034067505254,0.07059659324947475,7,0,1,8,449.47459172914563,0.0,31.73137492827622,1552,b9466075a17744609df4c045fff2bbf6,ohare_filtered_vid_1552_sr_10.0,barefoot,online,native,,
222d230a5ac94d659add9272224e2cc3,1.0,0.4328785424821496,0.604208283742294,0.39579171625770604,0.4328785424821495,0.5671214575178505,5,0,3,8,449.47459172914563,0.0,254.90668557867386,1552,e3d95981558749c78ac20408695ea5bb,ohare_filtered_vid_1552_sr_10.0,graphhopper,offline,batches,5.0,50.0
76369677b9a346a5ba6cfd4445507e0e,0.529008119006777,0.6084154421945758,0.5659399358847153,0.43406006411528475,0.39464172390426394,0.9332751732208667,6,1,2,8,449.47459172914563,243.47616820736567,176.00730924703103,1552,26ef0e9777f5414bb9addb4091baff30,ohare_filtered_vid_1552_sr_10.0,graphhopper,offline,batches,10.0,50.0
6cf8bb38a51e499fb10abf9fd78e8bdc,0.529008119006777,0.6084154421945758,0.5659399358847153,0.43406006411528475,0.39464172390426394,0.9332751732208667,6,1,2,8,449.47459172914563,243.47616820736567,176.00730924703103,1552,c34690a1b9f044e290d8b2f68b87fe9b,ohare_filtered_vid_1552_sr_10.0,graphhopper,offline,batches,30.0,50.0
fd9b5b68c333431ab156076545d99f91,1.0,0.36635327695727393,0.5362497139438264,0.46375028605617363,0.3663532769572739,0.6336467230427261,3,0,5,8,449.47459172914563,0.0,284.8081021401403,1552,110753470e9b47ee8e53dd01814b9534,ohare_filtered_vid_1552_sr_10.0,osrm,offline,batches,5.0,
6b47eccdd9d24a0ca5a48df7bf73c194,1.0,0.8628781412256499,0.9263924699421654,0.0736075300578346,0.8628781412256498,0.1371218587743503,5,0,3,8,449.47459172914563,0.0,61.63279148974266,1552,dea8664284204662afe9b1f60c78ef34,ohare_filtered_vid_1552_sr_10.0,osrm,offline,batches,10.0,
498109b152dc401e92a32f0bab2e31e4,1.0,0.8628781412256499,0.9263924699421654,0.0736075300578346,0.8628781412256498,0.1371218587743503,5,0,3,8,449.47459172914563,0.0,61.63279148974266,1552,2f0a0846a38d4fac95452d5219a9beec,ohare_filtered_vid_1552_sr_10.0,osrm,offline,batches,30.0,
183add8d03344b869ba2209058ed26aa,1.0,0.9294034067505252,0.9634101437768411,0.03658985622315891,0.9294034067505254,0.07059659324947475,7,0,1,8,449.47459172914563,0.0,31.73137492827622,1552,e24cf6d31fc340cf80638422bade9bf7,ohare_filtered_vid_1552_sr_20.0,graphium,online,native,5.0,
23b49afdf8914d738a9bb6c174c9720e,1.0,0.9294034067505252,0.9634101437768411,0.03658985622315891,0.9294034067505254,0.07059659324947475,7,0,1,8,449.47459172914563,0.0,31.73137492827622,1552,5b6c8f7a62514ad5824109ed5b43ee0d,ohare_filtered_vid_1552_sr_20.0,graphium,online,native,10.0,
558de868af64430890d3dd385244ad3e,1.0,0.9294034067505252,0.9634101437768411,0.03658985622315891,0.9294034067505254,0.07059659324947475,7,0,1,8,449.47459172914563,0.0,31.73137492827622,1552,ddab343bd23843839ebe1aed64543564,ohare_filtered_vid_1552_sr_20.0,graphium,online,native,30.0,
5424b5365ddc42a3b2530721432467e2,1.0,0.9294034067505252,0.9634101437768411,0.03658985622315891,0.9294034067505254,0.07059659324947475,7,0,1,8,449.47459172914563,0.0,31.73137492827622,1552,a1c33ffea69540b298e3316e73fa1086,ohare_filtered_vid_1552_sr_20.0,barefoot,online,native,,
a76537959af748258350b8de098ef5de,0.47289374241134535,0.5146094298992373,0.4928704757794554,0.5071295242205446,0.32702595752966723,1.0589947995220703,5,2,3,8,449.47459172914563,257.8205268332534,218.17072832521757,1552,8ea3228f3e7940328939b951f64cbab1,ohare_filtered_vid_1552_sr_20.0,graphhopper,offline,batches,5.0,50.0
545a3945c9c64bb88f9dba90efab151c,0.47289374241134535,0.5146094298992373,0.4928704757794554,0.5071295242205446,0.32702595752966723,1.0589947995220703,5,2,3,8,449.47459172914563,257.8205268332534,218.17072832521757,1552,d595c72c5005498c9c4c401398a7458c,ohare_filtered_vid_1552_sr_20.0,graphhopper,offline,batches,10.0,50.0
6cdb7f189c92487897bda53965a18aa7,0.47289374241134535,0.5146094298992373,0.4928704757794554,0.5071295242205446,0.32702595752966723,1.0589947995220703,5,2,3,8,449.47459172914563,257.8205268332534,218.17072832521757,1552,7dc1c267793440078247eebc031158a0,ohare_filtered_vid_1552_sr_20.0,graphhopper,offline,batches,30.0,50.0
b383fa894dd14773b08da30a2b82f7ec,1.0,0.8628781412256499,0.9263924699421654,0.0736075300578346,0.8628781412256498,0.1371218587743503,5,0,3,8,449.47459172914563,0.0,61.63279148974266,1552,0a2271a31ad84085952dd665c9c334ab,ohare_filtered_vid_1552_sr_20.0,osrm,offline,batches,5.0,
40c81c0c3475415dacc7cd855c992a75,1.0,0.8628781412256499,0.9263924699421654,0.0736075300578346,0.8628781412256498,0.1371218587743503,5,0,3,8,449.47459172914563,0.0,61.63279148974266,1552,8a612aa7391245b1a4ad50ee384e691f,ohare_filtered_vid_1552_sr_20.0,osrm,offline,batches,10.0,
4894aac45397478a9c5fb4b7747e8cb1,1.0,0.8628781412256499,0.9263924699421654,0.0736075300578346,0.8628781412256498,0.1371218587743503,5,0,3,8,449.47459172914563,0.0,61.63279148974266,1552,6f65680b9c2647f887ce4f28edf851f5,ohare_filtered_vid_1552_sr_20.0,osrm,offline,batches,30.0,
826eada0849f4b87b9908e36a304d5fe,0.9776759589683116,0.8038515216294745,0.8822836760435764,0.11771632395642362,0.7893627901223833,0.21450344985942066,8,1,4,12,673.6772280746211,12.365326314027568,132.14076319971042,749,54a7a198f1944333b30dc65b826c6ac9,ohare_filtered_vid_749_sr_1.0,graphium,online,native,5.0,
f89843cd97814ce88e4e3ec5a5e753cd,0.979981779446266,0.8985582696069202,0.9375054127053281,0.062494587294671944,0.882362530516422,0.11979670188197501,10,1,2,12,673.6772280746211,12.365326314027568,68.3389837423031,749,cac2e0ad09d54621b5a7e88b5f480914,ohare_filtered_vid_749_sr_1.0,graphium,online,native,10.0,
b83084ad311140f2938f951e6e431b84,1.0,0.9802291310801265,0.9900158680581124,0.00998413194188763,0.9802291310801265,0.0197708689198737,11,0,1,12,673.6772280746211,0.0,13.319184170567192,749,9a4ccadb006146ed9c6499025479564d,ohare_filtered_vid_749_sr_1.0,graphium,online,native,30.0,
d82ad955569046339ca9903e3ff8caa3,0.9816190029045387,0.9802291310801265,0.9809235746648035,0.01907642533519649,0.9625613450356841,0.038125840408768825,11,1,1,12,673.6772280746211,12.365326314027568,13.319184170567192,749,2c6ff231aa584d1282351e617e9a23f0,ohare_filtered_vid_749_sr_1.0,barefoot,online,native,,
3c253808034d49b7beb60cb26891b5d6,0.7139893205323642,1.0,0.8331315860364865,0.16686841396351348,0.7139893205323642,0.4005811729149963,12,5,0,12,673.6772280746211,269.8624141882552,0.0,749,02fddaad86f44295a6295da8ad78458a,ohare_filtered_vid_749_sr_1.0,graphhopper,offline,batches,5.0,50.0
0b140ffd9f1c46ec8c90bcfaee9f418e,0.7385588740613853,1.0,0.8496219312217645,0.15037806877823545,0.7385588740613852,0.35398819934412556,12,5,0,12,673.6772280746211,238.47378890527693,0.0,749,1f51691626204a188e30198fa148d236,ohare_filtered_vid_749_sr_1.0,graphhopper,offline,batches,10.0,50.0
e8cdc2b820b2444381cb3bdf5f5b2261,0.9287198527153685,0.9802291310801265,0.9537795530124813,0.046220446987518704,0.9116430057917418,0.09500440315712638,11,3,1,12,673.6772280746211,50.68311880320948,13.319184170567192,749,e9842a8d116a4718b6e27964404f896e,ohare_filtered_vid_749_sr_1.0,graphhopper,offline,batches,30.0,50.0
bb3d8508c7654a9ca658cda2d54d1cdd,0.9819758610673258,1.0,0.9909059745445297,0.009094025455470334,0.9819758610673258,0.018354971488895123,12,1,0,12,673.6772280746211,12.365326314027568,0.0,749,433eed2cebe043c9bbebb8b98154ccd1,ohare_filtered_vid_749_sr_1.0,osrm,offline,batches,10.0,
a4a5b2f530fd4b028b42bae6c0165425,0.9819758610673258,1.0,0.9909059745445297,0.009094025455470334,0.9819758610673258,0.018354971488895123,12,1,0,12,673.6772280746211,12.365326314027568,0.0,749,49cfd1f8b34846ecb72db64eab3b3de8,ohare_filtered_vid_749_sr_1.0,osrm,offline,batches,30.0,
1282d7fb1f81418884bfe766ecef1008,1.0,0.8830201562208898,0.9378764781711728,0.06212352182882719,0.8830201562208899,0.11697984377911039,10,0,2,12,673.6772280746211,0.0,78.8066568977133,749,038992ee549c4353b5ce9543380252cf,ohare_filtered_vid_749_sr_5.0,graphium,online,native,5.0,
f0cbf6bfb4e8491d94a4d410fb553eec,1.0,0.9802291310801265,0.9900158680581124,0.00998413194188763,0.9802291310801265,0.0197708689198737,11,0,1,12,673.6772280746211,0.0,13.319184170567192,749,9d2b328e373d493ca84fccf180bc2bab,ohare_filtered_vid_749_sr_5.0,graphium,online,native,10.0,
a9beff4373904129b63c71de8d40d361,0.8879096141599845,1.0,0.9406272498432667,0.05937275015673327,0.8879096141599845,0.12624076150595534,12,1,0,12,673.6772280746211,85.04552628136132,0.0,749,521a6839487c4295b569b8ec6a0ff3f4,ohare_filtered_vid_749_sr_5.0,graphium,online,native,30.0,
61da0f4ee4a84c00bd4d5407c9fd5613,1.0,0.9802291310801265,0.9900158680581124,0.00998413194188763,0.9802291310801265,0.0197708689198737,11,0,1,12,673.6772280746211,0.0,13.319184170567192,749,383523365a9943b8a7f3c088f5e62ddf,ohare_filtered_vid_749_sr_5.0,barefoot,online,native,,
f3fe73d9e4134a4a8a9bcc19b81b3888,0.7938897099862636,1.0,0.8851042575993623,0.11489574240063771,0.7938897099862636,0.25962081057493797,12,2,0,12,673.6772280746211,174.9006280186105,0.0,749,c6a242f399e94673aed02d61c7ee6d29,ohare_filtered_vid_749_sr_5.0,graphhopper,offline,batches,5.0,50.0
3998bc51f13b48cda9ea3590de665aea,1.0,1.0,1.0,0.0,1.0,0.0,12,0,0,12,673.6772280746211,0.0,0.0,749,1b74df20a2a242ef847e86acbcdfe022,ohare_filtered_vid_749_sr_5.0,graphhopper,offline,batches,10.0,50.0
25a9de18d53a4ba39a6fed6a06c76407,1.0,0.9802291310801265,0.9900158680581124,0.00998413194188763,0.9802291310801265,0.0197708689198737,11,0,1,12,673.6772280746211,0.0,13.319184170567192,749,2ef796312458488190080982f6dcfdd6,ohare_filtered_vid_749_sr_5.0,graphhopper,offline,batches,30.0,50.0
2edd1b007cfb45e8bd1d8b11f6071b9e,1.0,1.0,1.0,0.0,1.0,0.0,12,0,0,12,673.6772280746211,0.0,0.0,749,4b26f29a843f49d991be2f4883ff6b09,ohare_filtered_vid_749_sr_5.0,osrm,offline,batches,5.0,
b4e61d97d519404fa85aec368ba6036c,1.0,1.0,1.0,0.0,1.0,0.0,12,0,0,12,673.6772280746211,0.0,0.0,749,92b841bb2ece43da997ce5991a278a41,ohare_filtered_vid_749_sr_5.0,osrm,offline,batches,10.0,
eed1af5399c643229c1322313c5e850d,1.0,1.0,1.0,0.0,1.0,0.0,12,0,0,12,673.6772280746211,0.0,0.0,749,40c876282c064b58a674cb7d20f2bbee,ohare_filtered_vid_749_sr_5.0,osrm,offline,batches,30.0,
7bc4bff446814a9dbcd59657f4ca340e,0.929158274958173,0.8871741970012289,0.9076810101663914,0.09231898983360864,0.8309669781577788,0.1804665400206675,8,1,4,12,673.6772280746211,45.568024221835515,76.00817421950545,749,74b6cb8e9ca34d5db259660a5956987e,ohare_filtered_vid_749_sr_10.0,graphium,online,native,5.0,
7933ef4a24d649f8812a4f902aa14c05,0.929158274958173,0.8871741970012289,0.9076810101663914,0.09231898983360864,0.8309669781577788,0.1804665400206675,8,1,4,12,673.6772280746211,45.568024221835515,76.00817421950545,749,55f4593fd8f24e849ce1d646fff076e3,ohare_filtered_vid_749_sr_10.0,graphium,online,native,10.0,
2841b3552714447d90565de17f2a1f9f,0.929158274958173,0.8871741970012289,0.9076810101663914,0.09231898983360864,0.8309669781577788,0.1804665400206675,8,1,4,12,673.6772280746211,45.568024221835515,76.00817421950545,749,2260bdb624fd4ab699bfd9570364b76c,ohare_filtered_vid_749_sr_10.0,graphium,online,native,30.0,
0204984cb0064f9b98ba98a599a42adb,1.0,0.9802291310801265,0.9900158680581124,0.00998413194188763,0.9802291310801265,0.0197708689198737,11,0,1,12,673.6772280746211,0.0,13.319184170567192,749,a45009dbab49482ba22d3e543247b5eb,ohare_filtered_vid_749_sr_10.0,barefoot,online,native,,
cd3b2e71f36342bdb3516a423ce92efb,1.0,0.8985582696069202,0.9465690719020794,0.053430928097920605,0.8985582696069202,0.10144173039307988,10,0,2,12,673.6772280746211,0.0,68.3389837423031,749,b4ae1734a04e4be782cb062e66e6371d,ohare_filtered_vid_749_sr_10.0,graphhopper,offline,batches,5.0,50.0
223dc30fa86649439024e5775133c420,0.9796722080732387,0.8845946235790744,0.929708938031518,0.070291061968482,0.8686505671845888,0.13376034790982105,10,1,2,12,673.6772280746211,12.365326314027568,77.74597409215761,749,660629d0e5064d8eb394b6af681e423a,ohare_filtered_vid_749_sr_10.0,graphhopper,offline,batches,10.0,50.0
393b4ab3a4a74d9aa7591b3f4091e89c,0.9796722080732387,0.8845946235790744,0.929708938031518,0.070291061968482,0.8686505671845888,0.13376034790982105,10,1,2,12,673.6772280746211,12.365326314027568,77.74597409215761,749,789bf4a4425e4451b075fb4c42eed44d,ohare_filtered_vid_749_sr_10.0,graphhopper,offline,batches,30.0,50.0
8593e480c6ef46908af20d3a248103dc,1.0,0.8803233293999628,0.9363531427128399,0.06364685728716013,0.8803233293999627,0.11967667060003717,9,0,3,12,673.6772280746211,0.0,80.62344771503254,749,301b9b78b39c490e920f06511db5e2c7,ohare_filtered_vid_749_sr_10.0,osrm,offline,batches,5.0,
3b5f3c34ffa34b8fbffa6176dd00a1c8,1.0,0.8803233293999628,0.9363531427128399,0.06364685728716013,0.8803233293999627,0.11967667060003717,9,0,3,12,673.6772280746211,0.0,80.62344771503254,749,111a4cd5833b49c28c2a9b1059921bee,ohare_filtered_vid_749_sr_10.0,osrm,offline,batches,10.0,
3f0f21138b8741efb80a54eaba9b9061,1.0,0.8628232459167571,0.9263608319340391,0.07363916806596094,0.8628232459167571,0.13717675408324317,10,0,2,12,673.6772280746211,0.0,92.41285544707323,749,d424120e6a684fe28088ee8bf85a0856,ohare_filtered_vid_749_sr_10.0,osrm,offline,batches,30.0,
c0dd9a61cfcb462598a9c21fecff1137,1.0,0.9802291310801265,0.9900158680581124,0.00998413194188763,0.9802291310801265,0.0197708689198737,11,0,1,12,673.6772280746211,0.0,13.319184170567192,749,5ac9506003394948a5f7b09a2052758e,ohare_filtered_vid_749_sr_20.0,graphium,online,native,5.0,
8619016d94c643b8a83a0469e9127652,1.0,0.9802291310801265,0.9900158680581124,0.00998413194188763,0.9802291310801265,0.0197708689198737,11,0,1,12,673.6772280746211,0.0,13.319184170567192,749,4dfefc2fbbde44c3ae96c7ef9ecd739a,ohare_filtered_vid_749_sr_20.0,graphium,online,native,10.0,
262b8fe15d504eea9fad3eebec907ec3,1.0,0.9802291310801265,0.9900158680581124,0.00998413194188763,0.9802291310801265,0.0197708689198737,11,0,1,12,673.6772280746211,0.0,13.319184170567192,749,9e1b64ab71a849c7b06925c938ab7f50,ohare_filtered_vid_749_sr_20.0,graphium,online,native,30.0,
ab950346186849748c1cf3abb645f53e,1.0,1.0,1.0,0.0,1.0,0.0,12,0,0,12,673.6772280746211,0.0,0.0,749,1a5a45130c1a4b549983bee5ae7c551b,ohare_filtered_vid_749_sr_20.0,barefoot,online,native,,
af792bbf1f024252af27e81125cf35b7,0.9773365940374524,0.7915396895001767,0.8746803961150047,0.1253196038849953,0.7772728681658999,0.2268152819887185,7,1,5,12,673.6772280746211,12.365326314027568,140.43496414109586,749,b8cd06a5e07c49fbbd0922ef1c9e62dd,ohare_filtered_vid_749_sr_20.0,graphhopper,offline,batches,5.0,50.0
e10d666d68af4b22b5db8e45819017dd,1.0,0.7915396895001767,0.8836418128375477,0.11635818716245228,0.791539689500177,0.20846031049982341,7,0,5,12,673.6772280746211,0.0,140.43496414109586,749,62faf13387874a6c9bbe1c03c82e1ac1,ohare_filtered_vid_749_sr_20.0,graphhopper,offline,batches,10.0,50.0
1fea848f87964278b3b6ba452af02b06,1.0,0.8845946235790744,0.9387638195625556,0.06123618043744439,0.8845946235790744,0.11540537642092592,10,0,2,12,673.6772280746211,0.0,77.74597409215761,749,65097be9d6ac4f8f8036c5f9c2915079,ohare_filtered_vid_749_sr_20.0,graphhopper,offline,batches,30.0,50.0
0e989fdbcf6f4f0ba1fe28a3d2a8bb89,1.0,0.8254650110283704,0.9043887514046046,0.09561124859539538,0.8254650110283704,0.17453498897162975,7,0,5,12,673.6772280746211,0.0,117.58024757244209,749,cbdc3a9548624052883ac05991b337fc,ohare_filtered_vid_749_sr_20.0,osrm,offline,batches,5.0,
9056a383ef314f70bbacf2ce4629f50f,1.0,0.7499974429179858,0.8571411872093057,0.14285881279069435,0.7499974429179858,0.25000255708201435,6,0,6,12,673.6772280746211,0.0,168.42102966657868,749,2a086dc3a01d4de8b4c43aa96bf853f9,ohare_filtered_vid_749_sr_20.0,osrm,offline,batches,10.0,
fd8846553bfd48748b069e295a9f440d,1.0,0.8079649275451645,0.893783850820835,0.106216149179165,0.8079649275451645,0.19203507245483573,8,0,4,12,673.6772280746211,0.0,129.36965530448276,749,b1e72e216f5549ca91577dd0f1f9f146,ohare_filtered_vid_749_sr_20.0,osrm,offline,batches,30.0,
5f893a7ec6cd465a817c7b6f34239c02,1.0000000000000002,1.0000000000000002,1.0000000000000002,-2.220446049250313e-16,1.0000000000000004,0.0,16,0,0,16,950.3655082986934,0.0,0.0,300,8817ac37989e45e8afe6b968678d4ddb,ohare_filtered_vid_300_sr_1.0,graphium,online,native,5.0,
95a2dd52040542b6b0cf0d00ec109379,1.0000000000000002,1.0000000000000002,1.0000000000000002,-2.220446049250313e-16,1.0000000000000004,0.0,16,0,0,16,950.3655082986934,0.0,0.0,300,ddb649b4b3064d459ee65cc6d2213807,ohare_filtered_vid_300_sr_1.0,graphium,online,native,10.0,
c8f34cd52aac4b06b7bb34022655b8b6,1.0000000000000002,1.0000000000000002,1.0000000000000002,-2.220446049250313e-16,1.0000000000000004,0.0,16,0,0,16,950.3655082986934,0.0,0.0,300,d8098caeff8e4817a0d0d3170165d41b,ohare_filtered_vid_300_sr_1.0,graphium,online,native,30.0,
efee77207cd64c2ba4db18b36eec4aa6,0.8904728826520265,1.0000000000000002,0.9420636400801875,0.0579363599198125,0.8904728826520267,0.1229988239751641,16,4,0,16,950.3655082986934,116.89383986729834,0.0,300,d7afa819449e4f66908eef6bc1eee8bb,ohare_filtered_vid_300_sr_1.0,barefoot,online,native,,
a79ff492f26941748215daa844a2f050,0.64628501512136,0.9709367643366981,0.7760245247643244,0.22397547523567563,0.6340196682575701,0.5604617284025774,15,8,1,16,950.3655082986934,505.02279866132096,27.62069673395864,300,b91ecbc7391a47bfa1897a2cde04f0ab,ohare_filtered_vid_300_sr_1.0,graphhopper,offline,batches,5.0,50.0
97184c0d7761494fb615834ca07af9e7,0.837833064048489,1.0000000000000002,0.911761879180539,0.08823812081946103,0.837833064048489,0.19355518767414717,16,5,0,16,950.3655082986934,183.94817431778986,0.0,300,051955b2c0d54269892dc55a47a9b7f2,ohare_filtered_vid_300_sr_1.0,graphhopper,offline,batches,10.0,50.0
72692d216e344f9bb045f813ac33673c,0.8950964219161143,1.0000000000000002,0.9446447279037029,0.05535527209629709,0.8950964219161145,0.11719807555405126,16,3,0,16,950.3655082986934,111.3810086455546,0.0,300,77c237ff86794254ae772daf762502d8,ohare_filtered_vid_300_sr_1.0,graphhopper,offline,batches,30.0,50.0
ac401e2b658c4e549ec1c4dad6b0b96f,0.8321206665997015,1.0000000000000002,0.9083688446613772,0.09163115533862276,0.8321206665997019,0.2017487849283982,16,5,0,16,950.3655082986934,191.73508653712094,0.0,300,ca20a50e0cab400d8e7fc3a0a5e65283,ohare_filtered_vid_300_sr_1.0,osrm,offline,batches,10.0,
427aca0893c848199b52cfedc22f3b66,0.8694064698439733,1.0000000000000002,0.9301417148904345,0.06985828510956549,0.8694064698439735,0.15020998196558594,16,5,0,16,950.3655082986934,142.75438586226164,0.0,300,2335713a2751420b95439dff48e98021,ohare_filtered_vid_300_sr_1.0,osrm,offline,batches,30.0,
84266c55787248d2b453d999aa5404fc,1.0,0.7817716468773005,0.8775217051493874,0.12247829485061257,0.7817716468773004,0.21822835312269961,11,0,5,16,950.3655082986934,0.0,207.39669974064117,300,3802e68a62ab42c2b82ac5dd7f73a4ab,ohare_filtered_vid_300_sr_5.0,graphium,online,native,5.0,
f04f7edeb20c443ebbaaeb7c54c5823f,1.0,0.8522471154567539,0.9202304685426324,0.07976953145736765,0.8522471154567539,0.14775288454324617,12,0,4,16,950.3655082986934,0.0,140.4192452215403,300,1aeadc64aac84fce977a761adc913e1b,ohare_filtered_vid_300_sr_5.0,graphium,online,native,10.0,
737a66c9201442239f9fe8c46672fe14,1.0,0.8522471154567539,0.9202304685426324,0.07976953145736765,0.8522471154567539,0.14775288454324617,12,0,4,16,950.3655082986934,0.0,140.4192452215403,300,53f54f84116d43bb8fdfbe390a9ff66a,ohare_filtered_vid_300_sr_5.0,graphium,online,native,30.0,
bfe04fd275d547388046c1a5887fcc6f,1.0000000000000002,1.0000000000000002,1.0000000000000002,-2.220446049250313e-16,1.0000000000000004,0.0,16,0,0,16,950.3655082986934,0.0,0.0,300,c7849f7bc9d549198b18487aab3b879e,ohare_filtered_vid_300_sr_5.0,barefoot,online,native,,
4110f84e30664065ad0a5d01b14b752f,0.9834197517090864,0.9295245314205466,0.9557129206100905,0.0442870793899095,0.9151821749709234,0.08614705489512739,15,1,1,16,950.3655082986934,14.893735094742322,66.97745451910086,300,6a108bb8c39545adadeebf507e8b5161,ohare_filtered_vid_300_sr_5.0,graphhopper,offline,batches,5.0,50.0
e12763c28a044919a6abec84f8c5332b,1.0000000000000002,0.9675618040615394,0.9835135059689105,0.016486494031089483,0.9675618040615396,0.032438195938460715,14,0,2,16,950.3655082986934,0.0,30.82814257134783,300,f5d360aaadf643eeba02a91b125f4a49,ohare_filtered_vid_300_sr_5.0,graphhopper,offline,batches,10.0,50.0
596c38fc84354accb717af042f4b9b3e,1.0000000000000002,1.0000000000000002,1.0000000000000002,-2.220446049250313e-16,1.0000000000000004,0.0,16,0,0,16,950.3655082986934,0.0,0.0,300,1cea78f653e24eca912900461e340a94,ohare_filtered_vid_300_sr_5.0,graphhopper,offline,batches,30.0,50.0
219d0c22fb7546ca89ad41d28ee62714,0.8961328157891494,0.8650913916057587,0.8803385524904903,0.11966144750950969,0.7862542328742753,0.2351779048065249,12,2,4,16,950.3655082986934,95.29248085161217,128.21248819046258,300,8eeefc00fa2f4619a84ea269b4d57d88,ohare_filtered_vid_300_sr_5.0,osrm,offline,batches,5.0,
385069656a5e4ce1abd96bad1b9d58d3,0.9031996558783514,0.9355668601852122,0.9190983833874238,0.08090161661257622,0.8503071595616393,0.16470243622707145,13,2,3,16,950.3655082986934,95.29248085161217,61.23503367136173,300,616f4d2eaa6b4299b654a308289fef38,ohare_filtered_vid_300_sr_5.0,osrm,offline,batches,10.0,
e025c4123cea47a888047888059987e9,0.9830857172350527,0.9108581716088747,0.9455947076469169,0.05440529235308311,0.8968038329328404,0.10481341470679928,12,1,4,16,950.3655082986934,14.893735094742322,84.71731904960671,300,3e0e5696610c4fb89f79df79e971de70,ohare_filtered_vid_300_sr_5.0,osrm,offline,batches,30.0,
6b2f3252f16c417885dd50021bd768d3,1.0,0.7817716468773005,0.8775217051493874,0.12247829485061257,0.7817716468773004,0.21822835312269961,11,0,5,16,950.3655082986934,0.0,207.39669974064117,300,8af3d6bcfd9e442e9602096c636dc5b8,ohare_filtered_vid_300_sr_10.0,graphium,online,native,5.0,
7764a98f1abd4c22963478d1430dfd55,1.0,0.7817716468773005,0.8775217051493874,0.12247829485061257,0.7817716468773004,0.21822835312269961,11,0,5,16,950.3655082986934,0.0,207.39669974064117,300,c06e5e02bc2e43aaa893594e4b4b1f2c,ohare_filtered_vid_300_sr_10.0,graphium,online,native,10.0,
d59f6aaf965b4da9bfdb1b8ae3ea4c2b,1.0,0.7817716468773005,0.8775217051493874,0.12247829485061257,0.7817716468773004,0.21822835312269961,11,0,5,16,950.3655082986934,0.0,207.39669974064117,300,e2a291215d2f4fcbaf713ad5aad585b1,ohare_filtered_vid_300_sr_10.0,graphium,online,native,30.0,
e926ccbb70a441b38fe83f9b4aeac761,1.0,0.9295245314205466,0.9634752150429681,0.03652478495703193,0.9295245314205465,0.07047546857945344,15,0,1,16,950.3655082986934,0.0,66.97745451910086,300,9dc1079ef3bb42e8afcd3476b59d9fc8,ohare_filtered_vid_300_sr_10.0,barefoot,online,native,,
f95686ccc97e4488ac7b5cae3f63b5d9,1.0000000000000002,0.6599328988312025,0.7951320192471355,0.2048679807528645,0.6599328988312027,0.34006710116879757,9,0,7,16,950.3655082986934,0.0,323.1880434579475,300,ce6ad9ec10d1411db8932828822b63d8,ohare_filtered_vid_300_sr_10.0,graphhopper,offline,batches,5.0,50.0
cd494f9d1ed843778bf177f909b40feb,0.9598734293620781,0.7817716468773005,0.8617161348240343,0.1382838651759657,0.7570309666919709,0.2509095528012807,11,2,5,16,950.3655082986934,31.059084944345802,207.39669974064117,300,2bd27b266c084bd5aa36e9a6c3332552,ohare_filtered_vid_300_sr_10.0,graphhopper,offline,batches,10.0,50.0
3b65b83b21e745c386ed7f621d3ca63b,0.9598734293620781,0.7817716468773005,0.8617161348240343,0.1382838651759657,0.7570309666919709,0.2509095528012807,11,2,5,16,950.3655082986934,31.059084944345802,207.39669974064117,300,f739817cfa234919a16aa6407bd16d89,ohare_filtered_vid_300_sr_10.0,graphhopper,offline,batches,30.0,50.0
c6ffc3b74dfa43788d9272be6c34efd3,1.0,0.6308696631679006,0.7736604308923877,0.22633956910761233,0.6308696631679006,0.3691303368320995,8,0,8,16,950.3655082986934,0.0,350.80874019190617,300,dcdba54c040346fc83fb424edc9e485d,ohare_filtered_vid_300_sr_10.0,osrm,offline,batches,5.0,
8503c43133184ac69572bcccc74cb321,1.0000000000000002,0.7949208759951547,0.8857447552437968,0.11425524475620319,0.7949208759951548,0.20507912400484546,10,0,6,16,950.3655082986934,0.0,194.90012592631572,300,9dc8c9a2a1ee4be28ae2261ce81f7a38,ohare_filtered_vid_300_sr_10.0,osrm,offline,batches,10.0,
744bfe5dfc674ccdbe7c783e740bd925,1.0000000000000002,0.7949208759951547,0.8857447552437968,0.11425524475620319,0.7949208759951548,0.20507912400484546,10,0,6,16,950.3655082986934,0.0,194.90012592631572,300,5897cf61b7ec42a097a47f8d8995d714,ohare_filtered_vid_300_sr_10.0,osrm,offline,batches,30.0,
069ff6860fdd4c928f226425294c7835,1.0,0.7817716468773005,0.8775217051493874,0.12247829485061257,0.7817716468773004,0.21822835312269961,11,0,5,16,950.3655082986934,0.0,207.39669974064117,300,bb384922b2a04d88971d2ca8b3d1ab15,ohare_filtered_vid_300_sr_20.0,graphium,online,native,5.0,
4a6760a3e6614b1eb2c33b3872a07210,1.0,0.7817716468773005,0.8775217051493874,0.12247829485061257,0.7817716468773004,0.21822835312269961,11,0,5,16,950.3655082986934,0.0,207.39669974064117,300,8fef05348ece47dcb154935803ad3a35,ohare_filtered_vid_300_sr_20.0,graphium,online,native,10.0,
3ee22af370b14cc1ab6de613d453e93f,1.0,0.7817716468773005,0.8775217051493874,0.12247829485061257,0.7817716468773004,0.21822835312269961,11,0,5,16,950.3655082986934,0.0,207.39669974064117,300,ec4dbce362d142b5992f4b2def017f6e,ohare_filtered_vid_300_sr_20.0,graphium,online,native,30.0,
783cbb1ca28d4d93ad8461cafa4ef7a1,1.0,0.9295245314205466,0.9634752150429681,0.03652478495703193,0.9295245314205465,0.07047546857945344,15,0,1,16,950.3655082986934,0.0,66.97745451910086,300,008a809f73224ea196f0809f3cee1c16,ohare_filtered_vid_300_sr_20.0,barefoot,online,native,,
93ad196179534a03a0e78ec453977b8d,0.9788368972579367,0.7248430020544597,0.8329065517723963,0.16709344822760375,0.7136588360060476,0.2908285842612143,11,1,5,16,950.3655082986934,14.893735094742322,261.4997202144559,300,fd423611d4444710a8ccd2dcf1577914,ohare_filtered_vid_300_sr_20.0,graphhopper,offline,batches,5.0,50.0
7319136ab8384f098c520d0f85c76a93,1.0,0.8064803354536377,0.8928747461301502,0.10712525386984983,0.8064803354536377,0.19351966454636224,12,0,4,16,950.3655082986934,0.0,183.91441436239617,300,f813f30b9bde4ceb91be7b7c454110e6,ohare_filtered_vid_300_sr_20.0,graphhopper,offline,batches,10.0,50.0
cc71758ec46841d1bc5e2ad3c3b92ddb,1.0,0.8064803354536377,0.8928747461301502,0.10712525386984983,0.8064803354536377,0.19351966454636224,12,0,4,16,950.3655082986934,0.0,183.91441436239617,300,72dd1bc6acce4317b489fd23920abcfe,ohare_filtered_vid_300_sr_20.0,graphhopper,offline,batches,30.0,50.0
88f52cc3ecd3476da3c6ab916b43886f,1.0,0.7805876435596392,0.8767753122212365,0.1232246877787635,0.7805876435596392,0.2194123564403609,9,0,7,16,950.3655082986934,0.0,208.52193565545767,300,ec02199389584ad2bca76f6503293d86,ohare_filtered_vid_300_sr_20.0,osrm,offline,batches,5.0,
b35d09269cec4a5dbcde8f9902e4b15d,1.0000000000000002,0.8096508792229411,0.8948144512499593,0.10518554875004071,0.8096508792229412,0.190349120777059,10,0,6,16,950.3655082986934,0.0,180.90123892149907,300,402999f65fb84acd8e014cebe5b13d2a,ohare_filtered_vid_300_sr_20.0,osrm,offline,batches,10.0,
c27ee16c870a42a487f6763b87ea90b4,1.0000000000000002,0.8096508792229411,0.8948144512499593,0.10518554875004071,0.8096508792229412,0.190349120777059,10,0,6,16,950.3655082986934,0.0,180.90123892149907,300,575f51c02d514633a11e779f8989b3d5,ohare_filtered_vid_300_sr_20.0,osrm,offline,batches,30.0,
b3574166fad740009f457e794a10d40f,0.8790912784499046,0.9074724083512292,0.8930564138397775,0.10694358616022248,0.8067768086878039,0.21733980560817245,10,1,3,13,681.3878512644967,85.04552628136132,63.04717685623472,1622,73dda09598f24975a6f8bd27ec2909cc,ohare_filtered_vid_1622_sr_1.0,graphium,online,native,5.0,
0dd77c35949e49719cd07ba2b8ce1d60,0.7323104843377135,0.8884509401239661,0.8028596046929934,0.19714039530700656,0.6706478269719569,0.4363143157859983,9,2,4,13,681.3878512644967,221.291099889855,76.00817421950545,1622,7d4c2336fbd741beb457e7982a71afc8,ohare_filtered_vid_1622_sr_1.0,graphium,online,native,10.0,
eae208bd2239411097daf31986562a02,0.887074859258453,0.980452859343104,0.9314293689441003,0.06857063105589967,0.8716591509011582,0.1443593546162976,12,1,1,13,681.3878512644967,85.04552628136132,13.319184170567192,1622,5a2d32aa67fa4e939ef31020c2a647b3,ohare_filtered_vid_1622_sr_1.0,graphium,online,native,30.0,
5a2409771a074330b8dca379c336cd24,1.0,1.0,1.0,0.0,1.0,0.0,13,0,0,13,681.3878512644967,0.0,0.0,1622,fe0fe33ce13447dfbc49a1a1c643009c,ohare_filtered_vid_1622_sr_1.0,barefoot,online,native,,
db01214c7e074a4da474629505af970c,0.6884048527206246,0.980452859343104,0.8088748385875938,0.1911251614124062,0.6790846711931182,0.4633330202888081,12,7,1,13,681.3878512644967,302.3903069439132,13.319184170567192,1622,d0a7a76da41047eaac4047e80cb57b0c,ohare_filtered_vid_1622_sr_1.0,graphhopper,offline,batches,5.0,50.0
ac083ed1e546438da7333127166f1e75,0.8180420090683012,1.0,0.8999154089816948,0.10008459101830525,0.8180420090683012,0.22243110856731885,13,2,0,13,681.3878512644967,151.56185512106538,0.0,1622,d0dba77b7ae647b6bd6eff8030730f12,ohare_filtered_vid_1622_sr_1.0,graphhopper,offline,batches,10.0,50.0
108acb3b04d44b6e8e6cbd59a13425f8,1.0,1.0,1.0,0.0,1.0,0.0,13,0,0,13,681.3878512644967,0.0,0.0,1622,d08d15b8210447b4972ced09013f09ec,ohare_filtered_vid_1622_sr_1.0,graphhopper,offline,batches,30.0,50.0
c63493c26279451aa1cbe89c91b1dc07,0.7849764305040542,1.0,0.8795370259117506,0.12046297408824935,0.7849764305040542,0.27392359966511787,13,3,0,13,681.3878512644967,186.6482129864509,0.0,1622,9071b0a8d06a4031b7ad9820548cf727,ohare_filtered_vid_1622_sr_1.0,osrm,offline,batches,5.0,
97101844e62f4aa4b5c24a380d18878a,0.7849764305040542,1.0,0.8795370259117506,0.12046297408824935,0.7849764305040542,0.27392359966511787,13,3,0,13,681.3878512644967,186.6482129864509,0.0,1622,ddbd7cac514a434d9782b431a5b6a79f,ohare_filtered_vid_1622_sr_1.0,osrm,offline,batches,10.0,
97240b89cabb48ac8b7469b8e14a19ca,0.9783200655966015,1.0,0.9890412402015137,0.010958759798486262,0.9783200655966015,0.02216036976628687,13,1,0,13,681.3878512644967,15.099806738276927,0.0,1622,a58c7d63e7fd4ed1905a298408cb7d88,ohare_filtered_vid_1622_sr_1.0,osrm,offline,batches,30.0,
490061018f43447dbbfb8d1e8fa0dcdc,0.7808175585322112,0.896883660850536,0.8348357887114126,0.16516421128858738,0.7164962505912746,0.35487956904829515,10,2,3,13,681.3878512644967,171.54840624817396,70.26222076331445,1622,d594ee9bc0584df680439775f84a6a84,ohare_filtered_vid_1622_sr_5.0,graphium,online,native,5.0,
c2d7db2bac5e4b84a502893b2b030827,0.7808175585322112,0.896883660850536,0.8348357887114126,0.16516421128858738,0.7164962505912746,0.35487956904829515,10,2,3,13,681.3878512644967,171.54840624817396,70.26222076331445,1622,da42b806aea041adbfbb0fa2254c8e22,ohare_filtered_vid_1622_sr_5.0,graphium,online,native,10.0,
31aebf6160b046f9b5519c811d4a94e5,0.7808175585322112,0.896883660850536,0.8348357887114126,0.16516421128858738,0.7164962505912746,0.35487956904829515,10,2,3,13,681.3878512644967,171.54840624817396,70.26222076331445,1622,3afc9f5774114beaaac2f5edcc6ee084,ohare_filtered_vid_1622_sr_5.0,graphium,online,native,30.0,
c521be7d63334531ad89cde961db794b,1.0,1.0,1.0,0.0,1.0,0.0,13,0,0,13,681.3878512644967,0.0,0.0,1622,74121c3e9bfe470fba778ff920cb222c,ohare_filtered_vid_1622_sr_5.0,barefoot,online,native,,
bace8ae9d8fe4b1c9e6ca61d8b817e02,0.8541283876783049,0.9108326202764155,0.8815696141673166,0.1184303858326834,0.7882203714547494,0.24472317764767437,12,1,1,13,681.3878512644967,105.99383089922986,60.757569272738685,1622,fb0b8b3835ac4727bf3c3d100f800469,ohare_filtered_vid_1622_sr_5.0,graphhopper,offline,batches,5.0,50.0
7458426d34c5475487eb579be4b0e347,1.0,1.0,1.0,0.0,1.0,0.0,13,0,0,13,681.3878512644967,0.0,0.0,1622,15824ccaa213446093f6017bccef721a,ohare_filtered_vid_1622_sr_5.0,graphhopper,offline,batches,10.0,50.0
a07105e27e3d48d7b47e67f063f28752,1.0,1.0,1.0,0.0,1.0,0.0,13,0,0,13,681.3878512644967,0.0,0.0,1622,5b946552bc8b4e5985bedbb7e780364b,ohare_filtered_vid_1622_sr_5.0,graphhopper,offline,batches,30.0,50.0
b9542164ee954163a9cda7649e6d4ff0,0.8983039477693816,0.8498217389174528,0.8733905448373478,0.1266094551626522,0.7752380745919212,0.2463856930572882,11,1,2,13,681.3878512644967,65.5545753489441,102.32964262567532,1622,f1dbc5cbac8549179a2926e8a5b4dd30,ohare_filtered_vid_1622_sr_5.0,osrm,offline,batches,5.0,
96ff801f5d0744ab86b47f5600c3a869,1.0,0.9389891186410373,0.9685346963670828,0.03146530363291722,0.9389891186410373,0.06101088135896256,12,0,1,13,681.3878512644967,0.0,41.572073352936634,1622,0ebbfeb326c64828b34793115f9831c0,ohare_filtered_vid_1622_sr_5.0,osrm,offline,batches,10.0,
d658f46e6f4a4dfdb17f6150bc08e144,1.0,0.9389891186410373,0.9685346963670828,0.03146530363291722,0.9389891186410373,0.06101088135896256,12,0,1,13,681.3878512644967,0.0,41.572073352936634,1622,8b02a8678a754c9b87ceb14bf4514fcd,ohare_filtered_vid_1622_sr_5.0,osrm,offline,batches,30.0,
e86de53a8f5e476e9c94540f9798bbb4,1.0,1.0,1.0,0.0,1.0,0.0,13,0,0,13,681.3878512644967,0.0,0.0,1622,26c4cd27b97c49538a3c6b8229bfb65d,ohare_filtered_vid_1622_sr_10.0,graphium,online,native,5.0,
70b84cd9437344338ab5e618fd3b5be0,1.0,1.0,1.0,0.0,1.0,0.0,13,0,0,13,681.3878512644967,0.0,0.0,1622,8d417af305c749a1a5392a1209ff6d70,ohare_filtered_vid_1622_sr_10.0,graphium,online,native,10.0,
af1f1b135db44691b069f9fa0ae34c25,1.0,1.0,1.0,0.0,1.0,0.0,13,0,0,13,681.3878512644967,0.0,0.0,1622,961f113338c44485b27da6c73924076d,ohare_filtered_vid_1622_sr_10.0,graphium,online,native,30.0,
91506d522ab947c2842c9f20fd0bd20d,1.0,1.0,1.0,0.0,1.0,0.0,13,0,0,13,681.3878512644967,0.0,0.0,1622,c341e8575b714e98a336ba39167efdeb,ohare_filtered_vid_1622_sr_10.0,barefoot,online,native,,
c8d38a463b844e2d8f67ffc2c53e66b9,1.0,0.37328781211652556,0.5436410471614257,0.4563589528385743,0.37328781211652556,0.6267121878834744,6,0,7,13,681.3878512644967,0.0,427.03407106319213,1622,46e6f5b49472496cae41ab25b37a83c5,ohare_filtered_vid_1622_sr_10.0,graphhopper,offline,batches,5.0,50.0
6862d1347ef647d6ab57e955f3c5fa55,1.0,0.431125005861993,0.602498040487132,0.39750195951286804,0.431125005861993,0.5688749941380069,8,0,5,13,681.3878512644967,0.0,387.6245098937997,1622,6631fddf94e7402ab2a80330b1cce38a,ohare_filtered_vid_1622_sr_10.0,graphhopper,offline,batches,10.0,50.0
2bbf563a0b424dd997a3745c576027be,1.0,1.0,1.0,0.0,1.0,0.0,13,0,0,13,681.3878512644967,0.0,0.0,1622,6bd42f145bc04edfa62816b7c8f5f35e,ohare_filtered_vid_1622_sr_10.0,graphhopper,offline,batches,30.0,50.0
02bbeb78faba43a5aedbf97ae74435f4,1.0,0.3542663438892625,0.5231856281266791,0.4768143718733209,0.3542663438892625,0.6457336561107374,5,0,8,13,681.3878512644967,0.0,439.9950684264628,1622,49cd2f4b6b074f09be7eaf544ce55112,ohare_filtered_vid_1622_sr_10.0,osrm,offline,batches,5.0,
13a54141896d45b3b9797edfde8a2f51,1.0,0.37381348454615837,0.5441983045750177,0.4558016954249823,0.37381348454615837,0.6261865154538415,6,0,7,13,681.3878512644967,0.0,426.67588425589565,1622,56833516164f4559b54afa4b9fb262b9,ohare_filtered_vid_1622_sr_10.0,osrm,offline,batches,10.0,
5d32f70a49db4218af200fc5897a3ec6,1.0,0.8816775973252028,0.9371186632380637,0.0628813367619363,0.8816775973252028,0.11832240267479711,10,0,3,13,681.3878512644967,0.0,80.62344771503254,1622,429389c9d5334ed38755fc6c4007ad5f,ohare_filtered_vid_1622_sr_10.0,osrm,offline,batches,30.0,
b4ba81dc393b407bab16c7f4f8d2cad9,1.0,1.0,1.0,0.0,1.0,0.0,13,0,0,13,681.3878512644967,0.0,0.0,1622,f4e8ed509d9a42098499d74be1ca4f78,ohare_filtered_vid_1622_sr_20.0,graphium,online,native,5.0,
4a0354d3b5264117ac6211acefba0ae9,1.0,1.0,1.0,0.0,1.0,0.0,13,0,0,13,681.3878512644967,0.0,0.0,1622,a158047cc59440478e7c7f41b9d45410,ohare_filtered_vid_1622_sr_20.0,graphium,online,native,10.0,
e148a735d80b4b0b8ac0b263203ed58b,1.0,1.0,1.0,0.0,1.0,0.0,13,0,0,13,681.3878512644967,0.0,0.0,1622,6783b45bdb70458c8fdb307c15e09d46,ohare_filtered_vid_1622_sr_20.0,graphium,online,native,30.0,
54848c6836334d90b81da700a6baecb0,1.0,1.0,1.0,0.0,1.0,0.0,13,0,0,13,681.3878512644967,0.0,0.0,1622,f1557a9cb9794722a57428429afb3ec1,ohare_filtered_vid_1622_sr_20.0,barefoot,online,native,,
e29a5d5385cd48b6ab01631d3d6916b1,0.7917595657042864,0.2542693838029136,0.3849228398249138,0.6150771601750862,0.23833092889703508,0.8126059268403154,6,1,7,13,681.3878512644967,45.568024221835515,508.1317821926817,1622,be0739a7832b42359d8048ee4a9b64df,ohare_filtered_vid_1622_sr_20.0,graphhopper,offline,batches,5.0,50.0
fdaaa6ccebfc4399a484f722b2bc6a92,1.0,0.9108326202764155,0.9533358501538005,0.04666414984619949,0.9108326202764155,0.08916737972358449,12,0,1,13,681.3878512644967,0.0,60.757569272738685,1622,370a9fd1b68347e6985cdeef0a028648,ohare_filtered_vid_1622_sr_20.0,graphhopper,offline,batches,10.0,50.0
44bd93e7929f4934ab5e92785facf3fc,1.0,0.9108326202764155,0.9533358501538005,0.04666414984619949,0.9108326202764155,0.08916737972358449,12,0,1,13,681.3878512644967,0.0,60.757569272738685,1622,dfef3a26e3d5418e9011a604161b5f4c,ohare_filtered_vid_1622_sr_20.0,graphhopper,offline,batches,30.0,50.0
5ecfa89631714ee8bda68f6314087a32,1.0,0.2735196744709099,0.4295491933951394,0.5704508066048606,0.2735196744709099,0.72648032552909,4,0,9,13,681.3878512644967,0.0,495.0148679981987,1622,09e46aaebf23485caae77d00f98a3cb0,ohare_filtered_vid_1622_sr_20.0,osrm,offline,batches,5.0,
2fc6c7a6518d4517a15d1dcdd8116f84,1.0,0.8621304566683068,0.9259613939302797,0.07403860606972035,0.8621304566683068,0.13786954333169305,9,0,4,13,681.3878512644967,0.0,93.94263188559974,1622,19e96ec3e16d4512ab73e4f1bbcb5c0f,ohare_filtered_vid_1622_sr_20.0,osrm,offline,batches,10.0,
a75a450833044efaa96126df68d836d3,1.0,0.8621304566683068,0.9259613939302797,0.07403860606972035,0.8621304566683068,0.13786954333169305,9,0,4,13,681.3878512644967,0.0,93.94263188559974,1622,b93bd68e87964c399e2f7392cb9ca17e,ohare_filtered_vid_1622_sr_20.0,osrm,offline,batches,30.0,
24d4b26b673a400c997a9868b6239aac,1.0,0.951614930310712,0.9752076759929353,0.02479232400706466,0.9516149303107119,0.048385069689287866,18,0,3,21,1396.7120392389693,0.0,67.5800093544449,384,436e8fe3cb614d2dafbfe75aeeaea3b1,ohare_filtered_vid_384_sr_1.0,graphium,online,native,5.0,
d597b48c4ecb459c9490546f5765ac37,1.0,0.9878909166717885,0.9939085775649678,0.0060914224350322455,0.9878909166717885,0.012109083328211525,19,0,2,21,1396.7120392389693,0.0,16.912902468660924,384,aff29776297c49f5b5532be08ad6d5d8,ohare_filtered_vid_384_sr_1.0,graphium,online,native,10.0,
0238c63dd3074898b13a6f8e00fc864a,1.0,1.0,1.0,0.0,1.0,0.0,21,0,0,21,1396.7120392389693,0.0,0.0,384,4e38cadeae0144d587315a795695860a,ohare_filtered_vid_384_sr_1.0,graphium,online,native,30.0,
80350af444554e28b9a0e3c04ebf7ee4,0.9293540778415111,1.0,0.9633836406858378,0.036616359314162183,0.9293540778415111,0.07601615341546564,21,5,0,21,1396.7120392389693,106.17267665201734,0.0,384,15e419a0ae33466e974ba867626717f1,ohare_filtered_vid_384_sr_1.0,barefoot,online,native,,
66cd5b96e09b4440b30c234f5457cef9,0.7987549509250262,1.0,0.888119808108669,0.11188019189133103,0.7987549509250262,0.25194842153017644,21,11,0,21,1396.7120392389693,351.89939361845217,0.0,384,3b9337092373418cbfdeb097f457fb05,ohare_filtered_vid_384_sr_1.0,graphhopper,offline,batches,5.0,50.0
2d12bcc78e264bc180b5633b13978d2d,0.8206420564564116,1.0,0.9014864328177281,0.09851356718227189,0.8206420564564118,0.2185580694195326,21,7,0,21,1396.7120392389693,305.2626868310876,0.0,384,7dd3083a925b460dba2303775caa5e75,ohare_filtered_vid_384_sr_1.0,graphhopper,offline,batches,10.0,50.0
7d7c111a42dd4fe0af96473790f409ca,0.91889053583902,1.0,0.9577310624831887,0.04226893751681127,0.91889053583902,0.08826890799013462,21,6,0,21,1396.7120392389693,123.28624648029788,0.0,384,80b7a84f3f9f463684db726de198a3d1,ohare_filtered_vid_384_sr_1.0,graphhopper,offline,batches,30.0,50.0
f5dcd7848f3247859b5ec0c89267c7ac,0.9633516838197372,0.9944669131310936,0.9786620443384371,0.021337955661562935,0.9582156806309202,0.043365104475114276,20,3,1,21,1396.7120392389693,52.840434459291195,7.728129043956619,384,2f3161484f1f4925b58fb5a381b1e238,ohare_filtered_vid_384_sr_1.0,osrm,offline,batches,5.0,
6f8813917b6c4ab38219a97516c41b2a,0.9633516838197372,0.9944669131310936,0.9786620443384371,0.021337955661562935,0.9582156806309202,0.043365104475114276,20,3,1,21,1396.7120392389693,52.840434459291195,7.728129043956619,384,83d7e1afe0604f0cba06a2e072a929ea,ohare_filtered_vid_384_sr_1.0,osrm,offline,batches,10.0,
44c710ed20f7476a9559137014dac163,0.9685281656111415,0.9944669131310936,0.9813261638464945,0.018673836153505485,0.9633369671611132,0.037847787779552805,20,2,1,21,1396.7120392389693,45.13433180630632,7.728129043956619,384,eb5554f0b9cc4786af035f72205371a5,ohare_filtered_vid_384_sr_1.0,osrm,offline,batches,30.0,
d12d4e4ae4cb438db496a71e1b488302,1.0,0.9126277980291128,0.9543182410812387,0.04568175891876125,0.9126277980291128,0.08737220197088723,18,0,3,21,1396.7120392389693,0.0,122.033806387557,384,d0c9b67ed63c408189cc583d18d1b2ed,ohare_filtered_vid_384_sr_5.0,graphium,online,native,5.0,
6d693c487d5d4b59aedaa2039cc4430d,1.0,0.9126277980291128,0.9543182410812387,0.04568175891876125,0.9126277980291128,0.08737220197088723,18,0,3,21,1396.7120392389693,0.0,122.033806387557,384,244b73fa522f4071b688e510c7cb06ae,ohare_filtered_vid_384_sr_5.0,graphium,online,native,10.0,
86c4c73226df46ab90b6b62111acb6fa,1.0,0.9863326888076621,0.9931193242353868,0.006880675764613153,0.9863326888076619,0.013667311192337814,20,0,1,21,1396.7120392389693,0.0,19.089298086363737,384,82d40a24754541b8ba221988a155d01e,ohare_filtered_vid_384_sr_5.0,graphium,online,native,30.0,
f15f37c7b6114b3e97a1dbbe53f1877b,0.9528862669887257,1.0,0.9758748198460518,0.024125180153948156,0.9528862669887256,0.04944318607944835,21,3,0,21,1396.7120392389693,69.05789325549813,0.0,384,0110eca2919843be97e7156042d8fe46,ohare_filtered_vid_384_sr_5.0,barefoot,online,native,,
e79543d8eac8494b8ba03b8cc4f31e1d,1.0,0.9843149286557659,0.9920954727912773,0.0079045272087227,0.9843149286557659,0.015685071344234056,19,0,2,21,1396.7120392389693,0.0,21.907527982813868,384,a296ae39dddd49f5b7f82fed7b5f2e36,ohare_filtered_vid_384_sr_5.0,graphhopper,offline,batches,5.0,50.0
92848de91d8d4c3fb858d352b4ea77d4,1.0,0.9944669131310936,0.9972257815697629,0.002774218430237063,0.9944669131310937,0.005533086868906398,20,0,1,21,1396.7120392389693,0.0,7.728129043956619,384,0f5e8bc37edd4808aede095aa18e2f43,ohare_filtered_vid_384_sr_5.0,graphhopper,offline,batches,10.0,50.0
76103943ddba4b17ad955cd5b2153bc3,1.0,0.9863326888076621,0.9931193242353868,0.006880675764613153,0.9863326888076619,0.013667311192337814,20,0,1,21,1396.7120392389693,0.0,19.089298086363737,384,f769283d83a647b681de39d02503d8b9,ohare_filtered_vid_384_sr_5.0,graphhopper,offline,batches,30.0,50.0
9c1fe60d5f1b43c7b58bfd54d21f766a,1.0000000000000004,0.9725160455223865,0.9860665496029796,0.01393345039702043,0.972516045522387,0.027483954477613513,18,0,3,21,1396.7120392389693,0.0,38.38717010477857,384,67a3f494dc234499820f4dcde6822f3e,ohare_filtered_vid_384_sr_5.0,osrm,offline,batches,5.0,
b26abd9dc65c45cba14bf5b15b9a5206,1.0,0.9843149286557659,0.9920954727912773,0.0079045272087227,0.9843149286557659,0.015685071344234056,19,0,2,21,1396.7120392389693,0.0,21.907527982813868,384,865e53500014473a96042505a2291f5c,ohare_filtered_vid_384_sr_5.0,osrm,offline,batches,10.0,
0889add97a7243aeb2a70496a4139fa7,1.0,0.9843149286557659,0.9920954727912773,0.0079045272087227,0.9843149286557659,0.015685071344234056,19,0,2,21,1396.7120392389693,0.0,21.907527982813868,384,a0dc3fd3a2384be69a4d4daec189a64b,ohare_filtered_vid_384_sr_5.0,osrm,offline,batches,30.0,
9a0a3ef9de9d4e5095475a53dfba08f7,1.0,0.9863326888076621,0.9931193242353868,0.006880675764613153,0.9863326888076619,0.013667311192337814,20,0,1,21,1396.7120392389693,0.0,19.089298086363737,384,fd460320a97e412bb2567251e76afdd1,ohare_filtered_vid_384_sr_10.0,graphium,online,native,5.0,
4455e63aacb6423ba340652f9c48a8f2,1.0,0.9863326888076621,0.9931193242353868,0.006880675764613153,0.9863326888076619,0.013667311192337814,20,0,1,21,1396.7120392389693,0.0,19.089298086363737,384,69787f5e516c46229a7b965f94cceadd,ohare_filtered_vid_384_sr_10.0,graphium,online,native,10.0,
23ca90999efa4459aef057ae3baca027,1.0,0.9863326888076621,0.9931193242353868,0.006880675764613153,0.9863326888076619,0.013667311192337814,20,0,1,21,1396.7120392389693,0.0,19.089298086363737,384,c6cb85182cf54356917b09b34d23e386,ohare_filtered_vid_384_sr_10.0,graphium,online,native,30.0,
576b4795ac7546adae7be9712ba3a920,0.9741988624662109,1.0,0.9869308315264869,0.013069168473513137,0.9741988624662109,0.026484466906964838,21,2,0,21,1396.7120392389693,36.99117378178386,0.0,384,8ff8f191daec41f5a3b809ab53217370,ohare_filtered_vid_384_sr_10.0,barefoot,online,native,,
f8b9f31be30248b5b416745ce2896c4e,0.9999999999999998,0.851383164701366,0.9197265924568313,0.0802734075431687,0.8513831647013659,0.14861683529863381,17,0,4,21,1396.7120392389693,0.0,207.57492309519685,384,72638e2de50543918992bc54ef07e13d,ohare_filtered_vid_384_sr_10.0,graphhopper,offline,batches,5.0,50.0
ef0416f0a64b41e8a7eab7da189d7f1e,0.9999999999999998,0.9058876574186713,0.9506202045986308,0.049379795401369164,0.9058876574186713,0.09411234258132858,17,0,4,21,1396.7120392389693,0.0,131.44784192432394,384,182bb28b870a4ef9a8086d096cb0e43d,ohare_filtered_vid_384_sr_10.0,graphhopper,offline,batches,10.0,50.0
4c1a27662e9042e28578988ed293157d,1.0,0.9863326888076621,0.9931193242353868,0.006880675764613153,0.9863326888076619,0.013667311192337814,20,0,1,21,1396.7120392389693,0.0,19.089298086363737,384,09f04a93878f4124b4cff8fc71978a8c,ohare_filtered_vid_384_sr_10.0,graphhopper,offline,batches,30.0,50.0
26808b31b005435e819a9528c6b75ed9,1.0,0.7620182641681731,0.8649379857908709,0.1350620142091291,0.7620182641681731,0.23798173583182666,12,0,9,21,1396.7120392389693,0.0,332.3919555553003,384,23df4389a75d489ea3d18ba8bad930d8,ohare_filtered_vid_384_sr_10.0,osrm,offline,batches,5.0,
b3ef793ad7454ca786896cbe084e19f0,0.9255244302794706,0.8301900680778163,0.8752689466314754,0.12473105336852464,0.778202881488939,0.2366140877862818,13,1,8,21,1396.7120392389693,93.30616876658247,237.17557629806367,384,040f9702b64c4000aad15d314940f3be,ohare_filtered_vid_384_sr_10.0,osrm,offline,batches,10.0,
c5365c5ba6034f7d99fa1c6e54fe6221,0.9287426706237323,0.8707015919495058,0.8987860737260336,0.10121392627396641,0.8161775403323662,0.1961025639145922,14,1,7,21,1396.7120392389693,93.30616876658247,180.59264317855792,384,3ea465a7ae7a4c2aa5ac69c3c2e27673,ohare_filtered_vid_384_sr_10.0,osrm,offline,batches,30.0,
84cdee8d51b542e9a2b975f9706fca5e,1.0,0.8780040580256517,0.9350395748864341,0.06496042511356592,0.8780040580256517,0.12199594197434827,18,0,3,21,1396.7120392389693,0.0,170.39320089387093,384,dcf0f82ecafc4fcc9d9387a1f31d16f5,ohare_filtered_vid_384_sr_20.0,graphium,online,native,5.0,
d7ea878726bb4bd7ab12a673d1d6e7aa,1.0,0.8780040580256517,0.9350395748864341,0.06496042511356592,0.8780040580256517,0.12199594197434827,18,0,3,21,1396.7120392389693,0.0,170.39320089387093,384,ae70ad02493146b28b9e9c6d5e9f3a29,ohare_filtered_vid_384_sr_20.0,graphium,online,native,10.0,
be76aad98dc34c738b3ef16099ce6da2,1.0,0.8780040580256517,0.9350395748864341,0.06496042511356592,0.8780040580256517,0.12199594197434827,18,0,3,21,1396.7120392389693,0.0,170.39320089387093,384,aafc0b8de2884e8bb37d6f46cb2c9345,ohare_filtered_vid_384_sr_20.0,graphium,online,native,30.0,
145d40646d3d412ab60ce0fdf9dcb803,1.0,0.9318281960903568,0.9647112491433713,0.03528875085662875,0.9318281960903568,0.06817180390964302,20,0,1,21,1396.7120392389693,0.0,95.21637925723664,384,ca3a2617e6a946de8793cdbc29dd67e2,ohare_filtered_vid_384_sr_20.0,barefoot,online,native,,
c2cca2e92bf044c4a6c1c0e60d3d5123,1.0,0.5629122355742215,0.7203376143093599,0.27966238569064006,0.5629122355742215,0.4370877644257784,8,0,13,21,1396.7120392389693,0.0,610.4857427775312,384,282e2189fb1d4ddbbf4e443c75583b1b,ohare_filtered_vid_384_sr_20.0,graphhopper,offline,batches,5.0,50.0
0283ab3f540c415895113dfbd76bc187,1.0,0.6498749638221374,0.7877869269761176,0.21221307302388237,0.6498749638221374,0.3501250361778625,11,0,10,21,1396.7120392389693,0.0,489.02385326860025,384,6edbf203f1ee44f2874a606744012c58,ohare_filtered_vid_384_sr_20.0,graphhopper,offline,batches,10.0,50.0
64303dd0ae2342f4bcc50158640c9489,1.0,0.9181608848980191,0.9573345928663684,0.04266540713363165,0.9181608848980191,0.08183911510198083,19,0,2,21,1396.7120392389693,0.0,114.30567734360038,384,5ae2811212b041feafa0b4aa49df6094,ohare_filtered_vid_384_sr_20.0,graphhopper,offline,batches,30.0,50.0
35fdf7e95c9d4572bbd5a0b13b6d8f51,1.0,0.5664275622912317,0.7232093917738673,0.27679060822613266,0.5664275622912317,0.43357243770876824,8,0,13,21,1396.7120392389693,0.0,605.5758436300247,384,f16bd59c326c4a0082a86e49f2ff5b58,ohare_filtered_vid_384_sr_20.0,osrm,offline,batches,5.0,
02fdfd272b45485ba9ceada778e2ef06,1.0,0.6008279829396265,0.7506465271007023,0.24935347289929766,0.6008279829396265,0.3991720170603735,9,0,12,21,1396.7120392389693,0.0,557.5283619555269,384,39a0495b0104493990f5fd3ddcc220cb,ohare_filtered_vid_384_sr_20.0,osrm,offline,batches,10.0,
65c1ea36dfbb4886941396920786d5c8,1.0,0.830604616631005,0.9074647895946283,0.09253521040537172,0.830604616631005,0.16939538336899485,14,0,7,21,1396.7120392389693,0.0,236.59657134297578,384,9744f06aa98d42e4bc3c3a12794cf9fa,ohare_filtered_vid_384_sr_20.0,osrm,offline,batches,30.0,
cb4726e6eccf43db936c8659ae9f90c3,0.9775864336829994,0.9089639560362067,0.942027137965908,0.05797286203409202,0.8904076576735028,0.1118762716985685,24,3,6,30,1861.5796920648695,38.795744729064985,169.47085068892184,619,01e4f29d636e41478c336ed44451c273,ohare_filtered_vid_619_sr_1.0,graphium,online,native,5.0,
52e162c6a2794f5c9b4e11217f3f0156,0.9830507108471962,0.968631353157399,0.9757877656737236,0.024212234326276394,0.9527202790304432,0.04806932434171745,28,2,2,30,1861.5796920648695,31.089642076080114,58.39523592974059,619,ac65873229b045e3b6450214f13b03a2,ohare_filtered_vid_619_sr_1.0,graphium,online,native,10.0,
b1867c9c783745cb966f3c376db61b57,0.7864907180893952,0.7933568282023468,0.7899088528872062,0.21009114711279375,0.6527680619529217,0.4220164022660956,24,5,6,30,1861.5796920648695,400.9344320544593,384.682732122383,619,e5b97b5576574207b22d523a8f44a8c9,ohare_filtered_vid_619_sr_1.0,graphium,online,native,30.0,
da71d21dc62d4adcb965968c06413bd1,0.9268078465211507,1.0,0.9620137765107207,0.03798622348927927,0.9268078465211507,0.07897230666915729,30,10,0,30,1861.5796920648695,147.01324233082227,0.0,619,dea625a9fa9c49439f81d03fe7995c19,ohare_filtered_vid_619_sr_1.0,barefoot,online,native,,
33b8ad0d3e7f41e893dc693823993b85,0.689947450284702,0.9748455724074735,0.8080190245105696,0.19198097548943038,0.6778791282124238,0.46323613248017265,29,18,1,30,1861.5796920648695,815.5240052839974,46.82697157176342,619,5823a5b273554d3ba4301e272e001212,ohare_filtered_vid_619_sr_1.0,graphhopper,offline,batches,5.0,50.0
af3d7710d416431086b6629e8998b4a7,0.6907929799860203,0.9563647215514629,0.8021697440838534,0.19783025591614656,0.6696856588167606,0.4717153171359772,27,20,3,30,1861.5796920648695,796.9051065988824,81.23054821739233,619,d508fe1fb3524cb480b9e4931d497470,ohare_filtered_vid_619_sr_1.0,graphhopper,offline,batches,10.0,50.0
d9b30f5953e84afa835610aa2c72d182,0.894813304487632,0.9921757325838848,0.9409827280010584,0.05901727199894158,0.8885433249118894,0.12445606776447989,29,11,1,30,1861.5796920648695,217.1193909774802,14.565497327124799,619,3d012b5a26254687b7ee2acf021d6bad,ohare_filtered_vid_619_sr_1.0,graphhopper,offline,batches,30.0,50.0
950d530678414cc3b07e9d29e3329bc1,0.858210010835318,0.9958486176676193,0.9219204180710836,0.0780795819289164,0.8551506155246626,0.16868146579216278,29,12,1,30,1861.5796920648695,306.28586210246857,7.728129043956619,619,916fb79ee54842f8857b98b9e73bfd66,ohare_filtered_vid_619_sr_1.0,osrm,offline,batches,10.0,
13a6c8713fae4498bba5b01d28debbe8,0.9530394109840227,0.9958486176676193,0.9739738415529535,0.026026158447046477,0.9492680411064008,0.053221375784311735,29,5,1,30,1861.5796920648695,91.34770329987113,7.728129043956619,619,718979c9009848d9ae2557530fd9e8f2,ohare_filtered_vid_619_sr_1.0,osrm,offline,batches,30.0,
a5339da313ce46a9acb116c41a042b71,0.7687635042087655,0.716024859316166,0.7414575618597798,0.25854243814022015,0.5891398965897807,0.4993483711522763,19,5,11,30,1861.5796920648695,400.9344320544593,528.6423549482894,619,c7fef16112b240fd9d3cf3e5eb2795f9,ohare_filtered_vid_619_sr_5.0,graphium,online,native,5.0,
f0a8f5ccb33645bc9846553edb53f2c6,0.983072008065853,0.9698710059046367,0.9764268906147687,0.023573109385231272,0.953939568812257,0.0468296715944798,29,2,1,30,1861.5796920648695,31.089642076080114,56.08752355027056,619,718f6d9b521b46c1bce768d4b72280e6,ohare_filtered_vid_619_sr_5.0,graphium,online,native,10.0,
ca1536c1f1784b8083efa6cb36155745,0.9835736536143591,1.0,0.9917188119756937,0.00828118802430633,0.9835736536143591,0.016700677499116568,30,2,0,30,1861.5796920648695,31.089642076080114,0.0,619,e8f2b871a9954c7f935c66f40aaa8845,ohare_filtered_vid_619_sr_5.0,graphium,online,native,30.0,
801b1977edb44267a3c29059ef4ca8c8,0.964748365973793,1.0,0.9820579395118951,0.017942060488104872,0.964748365973793,0.03653971882152395,30,5,0,30,1861.5796920648695,68.02159851190947,0.0,619,bd763f02d9ee418b83b8ef8b4149c2f4,ohare_filtered_vid_619_sr_5.0,barefoot,online,native,,
23ffcbcdde0b490a92131fbdca93e79b,0.932138266866576,0.9630585609827365,0.9473461803375741,0.05265381966242588,0.8999598563575035,0.10705423813768031,27,8,3,30,1861.5796920648695,130.5205629963918,68.76943267019031,619,1e716b2198df4e2aac60bcd1a7304da2,ohare_filtered_vid_619_sr_5.0,graphhopper,offline,batches,5.0,50.0
af30b7c239b8430fa5c665185c7e28fa,0.93589115333193,0.9722469524600317,0.9537227089583407,0.04627729104165934,0.9115391465763604,0.09435227820568698,27,6,3,30,1861.5796920648695,123.97977531444579,51.66450969331588,619,3e111e5a25864cc9874978d13b268d07,ohare_filtered_vid_619_sr_5.0,graphhopper,offline,batches,10.0,50.0
ba25185393ff4c4189222ba52f1a0747,0.9479245184177213,0.9826843596413182,0.9649915205053118,0.035008479494688216,0.9323513184901054,0.0713006995879908,28,5,2,30,1861.5796920648695,100.49748993620078,32.234444446820916,619,f93906ce9219474e93b3d05042c3e712,ohare_filtered_vid_619_sr_5.0,graphhopper,offline,batches,30.0,50.0
e24a16ae6f784504a5f3ba3c9b11476b,0.9810225665322396,0.9226046718909032,0.950917264519475,0.049082735480525,0.9064273315716267,0.09524269408737901,23,2,7,30,1861.5796920648695,33.22429406201978,144.07757106859182,619,9ac7581ee16b41a994532c2375f44ed3,ohare_filtered_vid_619_sr_5.0,osrm,offline,batches,5.0,
dda5483894274707bdb3fa71b1fc9d5a,0.9905362192413322,0.941491839942161,0.9653915357492251,0.034608464250774906,0.9330984320221329,0.06750336102697839,24,1,6,30,1861.5796920648695,16.745283450192424,108.91760258375372,619,75a3d206a3374e6c94fef82392f3d47b,ohare_filtered_vid_619_sr_5.0,osrm,offline,batches,10.0,
0656758e5706417da1a15e0f3df751b2,0.9906390133095324,0.9519292471234475,0.9708984433840882,0.02910155661591185,0.9434427896278592,0.057065953845691894,25,1,5,30,1861.5796920648695,16.745283450192424,89.48753733725876,619,3a69670346f54dc5bdd0c54987e561ec,ohare_filtered_vid_619_sr_5.0,osrm,offline,batches,30.0,
e5d68c4e191b4821b38bfab8e426bd44,0.9834032722929043,0.9895625928187134,0.9864733182918191,0.013526681708180943,0.9733076948988,0.027138084680403057,29,2,1,30,1861.5796920648695,31.089642076080114,19.430065246494962,619,d2f8bfc65c9041989eb9be50361ddfe5,ohare_filtered_vid_619_sr_10.0,graphium,online,native,5.0,
0ba88dc8d1c14dac8a495c6bb0cecda3,0.9835736536143591,1.0,0.9917188119756937,0.00828118802430633,0.9835736536143591,0.016700677499116568,30,2,0,30,1861.5796920648695,31.089642076080114,0.0,619,f7768b1c286d4f9580db3d89eb636e22,ohare_filtered_vid_619_sr_10.0,graphium,online,native,10.0,
da2df4a6cf7743c6a0fc6035e737cf2c,0.9835736536143591,1.0,0.9917188119756937,0.00828118802430633,0.9835736536143591,0.016700677499116568,30,2,0,30,1861.5796920648695,31.089642076080114,0.0,619,53794cb762e442cf9d1151ead43a5007,ohare_filtered_vid_619_sr_10.0,graphium,online,native,30.0,
f5f529d0251f413986ed04a33cfe71b9,0.9835736536143591,1.0,0.9917188119756937,0.00828118802430633,0.9835736536143591,0.016700677499116568,30,2,0,30,1861.5796920648695,31.089642076080114,0.0,619,2696c90869704d36bc419c0f2e3c3a5e,ohare_filtered_vid_619_sr_10.0,barefoot,online,native,,
7daf1cec61bd4b6da5c398c94ec5cf75,0.9830951010626896,0.9712187156335347,0.9771208218891061,0.022879178110893905,0.9552651405943205,0.04548196186558179,27,2,3,30,1861.5796920648695,31.089642076080114,53.57865448815578,619,e48d7765eaea46e49dd02fb7523a20c3,ohare_filtered_vid_619_sr_10.0,graphhopper,offline,batches,5.0,50.0
aee4a3ae2aea4c0e9ae787da1147cc07,0.9746300485916916,0.9816561228148213,0.9781304685003873,0.021869531499612682,0.9571970181603935,0.043896719693438044,28,3,2,30,1861.5796920648695,47.56865268790747,34.148589241660815,619,663474c4bb4846afb0530ce3da67b38b,ohare_filtered_vid_619_sr_10.0,graphhopper,offline,batches,10.0,50.0
ed465b07159d42bb8a28509380a076ae,0.9748510860084268,0.9905086270574334,0.9826174866293264,0.017382513370673647,0.9658289519581303,0.03504421545082599,29,3,1,30,1861.5796920648695,47.56865268790747,17.668947119696114,619,f67ac3f552b841219ee3ab0abc2ae962,ohare_filtered_vid_619_sr_10.0,graphhopper,offline,batches,30.0,50.0
39874497b9884bb8beb06de1f08cf543,0.9899029747071127,0.88188114213323,0.9327750546461685,0.0672249453538315,0.8740191641012597,0.12711405883590948,21,1,9,30,1861.5796920648695,16.745283450192424,219.88766705467566,619,2709b44665b24e8aabe42040bf129693,ohare_filtered_vid_619_sr_10.0,osrm,offline,batches,5.0,
ea06d1dc41464ba287e7cd274f015e44,0.9900199004327752,0.8923185493145165,0.9386336675694813,0.0613663324305187,0.8843635217069861,0.11667665165462301,22,1,8,30,1861.5796920648695,16.745283450192424,200.45760180818073,619,539370e3d3cf4d95b41f7ddce13442aa,ohare_filtered_vid_619_sr_10.0,osrm,offline,batches,10.0,
ba18c027c9214cdbb2abdfcb269495e4,0.9900199004327752,0.8923185493145165,0.9386336675694813,0.0613663324305187,0.8843635217069861,0.11667665165462301,22,1,8,30,1861.5796920648695,16.745283450192424,200.45760180818073,619,418d37d8681f44eab9f90fbb783def78,ohare_filtered_vid_619_sr_10.0,osrm,offline,batches,30.0,
a63fe9bf5832466b98df91942252c0e8,0.9835736536143591,1.0,0.9917188119756937,0.00828118802430633,0.9835736536143591,0.016700677499116568,30,2,0,30,1861.5796920648695,31.089642076080114,0.0,619,f0e1384da3ce4a7cb45bd56a12da347c,ohare_filtered_vid_619_sr_20.0,graphium,online,native,5.0,
e1f00c8489ce4f408fdfecd1ab11c582,0.9835736536143591,1.0,0.9917188119756937,0.00828118802430633,0.9835736536143591,0.016700677499116568,30,2,0,30,1861.5796920648695,31.089642076080114,0.0,619,bcd77822b7ad476d9357b3dd674da695,ohare_filtered_vid_619_sr_20.0,graphium,online,native,10.0,
8dfb4ac82e984bf6b40dadbca791b80c,0.9835736536143591,1.0,0.9917188119756937,0.00828118802430633,0.9835736536143591,0.016700677499116568,30,2,0,30,1861.5796920648695,31.089642076080114,0.0,619,0ae6ac1c64b74f66ab184d20c4a48f4e,ohare_filtered_vid_619_sr_20.0,graphium,online,native,30.0,
62a3c5e7e92e4d9d95c09976c7efa1ee,0.9835736536143591,1.0,0.9917188119756937,0.00828118802430633,0.9835736536143591,0.016700677499116568,30,2,0,30,1861.5796920648695,31.089642076080114,0.0,619,2250fa662f494f95bd70482764fa50c5,ohare_filtered_vid_619_sr_20.0,barefoot,online,native,,
e01dbbdf920a4b42b220af51e03200ae,1.0,0.797529093617157,0.8873615414060353,0.11263845859396471,0.797529093617157,0.202470906382843,23,0,7,30,1861.5796920648695,0.0,376.91572755626794,619,55a899079c994bf881d35d0eb8c6c561,ohare_filtered_vid_619_sr_20.0,graphhopper,offline,batches,5.0,50.0
cfe5741830354f0a922070514ed9644f,0.8005699411860202,0.797529093617157,0.7990466243537437,0.20095337564625626,0.6653435849861875,0.4011434593521689,23,3,7,30,1861.5796920648695,369.84478997837914,376.91572755626794,619,e859ded4b11648578e14084af9c72136,ohare_filtered_vid_619_sr_20.0,graphhopper,offline,batches,10.0,50.0
e54b207ef2d44e9e9f9c03c290da281b,0.8023265186204783,0.8063815978597688,0.8043489474100517,0.1956510525899483,0.6727288414690215,0.3922909551095568,24,3,6,30,1861.5796920648695,369.84478997837914,360.4360854343032,619,e8e087c27ebf484fb3c40b00cba4a6d4,ohare_filtered_vid_619_sr_20.0,graphhopper,offline,batches,30.0,50.0
b5abc391a5c3426dadfeff57d72b4150,0.9892921849540641,0.7119069277673663,0.8279853366820309,0.1720146633179691,0.7064632914557635,0.29579854876261047,16,1,14,30,1861.5796920648695,14.34435862588769,536.308212692848,619,241c6391693d40f7ad9f946361d4122c,ohare_filtered_vid_619_sr_20.0,osrm,offline,batches,5.0,
f76cf16898484ef5bb49184b3cbcbb35,0.991473785203576,0.8960339569650307,0.9413409642096174,0.05865903579038256,0.8891823829820931,0.11167151956494614,21,1,9,30,1861.5796920648695,14.34435862588769,193.5410743782408,619,8a1dc27d8da545fd866e18a3eca32123,ohare_filtered_vid_619_sr_20.0,osrm,offline,batches,10.0,
19f7020455244d7dbd6ec79dc2f2e364,0.991473785203576,0.8960339569650307,0.9413409642096174,0.05865903579038256,0.8891823829820931,0.11167151956494614,21,1,9,30,1861.5796920648695,14.34435862588769,193.5410743782408,619,9fbf54b7a3ab4e4db573d1b08bd0d2ab,ohare_filtered_vid_619_sr_20.0,osrm,offline,batches,30.0,
b8f0f7002cf1497a89fcd46b68dd3f40,1.0,0.8726374707690225,0.9319876210857436,0.06801237891425638,0.8726374707690225,0.12736252923097757,11,0,6,17,1128.1561351487449,0.0,143.68481873998869,803,e5cf537252ca487dabb7ae8634cd3301,ohare_filtered_vid_803_sr_1.0,graphium,online,native,5.0,
5446941b36c4461eb8b4c7834a989b7f,1.0,0.879203453176668,0.9357192822208082,0.06428071777919175,0.879203453176668,0.12079654682333192,12,0,5,17,1128.1561351487449,0.0,136.27736540352453,803,0c38d2a3e7c84cb9b4935a57af21ae85,ohare_filtered_vid_803_sr_1.0,graphium,online,native,10.0,
f2ae03ab93e44731b4693747b36fb918,1.0,0.9853929699104508,0.9926427511777641,0.007357248822235873,0.9853929699104506,0.014607030089549297,16,0,1,17,1128.1561351487449,0.0,16.47901061182736,803,c154631ce2044963bae2833ccddafee9,ohare_filtered_vid_803_sr_1.0,graphium,online,native,30.0,
11eda75e21cb4ff0a040d54eb8085d17,0.9464433733491477,1.0,0.9724848781196752,0.02751512188032479,0.9464433733491476,0.056587248808487346,17,4,0,17,1128.1561351487449,63.8392519144835,0.0,803,f4f917a404994a96bf11775e4ea64e04,ohare_filtered_vid_803_sr_1.0,barefoot,online,native,,
209e0a9a68e34b96b586cc43e6bad832,0.841704917201193,0.9497924166015951,0.8924880124459859,0.10751198755401414,0.8058495280191796,0.22883012219449345,16,7,1,17,1128.1561351487449,201.51411301865195,56.641993241902775,803,b965c07df3fe4f9b87032b0feef25c3c,ohare_filtered_vid_803_sr_1.0,graphhopper,offline,batches,5.0,50.0
2900643c5a2243ceb91701e7b65037c3,0.9700908410901421,1.0,0.9848183858906182,0.015181614109381791,0.9700908410901423,0.030831297073423844,17,2,0,17,1128.1561351487449,34.78251694797665,0.0,803,3268accbe144401d94dc0c25dd702fc0,ohare_filtered_vid_803_sr_1.0,graphhopper,offline,batches,10.0,50.0
ec562fbf43eb43ca88228e005dd2ad08,0.8892778054972871,0.9578350449854747,0.9222841437224114,0.07771585627758859,0.8557767229183807,0.16142307379000817,14,5,3,17,1128.1561351487449,134.5417783628588,47.56865268790747,803,4408ebac20ca4450a58ca008861fef28,ohare_filtered_vid_803_sr_1.0,graphhopper,offline,batches,30.0,50.0
e926e6c1823d40909dbb8a9dca91dfae,0.9209444521556039,1.0,0.9588454794954204,0.04115452050457957,0.9209444521556038,0.08584181994837488,17,4,0,17,1128.1561351487449,96.84297582709303,0.0,803,ee8c2bdbc33f4f0ab86e084fb7c03acb,ohare_filtered_vid_803_sr_1.0,osrm,offline,batches,5.0,
77894270897647a48fb05a1347292b53,0.9884728014609613,1.0,0.9942029890825916,0.005797010917408363,0.9884728014609613,0.011661624398771196,17,1,0,17,1128.1561351487449,13.156133111274018,0.0,803,6e8aa597f4cf4c518264f953b86a23bb,ohare_filtered_vid_803_sr_1.0,osrm,offline,batches,10.0,
6c1fe08b6066438bbe5d745fb71f40c4,0.9884728014609613,1.0,0.9942029890825916,0.005797010917408363,0.9884728014609613,0.011661624398771196,17,1,0,17,1128.1561351487449,13.156133111274018,0.0,803,11cc08d8ed5e4552afe5c7f382933081,ohare_filtered_vid_803_sr_1.0,osrm,offline,batches,30.0,
9835e4dba2454a4fa528c891afad9bfe,1.0,0.9830792055358129,0.9914674136983775,0.008532586301622458,0.9830792055358129,0.016920794464187226,16,0,1,17,1128.1561351487449,0.0,19.089298086363737,803,08cc355604b84b67ba616b5d0f3e1354,ohare_filtered_vid_803_sr_5.0,graphium,online,native,5.0,
7002b3c97a9e4b0fa276afa63af7a224,1.0,0.9830792055358129,0.9914674136983775,0.008532586301622458,0.9830792055358129,0.016920794464187226,16,0,1,17,1128.1561351487449,0.0,19.089298086363737,803,e3941695045e46c6b8e8aa89f5c0c4ea,ohare_filtered_vid_803_sr_5.0,graphium,online,native,10.0,
96d6b41f8ae94ffba735bbc91d501427,1.0,1.0,1.0,0.0,1.0,0.0,17,0,0,17,1128.1561351487449,0.0,0.0,803,d6adb78a83be4e0297206467be2d666e,ohare_filtered_vid_803_sr_5.0,graphium,online,native,30.0,
f4b515bb02ea4dcc894060fc94e612b2,1.0,1.0,1.0,0.0,1.0,0.0,17,0,0,17,1128.1561351487449,0.0,0.0,803,2fc4e098bc5349ceae457367d9ff84b7,ohare_filtered_vid_803_sr_5.0,barefoot,online,native,,
fa8288a139b6410c9bb5129ff22ab123,1.0,1.0,1.0,0.0,1.0,0.0,17,0,0,17,1128.1561351487449,0.0,0.0,803,7ba028607cac4d09bbf43492b3fc89ef,ohare_filtered_vid_803_sr_5.0,graphhopper,offline,batches,5.0,50.0
814f3022004d44528e03bb4921aa7c31,1.0,1.0,1.0,0.0,1.0,0.0,17,0,0,17,1128.1561351487449,0.0,0.0,803,68182db9e12b42c39c96b7aa9eb98111,ohare_filtered_vid_803_sr_5.0,graphhopper,offline,batches,10.0,50.0
63348174a79549858dace64a4e3569bb,1.0,1.0,1.0,0.0,1.0,0.0,17,0,0,17,1128.1561351487449,0.0,0.0,803,11cac0608ca448658ea671748fe5993e,ohare_filtered_vid_803_sr_5.0,graphhopper,offline,batches,30.0,50.0
7a10626a0327440aa965185994fede79,0.9883011565438241,0.9851569450996386,0.9867265460648283,0.013273453935171653,0.9738008454013621,0.026504679299132656,16,1,1,17,1128.1561351487449,13.156133111274018,16.745283450192424,803,a2e2694c50274ce68b5d3496909d5fb6,ohare_filtered_vid_803_sr_5.0,osrm,offline,batches,5.0,
9c48a69ec9fd400c911a2907b118a5ee,1.0,0.9851569450996386,0.992522981652911,0.007477018347089026,0.9851569450996386,0.014843054900361462,16,0,1,17,1128.1561351487449,0.0,16.745283450192424,803,18ba6afa22ea4c91a71f2438e38b9a74,ohare_filtered_vid_803_sr_5.0,osrm,offline,batches,10.0,
2d912756d88c4562b5cdd2ac40c01e45,1.0,0.9851569450996386,0.992522981652911,0.007477018347089026,0.9851569450996386,0.014843054900361462,16,0,1,17,1128.1561351487449,0.0,16.745283450192424,803,1a80dd16bfe944bab3fa6bcce7b22f94,ohare_filtered_vid_803_sr_5.0,osrm,offline,batches,30.0,
aa1007449a484f75b0c282247257fea9,1.0,1.0,1.0,0.0,1.0,0.0,17,0,0,17,1128.1561351487449,0.0,0.0,803,87d83d5421ec4021a015897c58b65e11,ohare_filtered_vid_803_sr_10.0,graphium,online,native,5.0,
417a9c1fc2aa4ea6a64b14447cf1ef49,1.0,1.0,1.0,0.0,1.0,0.0,17,0,0,17,1128.1561351487449,0.0,0.0,803,16bd37a2dfdb457eac87353817ef1606,ohare_filtered_vid_803_sr_10.0,graphium,online,native,10.0,
7d1c3726dcc24b57a2503c5e18bdc91b,1.0,1.0,1.0,0.0,1.0,0.0,17,0,0,17,1128.1561351487449,0.0,0.0,803,0fd4f30c071f470bb241195a63f7d04e,ohare_filtered_vid_803_sr_10.0,graphium,online,native,30.0,
339e35f1dc27457ea66cebc2b9ba35e1,1.0,1.0,1.0,0.0,1.0,0.0,17,0,0,17,1128.1561351487449,0.0,0.0,803,7fdbf44f9163429285c1288cd6939747,ohare_filtered_vid_803_sr_10.0,barefoot,online,native,,
20dfb89f928e4fd8a1a194b2de4f339b,0.9569914648124183,0.9222344916766192,0.9392915567631394,0.06070844323686064,0.8855322711458719,0.11921201651585499,14,1,3,17,1128.1561351487449,46.758132497832406,87.73163531798289,803,abaa0eec8cc9472b8b95dbbb4166f079,ohare_filtered_vid_803_sr_10.0,graphhopper,offline,batches,5.0,50.0
9a091ccd744145999724cceb33d7c8b6,1.0,1.0,1.0,0.0,1.0,0.0,17,0,0,17,1128.1561351487449,0.0,0.0,803,67ddf22da22546269ed8fbb44fa81677,ohare_filtered_vid_803_sr_10.0,graphhopper,offline,batches,10.0,50.0
3a34ac18b78142068e38b6dbd7b29b33,1.0,1.0,1.0,0.0,1.0,0.0,17,0,0,17,1128.1561351487449,0.0,0.0,803,bfbec4e4e85e4a21bbd441a5507f8e04,ohare_filtered_vid_803_sr_10.0,graphhopper,offline,batches,30.0,50.0
d8f57398c27745508b987c29e813264f,0.95629930039932,0.9319805925113055,0.943983349026202,0.05601665097379804,0.8939095308352522,0.11060879753634309,15,1,2,17,1128.1561351487449,48.047481674497845,76.73651186755299,803,6c9981ce1a4c4f419bb83167224be038,ohare_filtered_vid_803_sr_10.0,osrm,offline,batches,5.0,
13c263dda8f14294bdb5068e9e734702,0.95629930039932,0.9319805925113055,0.943983349026202,0.05601665097379804,0.8939095308352522,0.11060879753634309,15,1,2,17,1128.1561351487449,48.047481674497845,76.73651186755299,803,8f15ea98a4514328966c021c703bc14a,ohare_filtered_vid_803_sr_10.0,osrm,offline,batches,10.0,
cfeb78b53f9e4deb9ba898d27eadd551,0.95629930039932,0.9319805925113055,0.943983349026202,0.05601665097379804,0.8939095308352522,0.11060879753634309,15,1,2,17,1128.1561351487449,48.047481674497845,76.73651186755299,803,8aafcf9acb4b40c79dc33a13161c9ad2,ohare_filtered_vid_803_sr_10.0,osrm,offline,batches,30.0,
1e5ded21c0f34d7ea7af159b9783d94b,1.0,1.0,1.0,0.0,1.0,0.0,17,0,0,17,1128.1561351487449,0.0,0.0,803,ef567f453e4944ada3ffbebd13b815dd,ohare_filtered_vid_803_sr_20.0,graphium,online,native,5.0,
cdc50e87caf34849b6e8c5a66c096556,1.0,1.0,1.0,0.0,1.0,0.0,17,0,0,17,1128.1561351487449,0.0,0.0,803,254ac087b3eb42bcbb7fad4855711a21,ohare_filtered_vid_803_sr_20.0,graphium,online,native,10.0,
a5b23e5b64d743e8b871e1eb9d4267f2,1.0,1.0,1.0,0.0,1.0,0.0,17,0,0,17,1128.1561351487449,0.0,0.0,803,f1ab6b9f5d924631bceeda7f12248f43,ohare_filtered_vid_803_sr_20.0,graphium,online,native,30.0,
9571ffd042054142aa7b447b6bf7e3a7,1.0,1.0,1.0,0.0,1.0,0.0,17,0,0,17,1128.1561351487449,0.0,0.0,803,2656852e8d5b469a80ccb9878b78e002,ohare_filtered_vid_803_sr_20.0,barefoot,online,native,,
0628ff8a71a7457bac8498d28616d97f,1.0,0.7622869380436421,0.8651110345173136,0.13488896548268636,0.7622869380436421,0.23771306195635797,12,0,5,17,1128.1561351487449,0.0,268.17744925105893,803,d9a1261296b1464daf3269b43ff2e25e,ohare_filtered_vid_803_sr_20.0,graphhopper,offline,batches,5.0,50.0
6399661a9d764531b9c8099374f13ef0,1.0,0.8150052501364569,0.8980748128141036,0.10192518718589638,0.8150052501364569,0.18499474986354308,13,0,4,17,1128.1561351487449,0.0,208.70296202886357,803,3b797cec6ac945de9d4a7528c4c0c001,ohare_filtered_vid_803_sr_20.0,graphhopper,offline,batches,10.0,50.0
ce8ba1383d5e420d94d99b2338e8cf71,1.0,1.0,1.0,0.0,1.0,0.0,17,0,0,17,1128.1561351487449,0.0,0.0,803,b8e65825429e4637a86ae05cd2d9e57a,ohare_filtered_vid_803_sr_20.0,graphhopper,offline,batches,30.0,50.0
7ccb33d6182843769906c189c7a9ee38,1.0,0.7343137557329532,0.8468061252534073,0.15319387474659274,0.7343137557329532,0.2656862442670468,10,0,7,17,1128.1561351487449,0.0,299.7355664944969,803,dda98075ea2b4958a7aefd8ea1339711,ohare_filtered_vid_803_sr_20.0,osrm,offline,batches,5.0,
b345f60b42e6482da01f908245f84dff,1.0,0.7343137557329532,0.8468061252534073,0.15319387474659274,0.7343137557329532,0.2656862442670468,10,0,7,17,1128.1561351487449,0.0,299.7355664944969,803,bd793251d781412981d0473aa85a5457,ohare_filtered_vid_803_sr_20.0,osrm,offline,batches,10.0,
e1acac91fed64d2ebc65e0658e387a91,1.0,0.8646552503289415,0.9274156712629948,0.07258432873700515,0.8646552503289416,0.1353447496710585,13,0,4,17,1128.1561351487449,0.0,152.69000970157572,803,598a43f71b154ad188ae6d2d3e391d00,ohare_filtered_vid_803_sr_20.0,osrm,offline,batches,30.0,
134667a0c917466c97c13fdcdf8591bd,0.9820304507955583,0.8445277925766154,0.9081035459589286,0.09189645404107138,0.8316755151993291,0.1709256831388576,24,1,5,29,1787.3452705725713,27.62069673395864,277.88251464366436,1077,d0f3ce116e5f4be4901491a8d082c00e,ohare_filtered_vid_1077_sr_1.0,graphium,online,native,10.0,
11a471672f7f466a97d8b868716aaa71,1.0,1.0,1.0,0.0,1.0,0.0,29,0,0,29,1787.3452705725713,0.0,0.0,1077,fdb4ad83523b497cabc9b48ec7d30988,ohare_filtered_vid_1077_sr_1.0,graphium,online,native,30.0,
7848c8e440364e698c7ba5c06e6973ba,0.957796215432579,1.0,0.9784432188423166,0.021556781157683447,0.957796215432579,0.04406342798959595,29,5,0,29,1787.3452705725713,78.75655962241939,0.0,1077,e2e23d28016d4229876932f78354de66,ohare_filtered_vid_1077_sr_1.0,barefoot,online,native,,
f3c865a70c224e7ea5856d40b2b64d7b,0.8328839088404881,0.9918507646133427,0.9054429159873029,0.09455708401269713,0.8272231108019574,0.20716163199606308,28,10,1,29,1787.3452705725713,355.70386586513405,14.565497327124799,1077,769daacf56594c6a95e33020ea29f0ba,ohare_filtered_vid_1077_sr_1.0,graphhopper,offline,batches,5.0,50.0
91ba4fa82d5040bca34b4253830b7e1b,0.8609040609099056,1.0,0.9252535678695427,0.07474643213045729,0.8609040609099056,0.16156961664587957,29,7,0,29,1787.3452705725713,288.78069018023626,0.0,1077,83c9bd6a29be48c3a0c36ecc047598a5,ohare_filtered_vid_1077_sr_1.0,graphhopper,offline,batches,10.0,50.0
4300c495482a49579817adc70cd86478,0.8347873885917609,0.9918507646133427,0.9065665339481647,0.09343346605183533,0.829100774847866,0.20444622931401216,28,10,1,29,1787.3452705725713,350.8505037236702,14.565497327124799,1077,d1f2649305db4fffb3295c091dd41959,ohare_filtered_vid_1077_sr_1.0,graphhopper,offline,batches,30.0,50.0
7bef6cf4622c467f8567ff97ac536f60,0.8729194033095546,0.9948612203943327,0.9299097033786503,0.07009029662134969,0.8690011546826483,0.14997180431856028,28,4,1,29,1787.3452705725713,258.8666217433095,9.184773424704307,1077,14bd2ff8348142afaa91db90937d3816,ohare_filtered_vid_1077_sr_1.0,osrm,offline,batches,5.0,
e4a176eb751746b58141deb0474b36a8,0.8676525090682771,0.9948612203943327,0.9269127205831957,0.07308727941680426,0.8637812956714477,0.15689006824753599,28,5,1,29,1787.3452705725713,271.2319480573371,9.184773424704307,1077,04682a65fe8540099bd895fb53ca535a,ohare_filtered_vid_1077_sr_1.0,osrm,offline,batches,10.0,
15bfbc9c9fe142c5862054a65671d3bb,0.8936804557627087,0.9948612203943327,0.9415604009034533,0.058439599096546724,0.8895740500517383,0.12349561604493932,28,3,1,29,1787.3452705725713,211.54453184966414,9.184773424704307,1077,5b4f3151aaf24c21a54c1d1511f3f36d,ohare_filtered_vid_1077_sr_1.0,osrm,offline,batches,30.0,
9474a74f3fe7444fa535b7c10b23c229,1.0,0.9588798891863671,0.9790083552132886,0.02099164478671145,0.9588798891863671,0.041120110813632815,26,0,3,29,1787.3452705725713,0.0,73.49583558816666,1077,a86e6def22254e2aa3a05b7b797f0b9e,ohare_filtered_vid_1077_sr_5.0,graphium,online,native,5.0,
8251071db5e64f3ea078e9423df8e324,1.0,0.9006928070617752,0.9477521077739328,0.05224789222606718,0.9006928070617753,0.0993071929382247,24,0,5,29,1787.3452705725713,0.0,177.49624163197376,1077,9bf5413b28a0406f85caf4c4795e96d2,ohare_filtered_vid_1077_sr_5.0,graphium,online,native,10.0,
0e4e0569aec74dbaa4fa116bdc7b2a72,1.0,1.0,1.0,0.0,1.0,0.0,29,0,0,29,1787.3452705725713,0.0,0.0,1077,a349def7df6645b0bc822aa5bf435bf3,ohare_filtered_vid_1077_sr_5.0,graphium,online,native,30.0,
d1979c41e8e7439493d42e5088e41d1a,0.987616165628628,1.0,0.9937695040996735,0.006230495900326538,0.9876161656286279,0.012539116715945554,29,1,0,29,1787.3452705725713,22.411730959402757,0.0,1077,dd7b45621fd44f3183edead0bc6f2e33,ohare_filtered_vid_1077_sr_5.0,barefoot,online,native,,
6356123806e94c7dbd734636b1a178dc,0.9180228261278593,0.811462092576235,0.8614596351388216,0.13854036486117838,0.7566351283855088,0.2609994706447521,23,6,6,29,1787.3452705725713,129.51383232132662,336.9823371575157,1077,8457cb27e79f44daadf3d4b1644fdf52,ohare_filtered_vid_1077_sr_5.0,graphhopper,offline,batches,5.0,50.0
0bddc5dcad224579aefddcc2c5728403,0.9547435936545666,0.851244724088789,0.900028465268859,0.09997153473114095,0.8182288694305597,0.18910566672693313,25,4,4,29,1787.3452705725713,72.12008019023567,265.8770388726211,1077,c2d0a6de4d0348418132833de5021a5b,ohare_filtered_vid_1077_sr_5.0,graphhopper,offline,batches,10.0,50.0
d4d7c92644d1498ea79b6fa740987632,0.9931292695973347,1.0,0.9965527923815732,0.003447207618426762,0.9931292695973347,0.00691826392897572,29,1,0,29,1787.3452705725713,12.365326314027568,0.0,1077,15c977f1a175476aa5372486cb821233,ohare_filtered_vid_1077_sr_5.0,graphhopper,offline,batches,30.0,50.0
1f6e4fbf92384156a3eba5790b7bde2e,0.9682052908587296,0.8524240928429051,0.9066331941407441,0.09336680585925594,0.8292122911379576,0.17556849958851342,21,2,8,29,1787.3452705725713,50.0324276933614,263.7690997076905,1077,0fd2da2040d54a40bf4438e43cbafd9e,ohare_filtered_vid_1077_sr_5.0,osrm,offline,batches,5.0,
a74803e718e947a285a446448bce9443,0.9855032947328005,0.8524240928429051,0.9141457466547477,0.08585425334525232,0.8418678140629715,0.16011502387304047,21,1,8,29,1787.3452705725713,22.411730959402757,263.7690997076905,1077,4c23d50e1bfb4ff79174be44bd8d619e,ohare_filtered_vid_1077_sr_5.0,osrm,offline,batches,10.0,
c831aa559e124fd884cf6bcea4dc3cf0,1.0,0.9662979265680843,0.9828601388545741,0.017139861145425872,0.9662979265680843,0.033702073431915724,24,0,5,29,1787.3452705725713,0.0,60.23724155702407,1077,ac740e6e103b408fa8e16cacd211f124,ohare_filtered_vid_1077_sr_5.0,osrm,offline,batches,30.0,
607409c49c65416fbeb8c11535a7a3dd,1.0,1.0,1.0,0.0,1.0,0.0,29,0,0,29,1787.3452705725713,0.0,0.0,1077,7d86a772a68b4ca39e6109ca24294415,ohare_filtered_vid_1077_sr_10.0,graphium,online,native,5.0,
2a7a4fe89e834a06b176517ea0703d8a,1.0,1.0,1.0,0.0,1.0,0.0,29,0,0,29,1787.3452705725713,0.0,0.0,1077,d19fe5a9b539488090858c26a71880b0,ohare_filtered_vid_1077_sr_10.0,graphium,online,native,10.0,
4c97f89de3d1418db50a91c0058fb35b,1.0,1.0,1.0,0.0,1.0,0.0,29,0,0,29,1787.3452705725713,0.0,0.0,1077,3e3eae57de7d4741824ea2943246c664,ohare_filtered_vid_1077_sr_10.0,graphium,online,native,30.0,
919bb2740a634e979762413809575639,1.0,1.0,1.0,0.0,1.0,0.0,29,0,0,29,1787.3452705725713,0.0,0.0,1077,ce754eda645642eaaa99ee0358124149,ohare_filtered_vid_1077_sr_10.0,barefoot,online,native,,
93b1a8e20fbc4fdcb5f6a8d92765ef25,1.0,0.812473783674753,0.8965357634332004,0.1034642365667996,0.812473783674753,0.18752621632524696,23,0,6,29,1787.3452705725713,0.0,335.17409585729905,1077,39b2969275b541b996aadf9494035b7c,ohare_filtered_vid_1077_sr_10.0,graphhopper,offline,batches,5.0,50.0
320d829bfa544a8d98a8480ba72707fb,1.0,0.9172082082186992,0.9568164837671838,0.043183516232816244,0.9172082082186993,0.08279179178130078,26,0,3,29,1787.3452705725713,0.0,147.97751748253702,1077,9499e2fac3d44d5e8ec514b89aabfb6d,ohare_filtered_vid_1077_sr_10.0,graphhopper,offline,batches,10.0,50.0
1a34ee84eaa4402f97a1650c6ee5e312,1.0,1.0,1.0,0.0,1.0,0.0,29,0,0,29,1787.3452705725713,0.0,0.0,1077,0d4e85c6673349d7a50243e1a5ea3b42,ohare_filtered_vid_1077_sr_10.0,graphhopper,offline,batches,30.0,50.0
83ec9abbd5a447259c32ccbff59263a7,1.0,0.7656038484618387,0.8672430671566769,0.13275693284332313,0.7656038484618387,0.23439615153816137,18,0,11,29,1787.3452705725713,0.0,418.9468528921445,1077,478d7aa84cfc413b81b8cb21e8a17c79,ohare_filtered_vid_1077_sr_10.0,osrm,offline,batches,5.0,
062a4e1fbe584c629d81974547a3a47a,1.0,0.8609694712829772,0.9252913436451091,0.07470865635489088,0.8609694712829772,0.13903052871702284,20,0,9,29,1787.3452705725713,0.0,248.49555796757483,1077,4bc9e211fdb942e8b6c447ac038187cd,ohare_filtered_vid_1077_sr_10.0,osrm,offline,batches,10.0,
8e1c59b04fd04c34a07569aabf797692,1.0,0.9192791365239665,0.9579420929765182,0.04205790702348178,0.9192791365239666,0.08072086347603344,21,0,8,29,1787.3452705725713,0.0,144.27605357042256,1077,31cba1690d1d4781812110a8b7aaa080,ohare_filtered_vid_1077_sr_10.0,osrm,offline,batches,30.0,
b450aa6ed2f64f5fb15ff9a90941267a,1.0,1.0,1.0,0.0,1.0,0.0,29,0,0,29,1787.3452705725713,0.0,0.0,1077,508dc93ea4d34eb0a954c8fabbebf3d2,ohare_filtered_vid_1077_sr_20.0,graphium,online,native,5.0,
76b105a8d5f642739a42544839da3177,1.0,1.0,1.0,0.0,1.0,0.0,29,0,0,29,1787.3452705725713,0.0,0.0,1077,abc285a6c69145819d5df8299eda4e71,ohare_filtered_vid_1077_sr_20.0,graphium,online,native,10.0,
726dfbb7d27643138f64fa58c7dccd18,1.0,1.0,1.0,0.0,1.0,0.0,29,0,0,29,1787.3452705725713,0.0,0.0,1077,4875f45faf7a48dbbe3a06e833c354e1,ohare_filtered_vid_1077_sr_20.0,graphium,online,native,30.0,
eb187de9337c4371b87590b071aeb409,1.0,1.0,1.0,0.0,1.0,0.0,29,0,0,29,1787.3452705725713,0.0,0.0,1077,24cc99eddca6456ba3c8c7e7c43e3ddf,ohare_filtered_vid_1077_sr_20.0,barefoot,online,native,,
a176250e72e6446ba3c1a0074cb1d960,1.0,0.48886982893437997,0.6566992216966018,0.3433007783033982,0.48886982893437997,0.5111301710656201,15,0,14,29,1787.3452705725713,0.0,913.5660939010853,1077,c059582d172441378b8eaa3c8a845b85,ohare_filtered_vid_1077_sr_20.0,graphhopper,offline,batches,5.0,50.0
790a92b8f54e4657bb84624ad1f9545c,1.0,0.6167278991176846,0.7629334527526351,0.23706654724736487,0.6167278991176846,0.3832721008823155,18,0,11,29,1787.3452705725713,0.0,685.03957685442,1077,66743102c79041a6a7526d8517cf3f7b,ohare_filtered_vid_1077_sr_20.0,graphhopper,offline,batches,10.0,50.0
f7210b56e2a943f6826b24bfc98c7117,1.0,1.0,1.0,0.0,1.0,0.0,29,0,0,29,1787.3452705725713,0.0,0.0,1077,4067a1358e914266bcb284c014df6285,ohare_filtered_vid_1077_sr_20.0,graphhopper,offline,batches,30.0,50.0
e0d7fcec865f4cd6b0af2405d2791b9e,1.0,0.37512919493152763,0.5455912016328133,0.45440879836718673,0.3751291949315277,0.6248708050684724,9,0,20,29,1787.3452705725713,0.0,1116.8598781580092,1077,0479fa42320b4ef6a26edf959dc10432,ohare_filtered_vid_1077_sr_20.0,osrm,offline,batches,5.0,
66d7729a6d8a459b9cdb416818d022b1,1.0,0.495054047525421,0.6622557202461316,0.33774427975386845,0.495054047525421,0.5049459524745791,11,0,18,29,1787.3452705725713,0.0,902.5127600502012,1077,d02ca82527eb4c81893dad5e8ba1680f,ohare_filtered_vid_1077_sr_20.0,osrm,offline,batches,10.0,
71aab2c90c8141c399cb0935b41e6585,0.9999999999999999,0.8465279848431371,0.9168861688441183,0.08311383115588167,0.8465279848431371,0.15347201515686287,17,0,12,29,1787.3452705725713,0.0,274.30748045586085,1077,f14e7f2663544826a7ca3590c3ba7ab1,ohare_filtered_vid_1077_sr_20.0,osrm,offline,batches,30.0,
dc3701e460b3447da89e982fdba6c8e1,0.6316097563318416,0.9424057404256161,0.7563237608551606,0.24367623914483938,0.6081355718231092,0.607258157051076,15,3,3,18,1126.5608449980466,619.229824806262,64.88343773315462,770,9105b9f3a96b43fa9f3f6a8370734d55,ohare_filtered_vid_770_sr_1.0,graphium,online,native,5.0,
e04851a0ebbe4743bd95dd68d145ace5,1.0,0.9424057404256161,0.970349006710738,0.029650993289262018,0.9424057404256159,0.05759425957438378,15,0,3,18,1126.5608449980466,0.0,64.88343773315462,770,bc93c6d51f434736b339859854c60d89,ohare_filtered_vid_770_sr_1.0,graphium,online,native,10.0,
8aab085a7e5c456685785d8650afe1fa,0.9999999999999998,0.9999999999999998,0.9999999999999998,2.220446049250313e-16,0.9999999999999996,0.0,18,0,0,18,1126.5608449980466,0.0,0.0,770,7cd64f1f525a43d2960058e3a68b166e,ohare_filtered_vid_770_sr_1.0,graphium,online,native,30.0,
7a05bf32b9d0480987c5a38c99646c1a,0.9999999999999998,0.9999999999999998,0.9999999999999998,2.220446049250313e-16,0.9999999999999996,0.0,18,0,0,18,1126.5608449980466,0.0,0.0,770,10e2d67c45b341bb86b894b7bbd44844,ohare_filtered_vid_770_sr_1.0,barefoot,online,native,,
0bc910e4e2864e8285d1990db807f699,0.43528945684641507,0.4378329058340897,0.4365574767433772,0.5634425232566228,0.2792283504186875,1.130177309380746,13,8,5,18,1126.5608449980466,639.8980680199477,633.3154366336441,770,b96ba789bd874ca8882c310c7a21dbfa,ohare_filtered_vid_770_sr_1.0,graphhopper,offline,batches,5.0,50.0
38036fe036b2430999828263428edb5f,0.36660491328995315,0.3533253181618479,0.3598426402143425,0.6401573597856576,0.2193951928255031,1.25712618540809,10,8,8,18,1126.5608449980466,687.7107616920773,728.5183760104314,770,41619b3c04144ef88c631755ed3fcd52,ohare_filtered_vid_770_sr_1.0,graphhopper,offline,batches,10.0,50.0
794dd78320c74388a2a1856972e37a22,0.5226833398862205,0.4378329058340897,0.47651034858204494,0.523489651417955,0.31277557293450814,0.9619979752231312,13,4,5,18,1126.5608449980466,450.43381522013647,633.3154366336441,770,62f1fcaef14c4510a9c3817f728a6d4e,ohare_filtered_vid_770_sr_1.0,graphhopper,offline,batches,30.0,50.0
60aeb3cd646f42cdaf8c298c91d931c7,0.9273516533990909,0.9883218619130182,0.956866507168036,0.04313349283196399,0.9173001478173947,0.08910286571251527,17,3,1,18,1126.5608449980466,87.22366657756466,13.156133111274018,770,c4cbdfbd78314e67ac5d8c909facb7f8,ohare_filtered_vid_770_sr_1.0,osrm,offline,batches,5.0,
2311643823514263b64b604949012c5d,0.9854153039966038,0.988321861913018,0.9868664428322385,0.013133557167761545,0.9740733942236074,0.026305852768345385,17,1,1,18,1126.5608449980466,16.47901061182736,13.156133111274018,770,530407fa19d145f69b4197f9a9527b7c,ohare_filtered_vid_770_sr_1.0,osrm,offline,batches,10.0,
7016303b64c74d34b25c8d13f2928fef,0.9854153039966038,0.988321861913018,0.9868664428322385,0.013133557167761545,0.9740733942236074,0.026305852768345385,17,1,1,18,1126.5608449980466,16.47901061182736,13.156133111274018,770,a632cb8b3f64415f8169d708ae5ff0bb,ohare_filtered_vid_770_sr_1.0,osrm,offline,batches,30.0,
82d17a3f1c954dd0884485cc4614b755,1.0000000000000002,0.9083966819936594,0.9519998547101621,0.04800014528983787,0.9083966819936594,0.09160331800634042,17,0,1,18,1126.5608449980466,0.0,103.19671133784765,770,79cde87557e042c6ab8e3c86ced45f74,ohare_filtered_vid_770_sr_5.0,graphium,online,native,5.0,
a07df98c22324e5dbb15b80bae110d52,1.0000000000000002,0.9083966819936594,0.9519998547101621,0.04800014528983787,0.9083966819936594,0.09160331800634042,17,0,1,18,1126.5608449980466,0.0,103.19671133784765,770,2d1373ec3da24ae1a4269ce8b80aa38f,ohare_filtered_vid_770_sr_5.0,graphium,online,native,10.0,
dc4faf61d0624fabb053f0532e2ab56d,1.0000000000000002,0.9083966819936594,0.9519998547101621,0.04800014528983787,0.9083966819936594,0.09160331800634042,17,0,1,18,1126.5608449980466,0.0,103.19671133784765,770,587abf2c9a234d039ea218289db32d52,ohare_filtered_vid_770_sr_5.0,graphium,online,native,30.0,
4091b451468a4844b87488fcdaca1632,1.0000000000000002,0.9083966819936594,0.9519998547101621,0.04800014528983787,0.9083966819936594,0.09160331800634042,17,0,1,18,1126.5608449980466,0.0,103.19671133784765,770,c2ff24bdb7004b5daee7c8e57c5eb910,ohare_filtered_vid_770_sr_5.0,barefoot,online,native,,
228cb9d0abc446aca4c039ef7af4eef6,0.4044559257127899,0.2820930332761854,0.3323701752570294,0.6676298247429706,0.19930692670854402,1.1332769086260515,8,6,10,18,1126.5608449980466,467.9395127361737,808.765879062365,770,1aec558b90a64b3da2700deaaa7dbb09,ohare_filtered_vid_770_sr_5.0,graphhopper,offline,batches,5.0,50.0
7cc7a522f31343dd927bdad26a41e83c,0.3905015500006823,0.3105951323075316,0.34599473553189036,0.6540052644681096,0.20918599412266944,1.1741846380120555,8,4,10,18,1126.5608449980466,546.133907689193,776.6565302933936,770,af955b1fa7e3437da0f021fa445b3dc6,ohare_filtered_vid_770_sr_5.0,graphhopper,offline,batches,10.0,50.0
6f503e7c83414185829a8669c1f0bab9,0.5273045266979802,0.4378329058340897,0.4784215499298325,0.5215784500701675,0.31442450430851604,0.9546568646339403,13,3,5,18,1126.5608449980466,442.1636074715534,633.3154366336441,770,9ae334d3ca8f49758485b5e06067b1a7,ohare_filtered_vid_770_sr_5.0,graphhopper,offline,batches,30.0,50.0
31b82a901ef142f390dd241a93b63907,1.0,0.8341568028284199,0.9095806874767542,0.09041931252324575,0.83415680282842,0.16584319717158003,13,0,5,18,1126.5608449980466,0.0,186.83245234279283,770,ade9acdb31164ba486453f670899e047,ohare_filtered_vid_770_sr_5.0,osrm,offline,batches,5.0,
ce1876aa667c422abbba9e25631ff917,1.0,0.8341568028284199,0.9095806874767542,0.09041931252324575,0.83415680282842,0.16584319717158003,13,0,5,18,1126.5608449980466,0.0,186.83245234279283,770,6cee0a0cf1b043b6b588f0874fdf159c,ohare_filtered_vid_770_sr_5.0,osrm,offline,batches,10.0,
e608cf54a7b140ff9700e71175bae13e,1.0,0.8341568028284199,0.9095806874767542,0.09041931252324575,0.83415680282842,0.16584319717158003,13,0,5,18,1126.5608449980466,0.0,186.83245234279283,770,c693e2721dd44fa0a616787f5d483fbf,ohare_filtered_vid_770_sr_5.0,osrm,offline,batches,30.0,
b8caad0a7f7447419251e918443c71d5,1.0000000000000002,0.9083966819936594,0.9519998547101621,0.04800014528983787,0.9083966819936594,0.09160331800634042,17,0,1,18,1126.5608449980466,0.0,103.19671133784765,770,306db9f854884482b4c301ad4f280ad2,ohare_filtered_vid_770_sr_10.0,graphium,online,native,5.0,
a82f0f91e81548e6998f9a5022005bcd,1.0000000000000002,0.9083966819936594,0.9519998547101621,0.04800014528983787,0.9083966819936594,0.09160331800634042,17,0,1,18,1126.5608449980466,0.0,103.19671133784765,770,22dede54f2714b2d82d5fdeb6dbeaf09,ohare_filtered_vid_770_sr_10.0,graphium,online,native,10.0,
753b1f268b034de49a6df4f89b3a5514,1.0000000000000002,0.9083966819936594,0.9519998547101621,0.04800014528983787,0.9083966819936594,0.09160331800634042,17,0,1,18,1126.5608449980466,0.0,103.19671133784765,770,dbb51d59a089431486b01e6c0b360891,ohare_filtered_vid_770_sr_10.0,graphium,online,native,30.0,
dc15669e40894a0faaf446c10d822139,1.0000000000000002,0.9083966819936594,0.9519998547101621,0.04800014528983787,0.9083966819936594,0.09160331800634042,17,0,1,18,1126.5608449980466,0.0,103.19671133784765,770,088a4a9bc68c41b8a22fa2fb7233cf58,ohare_filtered_vid_770_sr_10.0,barefoot,online,native,,
d287a7b3f09641c5bcbb9168f907a2b4,0.5068985301455669,0.40347169884962514,0.4493099721152896,0.5506900278847104,0.28974841137541296,0.9890180716184049,10,3,8,18,1126.5608449980466,442.1636074715534,672.0254270092154,770,616ce6d73f834b28b21e4e4719c45b3c,ohare_filtered_vid_770_sr_10.0,graphhopper,offline,batches,5.0,50.0
1a28a7db777c48b5b5c769d5c3fd6dad,0.522810925379284,0.43001391065667427,0.471893599020117,0.528106400979883,0.3088093857322501,0.9624758598113556,12,3,6,18,1126.5608449980466,442.1636074715534,642.1240104477488,770,a0af3bda161b4b188f09c4da6943e043,ohare_filtered_vid_770_sr_10.0,graphhopper,offline,batches,10.0,50.0
12e2f3ac57ce4b2dabbd24d8ac967125,0.522810925379284,0.43001391065667427,0.471893599020117,0.528106400979883,0.3088093857322501,0.9624758598113556,12,3,6,18,1126.5608449980466,442.1636074715534,642.1240104477488,770,85ccc2ef97d74e149105723ea9317d40,ohare_filtered_vid_770_sr_10.0,graphhopper,offline,batches,30.0,50.0
c7e60a1c4a374b4da449b1b786b5a37e,0.9999999999999999,0.7550883131810989,0.8604562032693395,0.13954379673066053,0.7550883131810989,0.2449116868189009,10,0,8,18,1126.5608449980466,0.0,275.90791685259796,770,c63b2d6f5e7f40eb993f0fe49ff1de2d,ohare_filtered_vid_770_sr_10.0,osrm,offline,batches,5.0,
8a1c6e42474244588ac4bf8afab3f51c,0.9999999999999999,0.7550883131810989,0.8604562032693395,0.13954379673066053,0.7550883131810989,0.2449116868189009,10,0,8,18,1126.5608449980466,0.0,275.90791685259796,770,fcf9014f70dc4da3955333d2eeb33f7a,ohare_filtered_vid_770_sr_10.0,osrm,offline,batches,10.0,
b83cfa3e7e594e3cbfd7755a54d1b05a,0.9999999999999999,0.7550883131810989,0.8604562032693395,0.13954379673066053,0.7550883131810989,0.2449116868189009,10,0,8,18,1126.5608449980466,0.0,275.90791685259796,770,4b611e4af7914389a729e1d1f52218dd,ohare_filtered_vid_770_sr_10.0,osrm,offline,batches,30.0,
8b1715402ad24ffdb4a558341256bdf0,1.0,0.7133090159717954,0.8326682569486203,0.16733174305137966,0.7133090159717954,0.2866909840282043,10,0,8,18,1126.5608449980466,0.0,322.9748372201353,770,3206b7bed01545c88b67d01c8a6a428f,ohare_filtered_vid_770_sr_20.0,graphium,online,native,5.0,
c10cef628d8c4717ab50645c81996f74,1.0,0.7133090159717954,0.8326682569486203,0.16733174305137966,0.7133090159717954,0.2866909840282043,10,0,8,18,1126.5608449980466,0.0,322.9748372201353,770,3e4231b803a040eebb1cb0876cda70fb,ohare_filtered_vid_770_sr_20.0,graphium,online,native,10.0,
d22400694b99490f9282abd753d703a8,1.0,0.7133090159717954,0.8326682569486203,0.16733174305137966,0.7133090159717954,0.2866909840282043,10,0,8,18,1126.5608449980466,0.0,322.9748372201353,770,c1b720db3da946d9968578aafefbae6f,ohare_filtered_vid_770_sr_20.0,graphium,online,native,30.0,
5817b214d4e34cef9b837a56fe3b7abf,1.0000000000000002,0.9083966819936594,0.9519998547101621,0.04800014528983787,0.9083966819936594,0.09160331800634042,17,0,1,18,1126.5608449980466,0.0,103.19671133784765,770,0463bf51591f40dc87524bcaf73c0ad0,ohare_filtered_vid_770_sr_20.0,barefoot,online,native,,
8b00d266d83e4c16a25d9ee40d2729ed,0.6547918565230513,0.23200036183396316,0.3426100150511741,0.6573899849488258,0.20671659546787513,0.890310893867891,7,3,11,18,1126.5608449980466,137.79107157625307,865.1983213305243,770,7786542702ca446fad59ee9f8ce195a3,ohare_filtered_vid_770_sr_20.0,graphhopper,offline,batches,5.0,50.0
e409af1e09264e68958a35fa144c3ecb,0.36976284468984416,0.3020359721447224,0.33248549256197096,0.6675145074380291,0.1993898650230048,1.2127650540251618,8,6,10,18,1126.5608449980466,579.9546790478065,786.2989449988816,770,e29b80b4c7814b7a881242eba903b6f3,ohare_filtered_vid_770_sr_20.0,graphhopper,offline,batches,10.0,50.0
fbd045b082af4275b383fecb2fbf6685,0.36976284468984416,0.3020359721447224,0.33248549256197096,0.6675145074380291,0.1993898650230048,1.2127650540251618,8,6,10,18,1126.5608449980466,579.9546790478065,786.2989449988816,770,8ddcdf6c967542e5a0c7cff21dea8a84,ohare_filtered_vid_770_sr_20.0,graphhopper,offline,batches,30.0,50.0
caadd40f2f864a3482acc483afda6f3d,1.0,0.23851310551969562,0.3851604063884532,0.6148395936115467,0.23851310551969557,0.7614868944803043,6,0,12,18,1126.5608449980466,0.0,857.86131930067,770,ad251f30309241ab9447960a837d7375,ohare_filtered_vid_770_sr_20.0,osrm,offline,batches,5.0,
9db2d2ab45e94685aca33aa7b3c8378d,1.0,0.7509459042116864,0.8577602567907755,0.1422397432092245,0.7509459042116864,0.24905409578831347,10,0,8,18,1126.5608449980466,0.0,280.5745926015069,770,7fbb8cbb048f40a89b87303866d2a784,ohare_filtered_vid_770_sr_20.0,osrm,offline,batches,10.0,
21ace653a8e84134942622561384b1ab,1.0,0.7509459042116864,0.8577602567907755,0.1422397432092245,0.7509459042116864,0.24905409578831347,10,0,8,18,1126.5608449980466,0.0,280.5745926015069,770,1e0715206e5d427aa7a267ab1a0aff18,ohare_filtered_vid_770_sr_20.0,osrm,offline,batches,30.0,
30c1728cf5b048d4b3ba07ff1d9d5743,0.757658597217985,0.7135256068090241,0.7349301451908626,0.26506985480913736,0.5809403665710953,0.514699608492318,17,4,7,24,1719.0474470363263,392.32997371308795,492.46307425622797,1,7f1917a0e5ee4ce6a89e7729dd9db50c,ohare_filtered_vid_1_sr_1.0,graphium,online,native,5.0,
f5c1dc3e310d4a86908bc16f4c38fe41,0.8627171494041792,0.8506900174329888,0.8566613716471346,0.14333862835286537,0.7492630358175442,0.28467897418525456,20,2,4,24,1719.0474470363263,232.70571944922307,256.670944348859,1,d748e6a3c10d49cf8355a66fdabbdc12,ohare_filtered_vid_1_sr_1.0,graphium,online,native,10.0,
510ccaf79ae24be09733f3fedcb05df1,0.8655068517514118,0.8711431867422215,0.8683158728236963,0.13168412717630373,0.7672775927239124,0.2642258048760219,21,2,3,24,1719.0474470363263,232.70571944922307,221.51097586402088,1,2c806bbe81c84068b341f8c2dd6ffd2f,ohare_filtered_vid_1_sr_1.0,graphium,online,native,30.0,
a39642a1a833413db088654d699da2f9,0.7905220989234598,0.8119091630509955,0.8010729083248429,0.1989270916751571,0.6681581506391459,0.40323602716234,20,3,4,24,1719.0474470363263,369.84478997837914,323.33707306811215,1,e98de1dd1d6e49c0bb6e02eccf766e86,ohare_filtered_vid_1_sr_1.0,barefoot,online,native,,
e8f52f74a2b040aaa967d61b6592e95b,0.671380126174215,1.0,0.8033841202970415,0.19661587970295846,0.6713801261742149,0.4894691710616885,24,14,0,24,1719.0474470363263,841.4207289165826,0.0,1,73375beb641a4f1fbcecf8a4acd16ac3,ohare_filtered_vid_1_sr_1.0,graphhopper,offline,batches,5.0,50.0
84946c801b6f434cba1afc58fe8543dd,0.7541038052539658,1.0,0.8598166231613457,0.14018337683865434,0.7541038052539657,0.3260773822288586,24,11,0,24,1719.0474470363263,560.5424914568077,0.0,1,b69c2edcea674fbb8a48eebd77c21b17,ohare_filtered_vid_1_sr_1.0,graphhopper,offline,batches,10.0,50.0
5a1d5f6d4dca4af4b416d6cf2ae1d306,0.9275363648519543,1.0,0.9624060866142926,0.03759391338570739,0.9275363648519543,0.07812484544432033,24,8,0,24,1719.0474470363263,134.30031611116644,0.0,1,7955941d3b944438ae815fb82948c80e,ohare_filtered_vid_1_sr_1.0,graphhopper,offline,batches,30.0,50.0
40b2ee2ececb46cf9639322ed6b6bc37,0.9770160400163792,1.0,0.9883744190646878,0.011625580935312185,0.9770160400163792,0.02352464958838907,24,2,0,24,1719.0474470363263,40.43998881734439,0.0,1,2c27342b029748b5a0cdb747b9c6720c,ohare_filtered_vid_1_sr_1.0,osrm,offline,batches,10.0,
2a593aeabe4245199bc1f31e5f47d5f1,0.9905045318941366,1.0,0.9952296174393396,0.004770382560660424,0.9905045318941365,0.009586496376453105,24,1,0,24,1719.0474470363263,16.4796421219647,0.0,1,7a80dc3e64be455ba5e84ca60bd6df70,ohare_filtered_vid_1_sr_1.0,osrm,offline,batches,30.0,
ea272463806b48338c9922f34ead9498,0.8027540640549106,0.6910972554560414,0.7427528070948223,0.2572471929051777,0.5907770653903868,0.47871331428800024,17,3,7,24,1719.0474470363263,291.9124263982791,531.0184743908062,1,fb90e616c9974379b5c9f1ea2e600e1f,ohare_filtered_vid_1_sr_5.0,graphium,online,native,5.0,
8a0b0f3f378548278c9f83993fada82f,0.7789222692683149,0.8010078499379474,0.7898106942715303,0.21018930572846972,0.6526340057154167,0.4263383240633343,18,4,6,24,1719.0474470363263,390.8188600103798,342.0769475444409,1,0b30338b741b4c7b8ba2cbc39bae7918,ohare_filtered_vid_1_sr_5.0,graphium,online,native,10.0,
b79d998bb89a4bb7b59a519475d60ef5,0.7789222692683149,0.8010078499379474,0.7898106942715303,0.21018930572846972,0.6526340057154167,0.4263383240633343,18,4,6,24,1719.0474470363263,390.8188600103798,342.0769475444409,1,3fa03a4768a1483bafd830c94854f1f5,ohare_filtered_vid_1_sr_5.0,graphium,online,native,30.0,
66c22a468cb14285a7c8e125f7de3403,1.0,1.0,1.0,0.0,1.0,0.0,24,0,0,24,1719.0474470363263,0.0,0.0,1,42f285e09aa54dbeb01ea2e9cc5ecf4b,ohare_filtered_vid_1_sr_5.0,barefoot,online,native,,
647f8fc9032d4274b7c843cc0165994d,1.0,0.98560280745877,0.9927492082066222,0.007250791793377842,0.9856028074587699,0.014397192541229863,23,0,1,24,1719.0474470363263,0.0,24.749457082491634,1,a756edb91a1f442ca8030f58fefe5bf1,ohare_filtered_vid_1_sr_5.0,graphhopper,offline,batches,5.0,50.0
9bd230d0d2734c2dbc17b95528936d82,1.0,1.0,1.0,0.0,1.0,0.0,24,0,0,24,1719.0474470363263,0.0,0.0,1,1609c159741a4fcf8582d332c3da5bfb,ohare_filtered_vid_1_sr_5.0,graphhopper,offline,batches,10.0,50.0
3c478c13bc2344088f43965958d6e981,1.0,1.0,1.0,0.0,1.0,0.0,24,0,0,24,1719.0474470363263,0.0,0.0,1,09d76f885e4343b48596c20053b0fe7e,ohare_filtered_vid_1_sr_5.0,graphhopper,offline,batches,30.0,50.0
005e9b1a2c154f07859c3cb900ea811e,1.0,0.98560280745877,0.9927492082066222,0.007250791793377842,0.9856028074587699,0.014397192541229863,23,0,1,24,1719.0474470363263,0.0,24.749457082491634,1,b13cebdf945a4e96a2432cba0fd2fef5,ohare_filtered_vid_1_sr_5.0,osrm,offline,batches,5.0,
1ba17334dfad4032afcf41984d52ee72,1.0,0.98560280745877,0.9927492082066222,0.007250791793377842,0.9856028074587699,0.014397192541229863,23,0,1,24,1719.0474470363263,0.0,24.749457082491634,1,8c97c84e1ccc44a7a9f4d72eef08e56e,ohare_filtered_vid_1_sr_5.0,osrm,offline,batches,10.0,
a423137a7ca145309a93a344de7e9745,1.0,0.98560280745877,0.9927492082066222,0.007250791793377842,0.9856028074587699,0.014397192541229863,23,0,1,24,1719.0474470363263,0.0,24.749457082491634,1,2ce1009c1d1f4184b1c638825d0df7f4,ohare_filtered_vid_1_sr_5.0,osrm,offline,batches,30.0,
48b32c6dd4684986a84efa793c4b6a51,1.0,0.8745546390421929,0.9330799122388326,0.06692008776116742,0.8745546390421929,0.12544536095780706,22,0,2,24,1719.0474470363263,0.0,215.6465274970687,1,d694658ba7644e20975e9746ce813997,ohare_filtered_vid_1_sr_10.0,graphium,online,native,5.0,
72a28b01172a40088096c7d5f1faad78,1.0,0.8745546390421929,0.9330799122388326,0.06692008776116742,0.8745546390421929,0.12544536095780706,22,0,2,24,1719.0474470363263,0.0,215.6465274970687,1,4f321b7078124bc29697495a83685122,ohare_filtered_vid_1_sr_10.0,graphium,online,native,10.0,
5957c6be61d343dea95ce87285a99d0e,1.0,0.8745546390421929,0.9330799122388326,0.06692008776116742,0.8745546390421929,0.12544536095780706,22,0,2,24,1719.0474470363263,0.0,215.6465274970687,1,4105dc938397459bb06159bb0c997a13,ohare_filtered_vid_1_sr_10.0,graphium,online,native,30.0,
1e5d2203ab0f4a8fa42af4450a226089,1.0,1.0,1.0,0.0,1.0,0.0,24,0,0,24,1719.0474470363263,0.0,0.0,1,49b4fd8fb1e943cebd7feb9c92555853,ohare_filtered_vid_1_sr_10.0,barefoot,online,native,,
0179afed22eb4d34bd7858f51de6cb18,0.8484052714992013,0.7575973598966127,0.8004340481703138,0.19956595182968617,0.6672697294795835,0.37777163172163075,19,2,5,24,1719.0474470363263,232.70571944922307,416.7016396245935,1,888418068b864644a29d6c737b01d60e,ohare_filtered_vid_1_sr_10.0,graphhopper,offline,batches,5.0,50.0
2a074f9e49f641e2ab259742e447953c,1.0,0.8745546390421929,0.9330799122388326,0.06692008776116742,0.8745546390421929,0.12544536095780706,22,0,2,24,1719.0474470363263,0.0,215.6465274970687,1,23f5486d72de441db1577427f13d6bb4,ohare_filtered_vid_1_sr_10.0,graphhopper,offline,batches,10.0,50.0
2831546d44a7489b9d42855f7dcb5312,1.0,0.8745546390421929,0.9330799122388326,0.06692008776116742,0.8745546390421929,0.12544536095780706,22,0,2,24,1719.0474470363263,0.0,215.6465274970687,1,e424d999f5aa46f999003c190c790d57,ohare_filtered_vid_1_sr_10.0,graphhopper,offline,batches,30.0,50.0
c4c13829453e4776b1f80c204a08835b,0.9057309655725009,0.8063733919714889,0.8531691981322979,0.14683080186770214,0.7439364174234301,0.2775544452545803,20,1,4,24,1719.0474470363263,144.27593431875482,332.8533262097152,1,6439371cde5a4800af795301ffb3b14c,ohare_filtered_vid_1_sr_10.0,osrm,offline,batches,5.0,
8be2d3aee5e043048fe42e7c618e6571,0.9057309655725009,0.8063733919714889,0.8531691981322979,0.14683080186770214,0.7439364174234301,0.2775544452545803,20,1,4,24,1719.0474470363263,144.27593431875482,332.8533262097152,1,58ceda52942d42719559a7b37569cf1a,ohare_filtered_vid_1_sr_10.0,osrm,offline,batches,10.0,
c12a106e472d448e9c896391684a10bc,1.0,0.8063733919714889,0.8928092005290305,0.10719079947096954,0.8063733919714889,0.19362660802851095,20,0,4,24,1719.0474470363263,0.0,332.8533262097152,1,d83f58d104a44d11b200c6fb647a9493,ohare_filtered_vid_1_sr_10.0,osrm,offline,batches,30.0,
a9252d2a405f414bb1f3a904bb1a20ff,1.0,1.0,1.0,0.0,1.0,0.0,24,0,0,24,1719.0474470363263,0.0,0.0,1,0d46319edec44de78c7131c35c110ee3,ohare_filtered_vid_1_sr_20.0,graphium,online,native,5.0,
dfb15925524e4a578798c121b013ac88,1.0,1.0,1.0,0.0,1.0,0.0,24,0,0,24,1719.0474470363263,0.0,0.0,1,1e55a651ddc443839bc86c59304504c8,ohare_filtered_vid_1_sr_20.0,graphium,online,native,10.0,
2e3ef47ed29b493c92879e241c71c054,1.0,1.0,1.0,0.0,1.0,0.0,24,0,0,24,1719.0474470363263,0.0,0.0,1,9b4663f950ce4fc8869c23f5c885f2d1,ohare_filtered_vid_1_sr_20.0,graphium,online,native,30.0,
6555ee7d0ddb4050b2b8dbde35eb73bf,1.0,1.0,1.0,0.0,1.0,0.0,24,0,0,24,1719.0474470363263,0.0,0.0,1,2a27c5c55e8c46259a9ded355ae63118,ohare_filtered_vid_1_sr_20.0,barefoot,online,native,,
0b137e39fb494dd896dc92fcb643f373,0.9314944696479519,0.7823324175151046,0.8504223218809835,0.14957767811901646,0.7397693414441358,0.2752031867421355,19,1,5,24,1719.0474470363263,98.90643361210076,374.1809019732286,1,d667f1e8192a4d1aae0aa0f3f8a77388,ohare_filtered_vid_1_sr_20.0,graphhopper,offline,batches,5.0,50.0
ef6221c1538d43d6bff2ece9d1141dbd,0.824447957369975,0.7823324175151046,0.8028382393589713,0.19716176064102875,0.670618011495026,0.38425184372629995,19,2,5,24,1719.0474470363263,286.3662490034688,374.1809019732286,1,1baf70feee7b40f2bf2eae7c6a25672b,ohare_filtered_vid_1_sr_20.0,graphhopper,offline,batches,10.0,50.0
af0ccf41ab3640ad921091f5d9286134,0.8297543375297893,0.8119091630509955,0.8207347601788179,0.17926523982118214,0.695971298452984,0.354675098190409,20,2,4,24,1719.0474470363263,286.3662490034688,323.33707306811215,1,f2893745057e402bac16a0852d168ba2,ohare_filtered_vid_1_sr_20.0,graphhopper,offline,batches,30.0,50.0
28470b343e7d4c19b72c09a366410573,0.9999999999999996,0.6470390806491894,0.7856997302020972,0.21430026979790284,0.6470390806491892,0.3529609193508105,15,0,9,24,1719.0474470363263,0.0,606.7565673136054,1,46a7b653f3e54236a84b104792a42173,ohare_filtered_vid_1_sr_20.0,osrm,offline,batches,5.0,
983eb71862ab4ddca08b46855f4220ca,1.0,0.7724844416069965,0.8716403072137943,0.12835969278620574,0.7724844416069964,0.22751555839300341,17,0,7,24,1719.0474470363263,0.0,391.11003981653676,1,1b8378b85b78435db0ad42b834184fdf,ohare_filtered_vid_1_sr_20.0,osrm,offline,batches,10.0,
42d2f2ab63844c5683d8cc30ed1ce33a,1.0,0.7724844416069965,0.8716403072137943,0.12835969278620574,0.7724844416069964,0.22751555839300341,17,0,7,24,1719.0474470363263,0.0,391.11003981653676,1,ebab0a8e443f46fcab37df98e608cbd2,ohare_filtered_vid_1_sr_20.0,osrm,offline,batches,30.0,
08912f86dd4d42e09bba3bd77bba86bf,0.9481922841866766,0.914034192741126,0.9307999642124452,0.06920003578755485,0.8705573635029237,0.135907179373931,23,3,6,29,1716.8171474325745,85.74020401344085,147.58757199491856,557,6600cfae3fd840cfa95d67991dbce393,ohare_filtered_vid_557_sr_1.0,graphium,online,native,5.0,
e088b426c7b14f849438be5da97c383c,0.9953176525488676,0.9682724413895991,0.9816087954066217,0.018391204593378285,0.9638818471518097,0.036282675247116765,26,1,3,29,1716.8171474325745,7.820302350469181,54.4704166685083,557,a117e9d503504e88901d18825e3e768b,ohare_filtered_vid_557_sr_1.0,graphium,online,native,10.0,
584d3ebb888b4c4c808d052e0f98b38d,0.9953176525488676,0.9682724413895991,0.9816087954066217,0.018391204593378285,0.9638818471518097,0.036282675247116765,26,1,3,29,1716.8171474325745,7.820302350469181,54.4704166685083,557,6fc12b0fa4a34007b2222b87d1f5b8a2,ohare_filtered_vid_557_sr_1.0,graphium,online,native,30.0,
fade7c022fc34eb59a4d65496b399764,0.9743378364557483,0.9897083116008486,0.9819629299460374,0.0180370700539626,0.9645650034079675,0.03635868036345214,28,4,1,29,1716.8171474325745,44.75225878629855,17.668947119696114,557,a069ad7b537e4f0eb94aaeeb9692f426,ohare_filtered_vid_557_sr_1.0,barefoot,online,native,,
8fec4e6bcda348a0ac8a04320e55d227,0.49960014190703844,0.7751136365055576,0.6075824853395664,0.3924175146604336,0.43635079201638477,1.0012407340772103,20,24,9,29,1716.8171474325745,1332.8584959007196,386.0887650710136,557,a306f07350b44e8e9bbf2dc64c030f48,ohare_filtered_vid_557_sr_1.0,graphhopper,offline,batches,5.0,50.0
7fa66fa070f04889b19d0f14cc211dab,0.5648336741564585,0.7751136365055576,0.6534738787302056,0.34652612126979443,0.4853035291390931,0.8220592459595152,20,15,9,29,1716.8171474325745,1025.2366445977746,386.0887650710136,557,b2b5029199574c77a699dbf181b31c43,ohare_filtered_vid_557_sr_1.0,graphhopper,offline,batches,10.0,50.0
7ffef3912e2749e98ea08f647c4f89af,0.5831159206988881,0.7751136365055576,0.6655444941538223,0.33445550584617767,0.4987386175395942,0.7790343866200478,20,14,9,29,1716.8171474325745,951.3708283179024,386.0887650710136,557,2527679ef3eb477f92ea8f60701662f3,ohare_filtered_vid_557_sr_1.0,graphhopper,offline,batches,30.0,50.0
777128ad974b45d2ac561e09d8de607d,0.9242641629150783,0.9714106586767068,0.9472511309030324,0.05274886909696763,0.8997883148671253,0.10818844549720989,27,4,2,29,1716.8171474325745,136.65710696605225,49.0826714176322,557,1829737e92124ff0931c1e3cd4806e7a,ohare_filtered_vid_557_sr_1.0,osrm,offline,batches,5.0,
93e48c9efb71498681925b445a95349b,0.9115542496726706,0.9714106586767068,0.9405310849582548,0.05946891504174523,0.8877382541432993,0.12284280414624447,27,6,2,29,1716.8171474325745,161.81596117934168,49.0826714176322,557,5b8e683503904815837d38518dbef6a6,ohare_filtered_vid_557_sr_1.0,osrm,offline,batches,10.0,
0cc682307db848b186842f2609cf71e2,0.9609427425255854,0.9714106586767068,0.9661483472811793,0.033851652718820735,0.9345135201364765,0.06807206441417106,27,4,2,29,1716.8171474325745,67.78461602975143,49.0826714176322,557,2d09409771b94001af9a627e57787d0b,ohare_filtered_vid_557_sr_1.0,osrm,offline,batches,30.0,
566793ca15e044ec8ddd9196a9a52d14,0.9803132113576252,0.7434819753118441,0.845628539214871,0.15437146078512898,0.7325445646756797,0.2714487349323944,18,2,11,29,1716.8171474325745,25.633299370655788,440.39454341015863,557,d379e0887ac04393bd10bc20044951d8,ohare_filtered_vid_557_sr_5.0,graphium,online,native,5.0,
e74dd99eee44443e8251b7a40c6a6e25,0.8891111256900978,0.7560215930597576,0.8171829567187509,0.18281704328124915,0.6908785778498815,0.3382685142013635,18,3,11,29,1716.8171474325745,161.87887297914946,418.86631263829076,557,54e6772c43ea4680b3d18cb29561631a,ohare_filtered_vid_557_sr_5.0,graphium,online,native,10.0,
5a90b4b4fcc442bca8b03c67b3fff4c0,0.984027949558188,0.9198716370581738,0.9508688454308523,0.04913115456914774,0.9063393468868539,0.0950590731860647,24,2,5,29,1716.8171474325745,25.633299370655788,137.56574749422816,557,e01318391ace4fce811c3db16b38b80f,ohare_filtered_vid_557_sr_5.0,graphium,online,native,30.0,
f05868adcedf437984d87177355b751e,0.9738670917112284,0.9714106586767068,0.9726373242423743,0.027362675757625743,0.9467321980770866,0.05465633328759374,27,4,2,29,1716.8171474325745,44.75225878629855,49.0826714176322,557,b8789c1ba48c4be280855d8b49ac025e,ohare_filtered_vid_557_sr_5.0,barefoot,online,native,,
779627eeeb0141698df32a6ae66f6f22,0.6526891959182136,0.7504466333274361,0.6981625007029352,0.3018374992970648,0.5362900523912641,0.6488831323120138,18,7,11,29,1716.8171474325745,685.5761891300389,428.4374991029864,557,ff32cb374294453d9c284cd786f61469,ohare_filtered_vid_557_sr_5.0,graphhopper,offline,batches,5.0,50.0
5572d82abbf34a20a1355127a56507e3,0.6526891959182136,0.7504466333274361,0.6981625007029352,0.3018374992970648,0.5362900523912641,0.6488831323120138,18,7,11,29,1716.8171474325745,685.5761891300389,428.4374991029864,557,e70b71e4081046cdb7009b1ff12747cf,ohare_filtered_vid_557_sr_5.0,graphhopper,offline,batches,10.0,50.0
752244971ce54a96bb4b52243c539fc3,0.584386062542767,0.757996067105316,0.6599645917436415,0.3400354082563585,0.4924978755616476,0.7810888807046471,19,13,10,29,1716.8171474325745,925.510282322939,415.4765017397157,557,f2504403f88841ebbc15ef9a2e448470,ohare_filtered_vid_557_sr_5.0,graphhopper,offline,batches,30.0,50.0
48329fda17c541d6b0d3ff8d9a944591,0.952025471007412,0.8809947859248041,0.9151338866585711,0.0848661133414289,0.8435454618818571,0.1634003601997468,21,1,8,29,1716.8171474325745,76.21834812940365,204.3101921581808,557,9e1c89577bff470588e0fe3259524f5b,ohare_filtered_vid_557_sr_5.0,osrm,offline,batches,5.0,
08f93a6046484a728693f6ccebee16ee,1.0,0.8946725881376733,0.944408647424484,0.05559135257551595,0.8946725881376733,0.10532741186232679,22,0,7,29,1716.8171474325745,0.0,180.8279067799358,557,f8eac47724cb40a9a23bf9e54567a470,ohare_filtered_vid_557_sr_5.0,osrm,offline,batches,10.0,
abacdebd856749cd9b9061f03c84b27f,1.0,0.8946725881376733,0.944408647424484,0.05559135257551595,0.8946725881376733,0.10532741186232679,22,0,7,29,1716.8171474325745,0.0,180.8279067799358,557,92f69a9c1d8d41fdb5822fde913ced96,ohare_filtered_vid_557_sr_5.0,osrm,offline,batches,30.0,
87c844d97c8f4676997bdee2d4b6680f,0.9951261952012395,0.9300569215545447,0.9614919200276338,0.03850807997236616,0.9258396141253119,0.07449819508217109,25,1,4,29,1716.8171474325745,7.820302350469181,120.07947641937926,557,925509514de343b093bb75a7f4901ef3,ohare_filtered_vid_557_sr_10.0,graphium,online,native,5.0,
28587a1e667b422495247852f3a07cfb,0.9951261952012395,0.9300569215545447,0.9614919200276338,0.03850807997236616,0.9258396141253119,0.07449819508217109,25,1,4,29,1716.8171474325745,7.820302350469181,120.07947641937926,557,a4f0443c260f463cb8faad32e4ca2e8f,ohare_filtered_vid_557_sr_10.0,graphium,online,native,10.0,
8c785ee0f89243afa917e0722922f3b2,0.9951261952012395,0.9300569215545447,0.9614919200276338,0.03850807997236616,0.9258396141253119,0.07449819508217109,25,1,4,29,1716.8171474325745,7.820302350469181,120.07947641937926,557,adbd90c1ce8d4f20bded1768848354f4,ohare_filtered_vid_557_sr_10.0,graphium,online,native,30.0,
16707470d7b74dd394fed7cb99beff76,0.9952493871202714,0.9542930892764652,0.9743410299948079,0.025658970005192128,0.9499658838745161,0.05026202736025056,26,1,3,29,1716.8171474325745,7.820302350469181,78.4704080863342,557,9aac978b9e924de588820f04fc8f1e52,ohare_filtered_vid_557_sr_10.0,barefoot,online,native,,
bfcd4f5c48f3450fb9b537b7290a8182,0.6410490168881866,0.7337598993833955,0.6842784572671211,0.3157215427328789,0.5200784778865971,0.6771039040278107,18,11,11,29,1716.8171474325745,705.3780229557252,457.0855700727607,557,cd1f135ce39045abad9d0918d123fcad,ohare_filtered_vid_557_sr_10.0,graphhopper,offline,batches,5.0,50.0
9ad92ef0beb44e949242b55f62151be3,0.5764723807472268,0.7337598993833955,0.6456753088883169,0.3543246911116831,0.4767507475318352,0.8053250484265676,18,13,11,29,1716.8171474325745,925.510282322939,457.0855700727607,557,4fa208e7658c4af2b56cda3ee8ba0ed7,ohare_filtered_vid_557_sr_10.0,graphhopper,offline,batches,10.0,50.0
f76599ed2beb4fefbaea944db7c464a1,0.5764723807472268,0.7337598993833955,0.6456753088883169,0.3543246911116831,0.4767507475318352,0.8053250484265676,18,13,11,29,1716.8171474325745,925.510282322939,457.0855700727607,557,332da3d6245c4bff83a408fe15049881,ohare_filtered_vid_557_sr_10.0,graphhopper,offline,batches,30.0,50.0
1db42ae7752c4b80933f08f293783db4,1.0,0.7863135639843752,0.8803757412338085,0.11962425876619154,0.7863135639843752,0.21368643601562484,17,0,12,29,1716.8171474325745,0.0,366.8605375253784,557,b072c9e87087413db6f348e5f56d3825,ohare_filtered_vid_557_sr_10.0,osrm,offline,batches,5.0,
d9c4eab69b4d480ca8aaf38f9b0e1986,1.0,0.7863135639843752,0.8803757412338085,0.11962425876619154,0.7863135639843752,0.21368643601562484,17,0,12,29,1716.8171474325745,0.0,366.8605375253784,557,8e931d751b7f45019abda258378dc6ca,ohare_filtered_vid_557_sr_10.0,osrm,offline,batches,10.0,
0cf16d0806bc472f9343a6954163a2e3,1.0,0.7863135639843752,0.8803757412338085,0.11962425876619154,0.7863135639843752,0.21368643601562484,17,0,12,29,1716.8171474325745,0.0,366.8605375253784,557,924241b110804b66b1a739b54e8277b6,ohare_filtered_vid_557_sr_10.0,osrm,offline,batches,30.0,
6a2473b840494f6cad7fdcb2cbe339c3,0.9951261952012395,0.9300569215545447,0.9614919200276338,0.03850807997236616,0.9258396141253119,0.07449819508217109,25,1,4,29,1716.8171474325745,7.820302350469181,120.07947641937926,557,4326cdab2c774006a619935382a6ccb9,ohare_filtered_vid_557_sr_20.0,graphium,online,native,5.0,
4492166c4b82406b85a936b764d8cce2,0.9951261952012395,0.9300569215545447,0.9614919200276338,0.03850807997236616,0.9258396141253119,0.07449819508217109,25,1,4,29,1716.8171474325745,7.820302350469181,120.07947641937926,557,f7f6f314d3c44c4e8ae297f7b837322c,ohare_filtered_vid_557_sr_20.0,graphium,online,native,10.0,
505d9dd36b2842139bc8be33aa465d51,0.9951261952012395,0.9300569215545447,0.9614919200276338,0.03850807997236616,0.9258396141253119,0.07449819508217109,25,1,4,29,1716.8171474325745,7.820302350469181,120.07947641937926,557,75b5dcbd3aad42aa811c72e27ff4b1fe,ohare_filtered_vid_557_sr_20.0,graphium,online,native,30.0,
b0b6a901626f4ae48aeba183022fa4a1,0.9951261952012395,0.9300569215545447,0.9614919200276338,0.03850807997236616,0.9258396141253119,0.07449819508217109,25,1,4,29,1716.8171474325745,7.820302350469181,120.07947641937926,557,d5285000300c4ad9b6ba719120e4f4dd,ohare_filtered_vid_557_sr_20.0,barefoot,online,native,,
c2945a17434e45edb6409be1288cecba,0.562449134032358,0.6764650904405627,0.6142107287262508,0.3857892712737492,0.443220871642121,0.8497831837760336,16,11,13,29,1716.8171474325745,903.4720609818519,555.4502805246892,557,1a19e8e435ce44219f83dda72897a8d3,ohare_filtered_vid_557_sr_20.0,graphhopper,offline,batches,5.0,50.0
ab8073531bcf4d1d8a40260376ea07bb,0.5764723807472268,0.7337598993833955,0.6456753088883169,0.3543246911116831,0.4767507475318352,0.8053250484265676,18,13,11,29,1716.8171474325745,925.510282322939,457.0855700727607,557,28bfd3c6f4244238a9c4d07ef78aef11,ohare_filtered_vid_557_sr_20.0,graphhopper,offline,batches,10.0,50.0
a36491324ed647f3a5590b9d92506b5f,0.5764723807472268,0.7337598993833955,0.6456753088883169,0.3543246911116831,0.4767507475318352,0.8053250484265676,18,13,11,29,1716.8171474325745,925.510282322939,457.0855700727607,557,97461177a09c46c3bd1fc1f11a312a39,ohare_filtered_vid_557_sr_20.0,graphhopper,offline,batches,30.0,50.0
82f155c6cdca4e41beef079f3865af1f,1.0,0.6742101162927998,0.8054068121218882,0.19459318787811175,0.6742101162927998,0.32578988370720013,14,0,15,29,1716.8171474325745,0.0,559.3216588085855,557,1521a103a0124a8caa6297f23dcad00a,ohare_filtered_vid_557_sr_20.0,osrm,offline,batches,5.0,
b7202dc9d57e4eb4b369293c50da28ca,1.0,0.7374246594501215,0.8488709486643403,0.15112905133565968,0.7374246594501215,0.2625753405498786,16,0,13,29,1716.8171474325745,0.0,450.79384714897935,557,99e23cd4912a4e3d8d9c9846a123689c,ohare_filtered_vid_557_sr_20.0,osrm,offline,batches,10.0,
c912f3bf5bf04b98a326fed4490454d9,1.0,0.7374246594501215,0.8488709486643403,0.15112905133565968,0.7374246594501215,0.2625753405498786,16,0,13,29,1716.8171474325745,0.0,450.79384714897935,557,90411647fcc64275919c46e40e0ada3a,ohare_filtered_vid_557_sr_20.0,osrm,offline,batches,30.0,
61dde2ce45a24f85b07dc0179e38de8a,1.0,0.9362066934450676,0.9670524294896297,0.03294757051037034,0.9362066934450676,0.0637933065549323,31,0,6,37,2272.6679386664696,0.0,144.9810025089162,349,94c57af5e2b64e8791d7f81687899cfe,ohare_filtered_vid_349_sr_1.0,graphium,online,native,5.0,
3e32bc039e5a4e07adaee2d3926ab376,1.0,0.9244625685936791,0.9607488175457106,0.03925118245428938,0.9244625685936794,0.07553743140632067,30,0,7,37,2272.6679386664696,0.0,171.67149852636265,349,c2037125862c47cbb49de6eb3de6874a,ohare_filtered_vid_349_sr_1.0,graphium,online,native,10.0,
0d6acf3fedb0495f9a87beb69f8fe351,1.0,0.9710255885331388,0.9852998298776912,0.014700170122308842,0.9710255885331388,0.028974411466860996,33,0,4,37,2272.6679386664696,0.0,65.8492159824651,349,97b84be3ca8245f2a0d32a77bf168751,ohare_filtered_vid_349_sr_1.0,graphium,online,native,30.0,
55b72340699b4306af54ab28eece269c,0.9723958985291977,0.9919563421547257,0.9820787317609061,0.0179212682390939,0.9647884982890749,0.03620303569215927,36,2,1,37,2272.6679386664696,63.99691520541061,18.280563294557616,349,9d916c554f184a0d9ba9d84367de0975,ohare_filtered_vid_349_sr_1.0,barefoot,online,native,,
9b5e44cada1348bb8d5a34b2d8a76dcd,0.818601440216254,0.9909164342557902,0.8965544155814603,0.10344558441853968,0.8125044209170489,0.2286663873827349,36,10,1,37,2272.6679386664696,499.03883861979403,20.643928635634474,349,c9e2d52b37ea4e02a45135962bf88763,ohare_filtered_vid_349_sr_1.0,graphhopper,offline,batches,5.0,50.0
6d88d82ad5b74cc29fb45e1d0df6b332,0.8847482524766171,0.9756066938046771,0.9279587416085097,0.07204125839149034,0.8655998398800764,0.1514807302639794,36,9,1,37,2272.6679386664696,288.8275140885453,55.437884908184266,349,0face264fcc546bca4f409af832bd767,ohare_filtered_vid_349_sr_1.0,graphhopper,offline,batches,10.0,50.0
04bc7c46a5414ffb8d6ae9b138e762f6,0.9652596333064914,0.9887542265884726,0.9768656832744633,0.023134316725536674,0.9547775568713667,0.04683172688580179,36,3,1,37,2272.6679386664696,80.87505552786028,25.557908677885948,349,7ad27f817a9f49428139ad2c25976577,ohare_filtered_vid_349_sr_1.0,graphhopper,offline,batches,30.0,50.0
e31b300da7be4288b4be4ba7762e2af8,0.8838810652766276,0.9935848776786388,0.935527873004158,0.06447212699584204,0.878865542157885,0.13694627870175885,36,6,1,37,2272.6679386664696,296.653974102789,14.5794428223811,349,a07a632204454ba5b186c74da4d62084,ohare_filtered_vid_349_sr_1.0,osrm,offline,batches,5.0,
59bcdcd7eda64279b6fe52752016b8d9,0.9051636127042895,0.9855412198333645,0.9436439106320363,0.05635608936796366,0.8933009617965424,0.11771654208744983,35,4,2,37,2272.6679386664696,234.6706049358906,32.86000611693872,349,02f77610ee2c48d7aa506cb661d9e8d9,ohare_filtered_vid_349_sr_1.0,osrm,offline,batches,10.0,
ee32ea7655fe426589a479c1fb1f5345,0.900662870377197,0.9855412198333645,0.9411923010209067,0.058807698979093326,0.888917130021257,0.12315742771075086,35,5,2,37,2272.6679386664696,247.03593124991818,32.86000611693872,349,9f94f943831c4abeb71812a97fdcfaab,ohare_filtered_vid_349_sr_1.0,osrm,offline,batches,30.0,
7b54344078814c0c81f08ab96b142247,1.0,0.8281209041480313,0.9059804548692744,0.09401954513072563,0.8281209041480311,0.17187909585196853,28,0,9,37,2272.6679386664696,0.0,390.6241104697499,349,7e834d30f33a4623a1a407e43b46a6b3,ohare_filtered_vid_349_sr_5.0,graphium,online,native,5.0,
42da7aee74a24ef7978c59274373aa41,1.0,0.9652223137297947,0.9823034340556612,0.01769656594433877,0.9652223137297946,0.034777686270205145,35,0,2,37,2272.6679386664696,0.0,79.0381325672963,349,297c156018cb4689bfe71e82299b867b,ohare_filtered_vid_349_sr_5.0,graphium,online,native,10.0,
beade4ac2a7343b182d181919e95cf25,1.0,0.9919563421547257,0.9959619306532725,0.0040380693467274575,0.9919563421547255,0.008043657845274166,36,0,1,37,2272.6679386664696,0.0,18.280563294557616,349,c6c53a0983a44a6a828394c62cdcf9be,ohare_filtered_vid_349_sr_5.0,graphium,online,native,30.0,
9f755f66d2b84df48ec8fb29c5945f33,1.0,0.9919563421547257,0.9959619306532725,0.0040380693467274575,0.9919563421547255,0.008043657845274166,36,0,1,37,2272.6679386664696,0.0,18.280563294557616,349,f403242bccb64167a9506fc1adda8a5d,ohare_filtered_vid_349_sr_5.0,barefoot,online,native,,
fe7d493945dd41ec86dea8b89ebcb83e,0.9936599294913744,0.8527334226748077,0.9178185478797427,0.08218145212025729,0.8481189047192708,0.15270746294849322,32,1,5,37,2272.6679386664696,12.365326314027568,334.6880287241108,349,a97ed11629434eee88c3da4ebd332482,ohare_filtered_vid_349_sr_5.0,graphhopper,offline,batches,5.0,50.0
6b18417ab173464fbadee9c0a7e84d97,0.9945096025515074,0.9855412198333645,0.9900051006307903,0.00999489936920972,0.9802080201089095,0.019899665789936342,35,1,2,37,2272.6679386664696,12.365326314027568,32.86000611693872,349,48f74c2a82024a87902018e3e7d681fd,ohare_filtered_vid_349_sr_5.0,graphhopper,offline,batches,10.0,50.0
e05405020e9c474caabf40e28add0e31,1.0,0.9919563421547257,0.9959619306532725,0.0040380693467274575,0.9919563421547255,0.008043657845274166,36,0,1,37,2272.6679386664696,0.0,18.280563294557616,349,9c43d831b81245dcaf62774dd5f38aed,ohare_filtered_vid_349_sr_5.0,graphhopper,offline,batches,30.0,50.0
aa83e999fabb4ba29eff3476bd59d85c,1.0,0.8020528222356837,0.8901546195972565,0.1098453804027435,0.8020528222356837,0.19794717776431614,28,0,9,37,2272.6679386664696,0.0,449.8682044544736,349,94510aeda19d494e9f8ca83e534da77d,ohare_filtered_vid_349_sr_5.0,osrm,offline,batches,5.0,
1c759848e78a4e378929668be3970a6b,1.0,0.9239253491706265,0.9604586264939188,0.03954137350608122,0.9239253491706265,0.0760746508293734,31,0,6,37,2272.6679386664696,0.0,172.89241988516346,349,523fe67c51ea471e85780fd2976f4b6c,ohare_filtered_vid_349_sr_5.0,osrm,offline,batches,10.0,
364e749747a346c98340969d4c4233c4,1.0,0.9239253491706265,0.9604586264939188,0.03954137350608122,0.9239253491706265,0.0760746508293734,31,0,6,37,2272.6679386664696,0.0,172.89241988516346,349,16572add625d428d81ce357c3a8992b1,ohare_filtered_vid_349_sr_5.0,osrm,offline,batches,30.0,
41b476bd9be540a499fc3ffc5761de61,1.0,0.7230131541978945,0.839242756140739,0.16075724385926105,0.7230131541978946,0.2769868458021054,26,0,11,37,2272.6679386664696,0.0,629.4991238867982,349,fbc4dcb1c26d460b802f5255b1c57b63,ohare_filtered_vid_349_sr_10.0,graphium,online,native,5.0,
3237776bd2c74bcfb339d896d35e4031,1.0,0.7230131541978945,0.839242756140739,0.16075724385926105,0.7230131541978946,0.2769868458021054,26,0,11,37,2272.6679386664696,0.0,629.4991238867982,349,9e5f934357b74c7eb105b7e044e58e7a,ohare_filtered_vid_349_sr_10.0,graphium,online,native,10.0,
45bd05ebeb3b49d9a88b61d4c5bd1c19,1.0,0.7230131541978945,0.839242756140739,0.16075724385926105,0.7230131541978946,0.2769868458021054,26,0,11,37,2272.6679386664696,0.0,629.4991238867982,349,7ae1fecfe1ee436098acd0f853eb6afa,ohare_filtered_vid_349_sr_10.0,graphium,online,native,30.0,
08cc801d29b04143ae08b2ea8a196728,1.0,0.9638514551111079,0.9815930350562859,0.018406964943714077,0.963851455111108,0.03614854488889208,35,0,2,37,2272.6679386664696,0.0,82.15363899843072,349,b8de9f24b17d408690e53a9a859b21d6,ohare_filtered_vid_349_sr_10.0,barefoot,online,native,,
bdfce10c8eb745428f99b86d2850ec4c,0.9814067249698334,0.6562463612597419,0.7865458168067809,0.21345418319321907,0.6481874863515459,0.3561865768606112,22,2,15,37,2272.6679386664696,28.255939849550945,781.2378735649204,349,96345839622c47e495dc96bef1d632cc,ohare_filtered_vid_349_sr_10.0,graphhopper,offline,batches,5.0,50.0
6327285e1eb64a779aa6f7a055fcd4d9,0.9821741376034605,0.6850333523614361,0.8071245434476394,0.1928754565523606,0.676620965763169,0.3273995857589169,24,2,13,37,2272.6679386664696,28.255939849550945,715.8146018374229,349,087ea7471be84e74bba51a351c382a40,ohare_filtered_vid_349_sr_10.0,graphhopper,offline,batches,10.0,50.0
f66e623c576a4243814c787f5a4e2f98,1.0,0.7117673807863671,0.8316169460588612,0.16838305394113884,0.7117673807863671,0.28823261921363275,25,0,12,37,2272.6679386664696,0.0,655.0570325646842,349,7e847b08bdc0423f89757fe734237001,ohare_filtered_vid_349_sr_10.0,graphhopper,offline,batches,30.0,50.0
c43bbd0cfbdf49b180da06a4fae1419a,1.0,0.6268787545832462,0.7706520880147977,0.22934791198520232,0.626878754583246,0.37312124541675373,20,0,17,37,2272.6679386664696,0.0,847.9806916939596,349,24290eb6a7194264b601167fc7eb33b1,ohare_filtered_vid_349_sr_10.0,osrm,offline,batches,5.0,
b05912b41eec4cdb9da2efc12786ead1,1.0,0.6268787545832462,0.7706520880147977,0.22934791198520232,0.626878754583246,0.37312124541675373,20,0,17,37,2272.6679386664696,0.0,847.9806916939596,349,035e703ebb804718bbd08d18677fc5d9,ohare_filtered_vid_349_sr_10.0,osrm,offline,batches,10.0,
b19f15eff0cc4671be589d38c36cd733,1.0,0.6268787545832462,0.7706520880147977,0.22934791198520232,0.626878754583246,0.37312124541675373,20,0,17,37,2272.6679386664696,0.0,847.9806916939596,349,989f7d81995d4585a148b51f597cb9f2,ohare_filtered_vid_349_sr_10.0,osrm,offline,batches,30.0,
09113046da7e4a1382dd672d285737ad,1.0,0.8500649792519591,0.9189568893906286,0.08104311060937142,0.8500649792519592,0.14993502074804077,32,0,5,37,2272.6679386664696,0.0,340.75251453736416,349,6b8e662475544948afb21eb3cbdfdbda,ohare_filtered_vid_349_sr_20.0,graphium,online,native,5.0,
4b95152c0d134d678ab2cd96bbc15a31,1.0,0.8500649792519591,0.9189568893906286,0.08104311060937142,0.8500649792519592,0.14993502074804077,32,0,5,37,2272.6679386664696,0.0,340.75251453736416,349,f1d5fe2a37bb40ccb599f5ddede044ff,ohare_filtered_vid_349_sr_20.0,graphium,online,native,10.0,
135bc6d4ca1144bea974381f6ada694e,1.0,0.8500649792519591,0.9189568893906286,0.08104311060937142,0.8500649792519592,0.14993502074804077,32,0,5,37,2272.6679386664696,0.0,340.75251453736416,349,8fbc3a1d7e334c768cae0058fbbbb2a6,ohare_filtered_vid_349_sr_20.0,graphium,online,native,30.0,
15f8c42842a24ad1ba18311a06bae89d,1.0,0.8739833333571635,0.9327546492011308,0.06724535079886917,0.8739833333571637,0.12601666664283645,34,0,3,37,2272.6679386664696,0.0,286.39403801679475,349,bc5c6bd1336e43dfbe5becae82e917bd,ohare_filtered_vid_349_sr_20.0,barefoot,online,native,,
135592f4adb540459b1a333e856f40c1,0.9708210303939688,0.6359833081136914,0.7685141939182726,0.23148580608172742,0.6240544471750656,0.3831317883216027,19,1,18,37,2272.6679386664696,43.44226681301122,827.2890647894438,349,9664d788464c43d8a10231ba1cc33ae9,ohare_filtered_vid_349_sr_20.0,graphhopper,offline,batches,5.0,50.0
6b64a79dc31d469fbdd6e367e9430cff,1.0,0.8024001972054412,0.8903685190997368,0.1096314809002632,0.8024001972054411,0.19759980279455855,28,0,9,37,2272.6679386664696,0.0,449.0787364980103,349,c2027a0f24fe4dd6bd9e2ad452cc93ec,ohare_filtered_vid_349_sr_20.0,graphhopper,offline,batches,10.0,50.0
6fc14dded102410e9bf13e0c47129605,1.0,0.8500649792519591,0.9189568893906286,0.08104311060937142,0.8500649792519592,0.14993502074804077,32,0,5,37,2272.6679386664696,0.0,340.75251453736416,349,43c680bf8a91427a9f02fc043876f68a,ohare_filtered_vid_349_sr_20.0,graphhopper,offline,batches,30.0,50.0
0ba0ec78a3e8441eb3afa01078ffc46a,1.0,0.5720991423218246,0.7278156026176498,0.27218439738235023,0.5720991423218246,0.4279008576781751,15,0,22,37,2272.6679386664696,0.0,972.4765601730726,349,3615ee8f18214e698d20f6a05425a5cb,ohare_filtered_vid_349_sr_20.0,osrm,offline,batches,5.0,
57646ae3e1ac40d1b1a13facaefb1f0f,1.0,0.638879307853625,0.7796538827381252,0.2203461172618748,0.6388793078536251,0.36112069214637466,18,0,19,37,2272.6679386664696,0.0,820.70741903011,349,192c4f2e6d1b4c39a6761ce1795367ce,ohare_filtered_vid_349_sr_20.0,osrm,offline,batches,10.0,
5fba9aaa05c04dd2be167a608bcb340b,1.0,0.638879307853625,0.7796538827381252,0.2203461172618748,0.6388793078536251,0.36112069214637466,18,0,19,37,2272.6679386664696,0.0,820.70741903011,349,744b831cc94f40ae91e2bf1af6221605,ohare_filtered_vid_349_sr_20.0,osrm,offline,batches,30.0,
3c5d3d2ce90f456eaf6f5df05d450b35,1.0,0.9529375638278983,0.9759017200325361,0.024098279967463943,0.9529375638278985,0.047062436172101645,27,0,5,32,2202.5543405377134,0.0,103.65757306714157,1356,5961ec200aa44790badc6a4fa814620c,ohare_filtered_vid_1356_sr_1.0,graphium,online,native,5.0,
eb22881ba615418489efea0342129b1a,0.770961947922078,0.8101921251670274,0.7900903645519671,0.20990963544803287,0.6530160116126312,0.43050046239487266,23,5,9,32,2202.5543405377134,530.138503469717,418.0621585816025,1356,cea0f3a556304cd0896a74c29421bc1c,ohare_filtered_vid_1356_sr_1.0,graphium,online,native,10.0,
f34bedf0dbb04b2ca94cfe681b5ecb76,1.0,0.9748841208679254,0.9872823529914067,0.012717647008593347,0.9748841208679254,0.02511587913207459,31,0,1,32,2202.5543405377134,0.0,55.31908859877147,1356,30b7ee30053a41b5b993049ca248ff89,ohare_filtered_vid_1356_sr_1.0,graphium,online,native,30.0,
8b22b18568e244aa9862ba3dd75eac0d,0.8939247110312795,0.8988018937584601,0.8963566681118478,0.10364333188815222,0.8121796618644258,0.20785213362162172,28,5,4,32,2202.5543405377134,234.9112909418273,222.89432815650042,1356,f3b8ca3805164a7da28a7ef6f54534d1,ohare_filtered_vid_1356_sr_1.0,barefoot,online,native,,
476c8f6f99064bf6a17793f3ce7aede0,0.7451655648110682,0.983324483872142,0.8478377355719796,0.1521622644280204,0.7358666064218657,0.3529564062929038,31,19,1,32,2202.5543405377134,740.6769342729077,36.72873042812023,1356,ef7b037582124d45b4b73a74f0b7066c,ohare_filtered_vid_1356_sr_1.0,graphhopper,offline,batches,5.0,50.0
0c915b1f20914b2a8558b7f0227cc12c,0.7389676685307947,0.9667972196030866,0.8376674795947301,0.1623325204052699,0.720678002971698,0.37471343510889626,29,18,3,32,2202.5543405377134,752.195774875754,73.1309280811423,1356,db6e47045baa443191c864b71080b45b,ohare_filtered_vid_1356_sr_1.0,graphhopper,offline,batches,10.0,50.0
bb4f9242c35649c2bc5983ff4399edfe,0.8038968015223558,0.9667972196030866,0.8778537491933711,0.12214625080662889,0.7822988746452134,0.26904403102065605,29,16,3,32,2202.5543405377134,519.4531702391669,73.1309280811423,1356,9517ce3399b44cb49380fdffe576117a,ohare_filtered_vid_1356_sr_1.0,graphhopper,offline,batches,30.0,50.0
568e8cf475c24507af4c43ea396879a0,1.0,0.9966648463295986,0.9983296377073336,0.001670362292666372,0.9966648463295988,0.003335153670401375,31,0,1,32,2202.5543405377134,0.0,7.345857193102835,1356,98b4bb910a2643c5845579ed7d193216,ohare_filtered_vid_1356_sr_1.0,osrm,offline,batches,10.0,
8c189083aa4a493c8f7eca6c4f087304,1.0,0.9966648463295986,0.9983296377073336,0.001670362292666372,0.9966648463295988,0.003335153670401375,31,0,1,32,2202.5543405377134,0.0,7.345857193102835,1356,20b07da8a967495f93cd48b8c7e89b5a,ohare_filtered_vid_1356_sr_1.0,osrm,offline,batches,30.0,
216651735b7f476b9651cbf29089a969,1.0,1.0,1.0,0.0,1.0,0.0,32,0,0,32,2202.5543405377134,0.0,0.0,1356,c87b227298c244938e7d466a305535b1,ohare_filtered_vid_1356_sr_5.0,graphium,online,native,5.0,
c8126187040b460bb9596ac21bbe49ff,1.0,1.0,1.0,0.0,1.0,0.0,32,0,0,32,2202.5543405377134,0.0,0.0,1356,b1862b73ab7d4a9299b9a96fc288831f,ohare_filtered_vid_1356_sr_5.0,graphium,online,native,10.0,
1ce5c92a16ee4b8880d68601eff59ef5,1.0,1.0,1.0,0.0,1.0,0.0,32,0,0,32,2202.5543405377134,0.0,0.0,1356,6ab6a292ea094e7f818a24cbc31a3d45,ohare_filtered_vid_1356_sr_5.0,graphium,online,native,30.0,
c295bacd4aa84cfcb1561b25a50a5292,1.0,1.0,1.0,0.0,1.0,0.0,32,0,0,32,2202.5543405377134,0.0,0.0,1356,f380a90f56bc45afa0433f0c3e2c5f41,ohare_filtered_vid_1356_sr_5.0,barefoot,online,native,,
9bfc5854353049c6a4db8dc792150f67,0.8582456148474219,0.9328435102548364,0.8939910815095595,0.10600891849044047,0.8083036823335403,0.22123203170206057,28,3,4,32,2202.5543405377134,339.3597537078641,147.91581798348642,1356,405288d2ef0c46aa961f3fe47d6e2776,ohare_filtered_vid_1356_sr_5.0,graphhopper,offline,batches,5.0,50.0
533e6dcb33be431f9ee68656a0f45fdd,1.0,1.0,1.0,0.0,1.0,0.0,32,0,0,32,2202.5543405377134,0.0,0.0,1356,cf7e4fdc107849429b07536232bd0010,ohare_filtered_vid_1356_sr_5.0,graphhopper,offline,batches,10.0,50.0
3a046b86830c4fe28038c9fcd055455b,1.0,1.0,1.0,0.0,1.0,0.0,32,0,0,32,2202.5543405377134,0.0,0.0,1356,56fcc14fd2b14781aa0e92d7e00352f2,ohare_filtered_vid_1356_sr_5.0,graphhopper,offline,batches,30.0,50.0
7d7d2a6fe3994b908c6afa69ba860dd6,1.0,0.9648944427286485,0.9821336166931185,0.017866383306881506,0.9648944427286483,0.03510555727135164,28,0,4,32,2202.5543405377134,0.0,77.32189754501084,1356,bdeacdcdac8f47da8aa9656ca74e1332,ohare_filtered_vid_1356_sr_5.0,osrm,offline,batches,5.0,
985fbb4ddd9c48e9928d9797f9160aa3,1.0,0.9648944427286485,0.9821336166931185,0.017866383306881506,0.9648944427286483,0.03510555727135164,28,0,4,32,2202.5543405377134,0.0,77.32189754501084,1356,b565f867ab544fb1b4102b2294763e7a,ohare_filtered_vid_1356_sr_5.0,osrm,offline,batches,10.0,
1472b0cbcf2447cbb900811ced51a9a3,1.0,0.9648944427286485,0.9821336166931185,0.017866383306881506,0.9648944427286483,0.03510555727135164,28,0,4,32,2202.5543405377134,0.0,77.32189754501084,1356,ddee8c516d4547a388f13a69e11684cd,ohare_filtered_vid_1356_sr_5.0,osrm,offline,batches,30.0,
cee26e5d80274fbd92a43910997785f7,1.0,0.9702674882876405,0.9849094034748551,0.015090596525144884,0.9702674882876408,0.029732511712359626,31,0,1,32,2202.5543405377134,0.0,65.4874727271461,1356,173364859f0745c8a992c6cdf126689e,ohare_filtered_vid_1356_sr_10.0,graphium,online,native,5.0,
405e7cce71c949e59dafef91b0b61697,1.0,1.0,1.0,0.0,1.0,0.0,32,0,0,32,2202.5543405377134,0.0,0.0,1356,ba21b6d84c964b9e92a75ccac4a500cd,ohare_filtered_vid_1356_sr_10.0,graphium,online,native,10.0,
1452f99672f64822b5dbd9f3ce0847ca,1.0,1.0,1.0,0.0,1.0,0.0,32,0,0,32,2202.5543405377134,0.0,0.0,1356,c646d213a9df4ba99fcd314002c47657,ohare_filtered_vid_1356_sr_10.0,graphium,online,native,30.0,
17f524de8bbe4ae5a0653ce6e729cdf2,1.0,1.0,1.0,0.0,1.0,0.0,32,0,0,32,2202.5543405377134,0.0,0.0,1356,1462eb0dc062481d9c8663845daf48e6,ohare_filtered_vid_1356_sr_10.0,barefoot,online,native,,
aaa408e14a1246f299f829b801748d5b,0.88788197682169,0.9169624695842421,0.9021879439937531,0.09781205600624687,0.821805462107823,0.19882771661426973,26,2,6,32,2202.5543405377134,255.03417720320255,182.89467304475968,1356,207f9cda9ab645c7b4df297e8fc07a40,ohare_filtered_vid_1356_sr_10.0,graphhopper,offline,batches,5.0,50.0
2e302e41cb0a4d0b84f18a84fd6dccd1,1.0,0.9675916950603504,0.9835289480937479,0.016471051906252088,0.9675916950603504,0.032408304939649725,28,0,4,32,2202.5543405377134,0.0,71.38105271429532,1356,028a18ae0a3b44bb94f4eefef5945925,ohare_filtered_vid_1356_sr_10.0,graphhopper,offline,batches,10.0,50.0
1d47cdbad96a46c28e1f36849b044b9b,1.0,1.0,1.0,0.0,1.0,0.0,32,0,0,32,2202.5543405377134,0.0,0.0,1356,3e10197042934f96ba7015c14f8aceca,ohare_filtered_vid_1356_sr_10.0,graphhopper,offline,batches,30.0,50.0
ad97d8aa3f3640e4aa278aac21fd143b,1.0,0.8833238259921556,0.9380477364553182,0.06195226354468175,0.8833238259921556,0.11667617400784427,22,0,10,32,2202.5543405377134,0.0,256.98561349831095,1356,5e5748616e2e43a089105b16c948996c,ohare_filtered_vid_1356_sr_10.0,osrm,offline,batches,5.0,
5d25a74da16c46ceac370cd505d7695e,1.0,0.8833238259921556,0.9380477364553182,0.06195226354468175,0.8833238259921556,0.11667617400784427,22,0,10,32,2202.5543405377134,0.0,256.98561349831095,1356,ba03f96ea55542579349b40bb4450b08,ohare_filtered_vid_1356_sr_10.0,osrm,offline,batches,10.0,
7ff8de9a135b453bb547967ebfc39a29,1.0,0.8939852135211971,0.944025546914537,0.055974453085463005,0.8939852135211969,0.10601478647880279,23,0,9,32,2202.5543405377134,0.0,233.50332812006596,1356,d76aea7ac74f4433953443a1b00bd75b,ohare_filtered_vid_1356_sr_10.0,osrm,offline,batches,30.0,
20b06ec1f9884f51b53e2f90e784177e,1.0,1.0,1.0,0.0,1.0,0.0,32,0,0,32,2202.5543405377134,0.0,0.0,1356,399c5ddaeee545cabc0a9284b409ade5,ohare_filtered_vid_1356_sr_20.0,graphium,online,native,5.0,
d4d39635b6c84c91a4ce602394676bc8,1.0,1.0,1.0,0.0,1.0,0.0,32,0,0,32,2202.5543405377134,0.0,0.0,1356,3111c82aa5184d0b945b316e5b5aa662,ohare_filtered_vid_1356_sr_20.0,graphium,online,native,10.0,
3c19c53ba01b4d95b4080ec98bd1ffe7,1.0,1.0,1.0,0.0,1.0,0.0,32,0,0,32,2202.5543405377134,0.0,0.0,1356,a1eb2342d04c4ed98b7fdba0c9d0f647,ohare_filtered_vid_1356_sr_20.0,graphium,online,native,30.0,
7647e42d854a4edab849652bdd0a7173,1.0,1.0,1.0,0.0,1.0,0.0,32,0,0,32,2202.5543405377134,0.0,0.0,1356,958c97a142ff4b928be4f2e9202c38d0,ohare_filtered_vid_1356_sr_20.0,barefoot,online,native,,
05ba4a49e26b481e80ce7afc514e83a6,0.747992301707536,0.7433434420798262,0.745660626075317,0.254339373924683,0.5944648167602612,0.5070979988971689,22,7,10,32,2202.5543405377134,551.6108828744,565.3000156745478,1356,48f818a9fb054ec6a53958d9f9d66d29,ohare_filtered_vid_1356_sr_20.0,graphhopper,offline,batches,5.0,50.0
de6ad1446b8541c180a5d07ac738ad4c,0.6530255355340797,0.7268161778107707,0.6879477829368852,0.3120522170631148,0.5243295762090787,0.6593657405652196,20,8,12,32,2202.5543405377134,850.5866605562182,601.7022133275699,1356,aae700aaf81a44c48f7ad8fca8172769,ohare_filtered_vid_1356_sr_20.0,graphhopper,offline,batches,10.0,50.0
afde557725c1451b831e7b8f056cfe35,0.6628428844153368,0.7592244827504203,0.7077675188736287,0.29223248112637135,0.5477091229410243,0.6269574356255698,24,8,8,32,2202.5543405377134,850.5866605562182,530.3211606132745,1356,cf631671862d4fcd9388be83a0816ae7,ohare_filtered_vid_1356_sr_20.0,graphhopper,offline,batches,30.0,50.0
2555de8613b1416da79ee8bdd1e42ad6,1.0,0.8758030158627543,0.9337899645714544,0.06621003542854564,0.8758030158627546,0.12419698413724561,21,0,11,32,2202.5543405377134,0.0,273.55060649318386,1356,2349ff3122564276a131e1385eecf2bf,ohare_filtered_vid_1356_sr_20.0,osrm,offline,batches,5.0,
e593e8b84d684af0830950be244b5476,1.0,0.8758030158627543,0.9337899645714544,0.06621003542854564,0.8758030158627546,0.12419698413724561,21,0,11,32,2202.5543405377134,0.0,273.55060649318386,1356,e3a2755e7da44ae4899fa4779d403d1c,ohare_filtered_vid_1356_sr_20.0,osrm,offline,batches,10.0,
84882580421a47479952261bab2a85b5,1.0,0.8864644033917958,0.939815669776715,0.060184330223284954,0.8864644033917956,0.11353559660820413,22,0,10,32,2202.5543405377134,0.0,250.0683211149389,1356,52d6166b670949f685e5133237ce23ee,ohare_filtered_vid_1356_sr_20.0,osrm,offline,batches,30.0,
022f4bb9114d4b8dae24c5070d62d0c2,1.0,0.8438057030997151,0.9152870084750803,0.08471299152491973,0.8438057030997151,0.15619429690028483,26,0,13,39,2241.25059474336,0.0,350.0705608232843,495,72e4f37ba4da405e87133d07e5261330,ohare_filtered_vid_495_sr_1.0,graphium,online,native,5.0,
b535b419973945409c6176c3ad1fd5d0,1.0,0.9810574996001096,0.9904381874813255,0.009561812518674495,0.9810574996001098,0.018942500399890462,36,0,3,39,2241.25059474336,0.0,42.45489028718084,495,73f69159ee0a4fc788ae50085b3ae58d,ohare_filtered_vid_495_sr_1.0,graphium,online,native,10.0,
28780ec3d22b4f3d9fd55f88ab20bb1a,1.0,0.9960458192993418,0.9980189930198866,0.0019810069801133867,0.9960458192993416,0.003954180700658217,38,0,1,39,2241.25059474336,0.0,8.862309847072945,495,88dade0edd7b4094a755a6e97ecba1f0,ohare_filtered_vid_495_sr_1.0,graphium,online,native,30.0,
54787d701a78436997b2c6310b551194,0.9442362682674108,1.0,0.9713184386883789,0.02868156131162114,0.9442362682674106,0.05905696869165042,39,6,0,39,2241.25059474336,132.3614662039015,0.0,495,232405cbde294d62b625a53d473d2f6b,ohare_filtered_vid_495_sr_1.0,barefoot,online,native,,
8c27f08bb1a5404b97410d3e2bd715c2,0.8527361008154763,0.9582138540398659,0.9024032314648861,0.0975967685351139,0.822162799066237,0.20726560468551972,36,13,3,39,2241.25059474336,370.88093528607965,93.65322448518359,495,41e1406ac6c247759e2b1b5e748ed81e,ohare_filtered_vid_495_sr_1.0,graphhopper,offline,batches,5.0,50.0
84fd079afd8e4161879e82abb7b7a42d,0.7865232192878822,0.9614914247007871,0.865250566720375,0.13474943327962496,0.7625036341456009,0.29947492568015976,37,12,2,39,2241.25059474336,584.8909879993009,86.30736729208074,495,dee3fd519ce44ff38a73be2b9884e1ca,ohare_filtered_vid_495_sr_1.0,graphhopper,offline,batches,10.0,50.0
f159e7c470db4bf3a41320e2b7359d86,0.8111742843299949,1.0,0.8957440389344656,0.10425596106553436,0.8111742843299949,0.23278069746253005,39,10,0,39,2241.25059474336,521.7198766326696,0.0,495,17dd87e7d16141e78c0388a9bd73ba8b,ohare_filtered_vid_495_sr_1.0,graphhopper,offline,batches,30.0,50.0
41490c5daa514dc0b2bbf753e676fc8d,0.9744077166698191,0.9614914247007871,0.9679064820257071,0.03209351797429294,0.9378088953852101,0.0637616193171517,37,2,2,39,2241.25059474336,56.59839992428524,86.30736729208074,495,533d053321cf4f2eabad53600b0b4c44,ohare_filtered_vid_495_sr_1.0,osrm,offline,batches,10.0,
f6ed729cab20476699fb40d87c6024f6,0.994164259293267,1.0,0.9970735907638817,0.0029264092361183103,0.9941642592932672,0.005869996484164009,39,1,0,39,2241.25059474336,13.156133111274018,0.0,495,a31f06d39524403ca080ff3f3fe98229,ohare_filtered_vid_495_sr_1.0,osrm,offline,batches,30.0,
511413d69ad84f5ca9b60476066a20a2,1.0,0.8332274819575382,0.9090279195114506,0.09097208048854943,0.8332274819575382,0.16677251804246185,31,0,8,39,2241.25059474336,0.0,373.77900524951536,495,1c032af9164448bf906e36c34adf82ce,ohare_filtered_vid_495_sr_5.0,graphium,online,native,5.0,
c781d5f33bda4b0d92210a0d0c83e61b,1.0,0.8711671911982258,0.9311484246796383,0.06885157532036168,0.8711671911982258,0.12883280880177422,33,0,6,39,2241.25059474336,0.0,288.7466093494341,495,4940551c66e241b48c17d61eff12e716,ohare_filtered_vid_495_sr_5.0,graphium,online,native,10.0,
d7b35e5576f042ca8c06ef7a54b6c4a0,1.0,0.9614914247007871,0.9803677065245966,0.019632293475403406,0.9614914247007869,0.03850857529921306,37,0,2,39,2241.25059474336,0.0,86.30736729208074,495,48f614acb3c54d668e5d7ca86924dfcf,ohare_filtered_vid_495_sr_5.0,graphium,online,native,30.0,
4f7631e93c7e463b91ba0fc5ee4e3457,0.9931360118977479,0.9614914247007871,0.9770575620926891,0.022942437907310875,0.9551442250176944,0.045153854113493874,37,1,2,39,2241.25059474336,14.893735094742322,86.30736729208074,495,e1197d02d472494d9ea679dd70853077,ohare_filtered_vid_495_sr_5.0,barefoot,online,native,,
c34a10ab4983432498d6ef8880d99e81,0.932020283856284,0.8943003370168467,0.9127707856255031,0.08722921437449693,0.8395385016862675,0.1709281608073587,31,7,8,39,2241.25059474336,146.19340954271627,236.89943252516514,495,be2c9207515b4b14a8e97b824ecc49f9,ohare_filtered_vid_495_sr_5.0,graphhopper,offline,batches,5.0,50.0
4bf8762d8a054fa79a2117286c82cfa6,0.9939319510209808,0.9614914247007871,0.977442593259429,0.02255740674057105,0.955880410054486,0.04437857178337707,37,1,2,39,2241.25059474336,13.156133111274018,86.30736729208074,495,8d3e2117140340a8b16276f160b9e389,ohare_filtered_vid_495_sr_5.0,graphhopper,offline,batches,10.0,50.0
b94af14c9ca843fd862908cb8249d89d,1.0,0.9614914247007871,0.9803677065245966,0.019632293475403406,0.9614914247007869,0.03850857529921306,37,0,2,39,2241.25059474336,0.0,86.30736729208074,495,2f4c287ca019488080fb825c0f940d97,ohare_filtered_vid_495_sr_5.0,graphhopper,offline,batches,30.0,50.0
fb3b8d10869841d6b5d4052176a0b83f,0.9785269724549134,0.883286475572651,0.9284707247851833,0.07152927521481667,0.8664912347812864,0.1360965719611236,29,1,10,39,2241.25059474336,43.44226681301122,261.5842560373896,495,cec113397eb246cdb82f166c73739544,ohare_filtered_vid_495_sr_5.0,osrm,offline,batches,5.0,
ad6d9da7f131498fbd5e651ff419074f,1.0,0.8909221990693537,0.9423150243916272,0.057684975608372824,0.8909221990693537,0.10907780093064637,30,0,9,39,2241.25059474336,0.0,244.470686209109,495,3e3acc812cfc4d5b913d1fe288185954,ohare_filtered_vid_495_sr_5.0,osrm,offline,batches,10.0,
27ad555eacb54e7a8a55b76037ac8f3f,1.0,0.8909221990693537,0.9423150243916272,0.057684975608372824,0.8909221990693537,0.10907780093064637,30,0,9,39,2241.25059474336,0.0,244.470686209109,495,b5ddc052ef764cf4b1a95221fc86fde5,ohare_filtered_vid_495_sr_5.0,osrm,offline,batches,30.0,
706cc47c8eb24245bc2000221fc6e7a8,1.0,0.8711671911982258,0.9311484246796383,0.06885157532036168,0.8711671911982258,0.12883280880177422,33,0,6,39,2241.25059474336,0.0,288.7466093494341,495,ecbec04c51494e76bd9b8515f93c4117,ohare_filtered_vid_495_sr_10.0,graphium,online,native,5.0,
b27e3d4c7ec24017a0de2bb8093de70a,1.0,0.9011910104822354,0.9480278472952058,0.05197215270479416,0.9011910104822352,0.09880898951776464,34,0,5,39,2241.25059474336,0.0,221.45570652268043,495,4b6ea545070b44ed89ed1b1848e1f9ca,ohare_filtered_vid_495_sr_10.0,graphium,online,native,10.0,
d84b3662fe164c4e96191c8864725d15,1.0,0.9011910104822354,0.9480278472952058,0.05197215270479416,0.9011910104822352,0.09880898951776464,34,0,5,39,2241.25059474336,0.0,221.45570652268043,495,ef73b6f171104c57b2bc85b18fa732ef,ohare_filtered_vid_495_sr_10.0,graphium,online,native,30.0,
09f9f21e779348b7a67aa2b8d5893c91,1.0,0.9178002029299392,0.9571384980852129,0.042861501914787103,0.9178002029299391,0.08219979707006088,35,0,4,39,2241.25059474336,0.0,184.23034407105746,495,3e93db753e724a9dae788c89c62209d3,ohare_filtered_vid_495_sr_10.0,barefoot,online,native,,
80c1fb52d09c4b968eba986bf18ebcf7,1.0,0.8597637770785241,0.9245946046213617,0.07540539537863833,0.8597637770785241,0.14023622292147578,32,0,7,39,2241.25059474336,0.0,314.30451802732,495,5baaaa9976f140db9c0e6f4758b73982,ohare_filtered_vid_495_sr_10.0,graphhopper,offline,batches,5.0,50.0
7b76daf2e91447beaef793b13f096b57,1.0,0.9011910104822354,0.9480278472952058,0.05197215270479416,0.9011910104822352,0.09880898951776464,34,0,5,39,2241.25059474336,0.0,221.45570652268043,495,123b8480418e4bba9637a6cad9e55de0,ohare_filtered_vid_495_sr_10.0,graphhopper,offline,batches,10.0,50.0
69f530c1610a40f8b20b82afe7308878,1.0,0.9011910104822354,0.9480278472952058,0.05197215270479416,0.9011910104822352,0.09880898951776464,34,0,5,39,2241.25059474336,0.0,221.45570652268043,495,f606e3da2ee8459a9505c6d028f72b0c,ohare_filtered_vid_495_sr_10.0,graphhopper,offline,batches,30.0,50.0
de70f7763f244f42b3277a4a27390c31,1.0,0.6987509304639622,0.8226643681933049,0.1773356318066951,0.6987509304639622,0.3012490695360377,21,0,18,39,2241.25059474336,0.0,675.1746562635284,495,98c447c0bdef495cb0d769e34139a478,ohare_filtered_vid_495_sr_10.0,osrm,offline,batches,5.0,
e150c48b571447e38e33e91a234d3996,1.0,0.7453839421956756,0.8541203160812744,0.14587968391872563,0.7453839421956756,0.25461605780432445,23,0,16,39,2241.25059474336,0.0,570.6583909851519,495,0b9b4554431048fda77185a29cb567b4,ohare_filtered_vid_495_sr_10.0,osrm,offline,batches,10.0,
c8080705f12e4756900b2d30df8bd37e,1.0,0.7453839421956756,0.8541203160812744,0.14587968391872563,0.7453839421956756,0.25461605780432445,23,0,16,39,2241.25059474336,0.0,570.6583909851519,495,f9a6f07ac11d48709776d92254bfd799,ohare_filtered_vid_495_sr_10.0,osrm,offline,batches,30.0,
81a4df09548b454a84607d86b73c0fd6,1.0,0.8711671911982258,0.9311484246796383,0.06885157532036168,0.8711671911982258,0.12883280880177422,33,0,6,39,2241.25059474336,0.0,288.7466093494341,495,c7970b096a9b45fab3f30d820956960e,ohare_filtered_vid_495_sr_20.0,graphium,online,native,5.0,
cf0034bf2d394af084a2035c88f09b07,1.0,0.8711671911982258,0.9311484246796383,0.06885157532036168,0.8711671911982258,0.12883280880177422,33,0,6,39,2241.25059474336,0.0,288.7466093494341,495,eb57f8b01b2d4248aa634bcae85272ec,ohare_filtered_vid_495_sr_20.0,graphium,online,native,10.0,
4280561d6083429b94c818c83a0d4226,1.0,0.8711671911982258,0.9311484246796383,0.06885157532036168,0.8711671911982258,0.12883280880177422,33,0,6,39,2241.25059474336,0.0,288.7466093494341,495,0cad0c4b5ea2453d88b5911812fe8f87,ohare_filtered_vid_495_sr_20.0,graphium,online,native,30.0,
7c2b8f9b155e4f4bb7e2d0bb1846b4c3,1.0,0.9011910104822354,0.9480278472952058,0.05197215270479416,0.9011910104822352,0.09880898951776464,34,0,5,39,2241.25059474336,0.0,221.45570652268043,495,7d7039f49bbf468caa3b8d21d8dd4704,ohare_filtered_vid_495_sr_20.0,barefoot,online,native,,
0d4884b5cbe143668572375cc0479ef4,1.0,0.7451683644989474,0.8539787675017723,0.14602123249822774,0.7451683644989474,0.2548316355010527,26,0,13,39,2241.25059474336,0.0,571.1415546261576,495,43f3f8f4877f46e28efd6c19a46a5591,ohare_filtered_vid_495_sr_20.0,graphhopper,offline,batches,5.0,50.0
2f81383c01ce487bba5fdff0c7424df8,1.0,0.8597637770785241,0.9245946046213617,0.07540539537863833,0.8597637770785241,0.14023622292147578,32,0,7,39,2241.25059474336,0.0,314.30451802732,495,a6067d8eec964b4ba606ce12a4b59e23,ohare_filtered_vid_495_sr_20.0,graphhopper,offline,batches,10.0,50.0
db7d307da25c4927be1c81946e82a3f5,1.0,0.8597637770785241,0.9245946046213617,0.07540539537863833,0.8597637770785241,0.14023622292147578,32,0,7,39,2241.25059474336,0.0,314.30451802732,495,f8997a84c67048998abc330a28e25918,ohare_filtered_vid_495_sr_20.0,graphhopper,offline,batches,30.0,50.0
f4f4b2fba1ef4ff08f85b8cd182ce901,1.0,0.5510769853622208,0.710573350727048,0.28942664927295203,0.5510769853622208,0.44892301463777906,14,0,25,39,2241.25059474336,0.0,1006.1489735509045,495,5e4ed1e9c21a44c4adc37aec45dcb176,ohare_filtered_vid_495_sr_20.0,osrm,offline,batches,5.0,
730ed36a93e14c65b21445d25ac2dda0,1.0,0.6851563959851515,0.8131665376786651,0.1868334623213349,0.6851563959851515,0.31484360401484857,20,0,19,39,2241.25059474336,0.0,705.6434147494223,495,762b2cf2805e422f9f743ce391494f73,ohare_filtered_vid_495_sr_20.0,osrm,offline,batches,10.0,
f85bdba1daa242c582fd17155c822c43,1.0,0.6851563959851515,0.8131665376786651,0.1868334623213349,0.6851563959851515,0.31484360401484857,20,0,19,39,2241.25059474336,0.0,705.6434147494223,495,122d1bf0710644fabbacc84725bc1748,ohare_filtered_vid_495_sr_20.0,osrm,offline,batches,30.0,
5d27f9d4e6014f468a3185054b7aa64d,0.9566233589454588,0.8203139179555722,0.8832404675002782,0.11675953249972182,0.7908958390740205,0.2168819774179505,34,3,12,46,3203.2422916188902,119.14746513509971,575.5780572200124,479,c68995ebb9c04cf68bb0c3dd63c1b1b7,ohare_filtered_vid_479_sr_1.0,graphium,online,native,5.0,
269d7d40fd814c6fa017781dc29d7182,0.9533220276825474,0.9493761971033728,0.9513450209456784,0.04865497905432159,0.907204981569441,0.09710857358315565,43,3,3,46,3203.2422916188902,148.90198337929456,162.16030640105458,479,2b8293c0d4024da1bfd0821772ace6bf,ohare_filtered_vid_479_sr_1.0,graphium,online,native,10.0,
4e268047540e48f7b3e4e45421080076,0.9857973928960895,0.9642578006860981,0.9749086375857083,0.025091362414291662,0.9510456075735598,0.04963448061705289,44,2,2,46,3203.2422916188902,44.50034299732005,114.49092443776183,479,518f1368f3ed4bf7ab2e5573612b3835,ohare_filtered_vid_479_sr_1.0,graphium,online,native,30.0,
54428074460d496ea2ba9817ea6dab51,0.8195247318940135,1.0,0.9008118631516908,0.09918813684830918,0.8195247318940136,0.2202194285081406,46,16,0,46,3203.2422916188902,705.4161868334187,0.0,479,a5c60a5c7cce456c9622ed4a9b6fab86,ohare_filtered_vid_479_sr_1.0,barefoot,online,native,,
ca1148ba6fc246249b0bde547ab04f66,0.6360121642977955,0.9575678613515487,0.7643479438217072,0.23565205617829277,0.6185786200896503,0.5904453260631225,44,29,2,46,3203.2422916188902,1755.4190182915447,135.92042104255492,479,2e1faed79d66486b9ec26cf83e295859,ohare_filtered_vid_479_sr_1.0,graphhopper,offline,batches,5.0,50.0
74e2a47839364e26a160d4111306eef1,0.6616376739979467,0.9609895846243379,0.7837005204102859,0.21629947958971407,0.6443318718467643,0.5304616792561515,44,28,2,46,3203.2422916188902,1574.2374727315394,124.95981234494015,479,6900e099ecc244de87197873b56eb9d2,ohare_filtered_vid_479_sr_1.0,graphhopper,offline,batches,10.0,50.0
71b83eef5ade4818828839b04dea7298,0.6398409589369164,0.7392069469374434,0.6859440919587243,0.3140559080412757,0.5220052569766144,0.676884054173987,37,28,9,46,3203.2422916188902,1332.8402919221774,835.3833369303902,479,f2d289b5f74642308fd96970e5bddd26,ohare_filtered_vid_479_sr_1.0,graphhopper,offline,batches,30.0,50.0
32b2f1931add4f4fa7ec71b16ec9128b,0.81256767808473,0.926399644430709,0.8657579683150112,0.13424203168498883,0.7632920876939049,0.28728992390949565,42,9,4,46,3203.2422916188902,684.4994625851289,235.75977163774067,479,f70622399ad74470a395e1595cc34033,ohare_filtered_vid_479_sr_1.0,osrm,offline,batches,10.0,
bfe413b63fd144feba9cd75be995bfce,0.8234084747958434,0.8444169073313699,0.8337803767810896,0.16621962321891037,0.7149428462537379,0.33668017162545727,41,8,5,46,3203.2422916188902,580.0978222031545,498.37034229701646,479,b6c34b9ae8f245808714d705eb922922,ohare_filtered_vid_479_sr_1.0,osrm,offline,batches,30.0,
52094e6c85d242418f7bba2ccca777d1,1.0,0.8873705354813086,0.9403246673605778,0.05967533263942215,0.8873705354813087,0.11262946451869121,40,0,6,46,3203.2422916188902,0.0,360.7794640286609,479,81e4086cda02402ca8e62a1cbca55ee1,ohare_filtered_vid_479_sr_5.0,graphium,online,native,5.0,
4822381cd3214fe6b78c5194c74f6f87,0.9956983750544532,0.9624608900307617,0.9787975486410583,0.02120245135894172,0.9584755180900182,0.04169714203737611,45,1,1,46,3203.2422916188902,13.319184170567192,120.24686464319583,479,cc217a897b9849b4854868c5c1712e8f,ohare_filtered_vid_479_sr_5.0,graphium,online,native,10.0,
3ccd35adb5454c4bbb46f70dffff1a4d,0.9958591855710458,1.0,0.9979252973060975,0.0020747026939025304,0.9958591855710457,0.004158032068137998,46,1,0,46,3203.2422916188902,13.319184170567192,0.0,479,a6e977ae18944899bcc27acb952149c5,ohare_filtered_vid_479_sr_5.0,graphium,online,native,30.0,
d00e2293d1d54ff387639a5ae0582b6b,0.9958591855710458,1.0,0.9979252973060975,0.0020747026939025304,0.9958591855710457,0.004158032068137998,46,1,0,46,3203.2422916188902,13.319184170567192,0.0,479,8d563d4a921f4fb7bf3671d0aab3f23b,ohare_filtered_vid_479_sr_5.0,barefoot,online,native,,
86495fc41ca241dd91965224dfcf88f3,0.7172845897578288,0.7531464796271224,0.7347782224063801,0.26522177759361987,0.5807505335577504,0.5437037789740241,35,15,11,46,3203.2422916188902,950.8833026291973,790.7316362934064,479,2b41387051eb4b42b4da2f99735c21ec,ohare_filtered_vid_479_sr_5.0,graphhopper,offline,batches,5.0,50.0
a8a16a72868c435997432579a615c302,0.8710476125487344,0.8494768327333863,0.8601270026669653,0.1398729973330347,0.75458143554537,0.2762821545910645,43,6,3,46,3203.2422916188902,402.8365067488452,482.16217525684067,479,84049f4a5f4e493da381e8318ab5b661,ohare_filtered_vid_479_sr_5.0,graphhopper,offline,batches,10.0,50.0
2aa8a467de69426da7d303743e4aad16,0.9958591855710458,1.0,0.9979252973060975,0.0020747026939025304,0.9958591855710457,0.004158032068137998,46,1,0,46,3203.2422916188902,13.319184170567192,0.0,479,0fc41c3bf57d44f29168f10fd2311d53,ohare_filtered_vid_479_sr_5.0,graphhopper,offline,batches,30.0,50.0
54eada33be824bc0bacdc1ad356e818f,0.8960455080529155,0.748079229411863,0.8154041088339822,0.18459589116601782,0.6883394707973925,0.3387089923143532,35,3,11,46,3203.2422916188902,278.00370224781364,806.9632664851401,479,5dd779b3227e4e03a2d109badeb73181,ohare_filtered_vid_479_sr_5.0,osrm,offline,batches,5.0,
32d04a9cdfda4eba9d828baca3b76e17,0.9045374299791008,0.8223452921443625,0.8614853661828387,0.13851463381716134,0.7566748292856708,0.26444292958185384,39,3,7,46,3203.2422916188902,278.00370224781364,569.0710735083767,479,fbf95de2ed5c446e8c6fa1bb639c39d7,ohare_filtered_vid_479_sr_5.0,osrm,offline,batches,10.0,
586caf00652d42f7b93ddcdc1ef9b23b,1.0,0.9728684594109758,0.9862476687385815,0.013752331261418504,0.9728684594109758,0.027131540589023964,42,0,4,46,3203.2422916188902,0.0,86.90889825153606,479,4a59c6658bfd4181bcf7d97c49075695,ohare_filtered_vid_479_sr_5.0,osrm,offline,batches,30.0,
9fcf7be4556d41b7be966d82560d83e3,1.0,0.8794416577684161,0.9358541715124423,0.06414582848755768,0.8794416577684162,0.12055834223158396,39,0,7,46,3203.2422916188902,0.0,386.17758044367343,479,4bacee3fde4f474abd838b4414613603,ohare_filtered_vid_479_sr_10.0,graphium,online,native,5.0,
46ac266dd62a43b183f2e481d6cba4cc,0.9958591855710458,1.0,0.9979252973060975,0.0020747026939025304,0.9958591855710457,0.004158032068137998,46,1,0,46,3203.2422916188902,13.319184170567192,0.0,479,0bdca9985b4d46e393c1c36d358f249f,ohare_filtered_vid_479_sr_10.0,graphium,online,native,10.0,
a70ac156ab3a4c6ab9bf5404cdedc21f,0.9958591855710458,1.0,0.9979252973060975,0.0020747026939025304,0.9958591855710457,0.004158032068137998,46,1,0,46,3203.2422916188902,13.319184170567192,0.0,479,bf2123eee77042d19334fe4ef0bd1c8d,ohare_filtered_vid_479_sr_10.0,graphium,online,native,30.0,
cf8680b495f14d758c6d516fcbe56744,0.9958591855710458,1.0,0.9979252973060975,0.0020747026939025304,0.9958591855710457,0.004158032068137998,46,1,0,46,3203.2422916188902,13.319184170567192,0.0,479,4729df79dc16457bafd73fe2fd613cc0,ohare_filtered_vid_479_sr_10.0,barefoot,online,native,,
65472b8e0f5240fb9868d6befe11c6a6,0.9691588608821297,0.9815968714700536,0.9753382138237188,0.02466178617628123,0.951863558280413,0.04964007728272284,44,4,2,46,3203.2422916188902,100.05951530602576,58.94967960522217,479,53e1da607ba24971af48bbd7a632d12a,ohare_filtered_vid_479_sr_10.0,graphhopper,offline,batches,5.0,50.0
2b775eef34364cd7a519c14f28c01e86,0.9958591855710458,1.0,0.9979252973060975,0.0020747026939025304,0.9958591855710457,0.004158032068137998,46,1,0,46,3203.2422916188902,13.319184170567192,0.0,479,59e01e83d47748f68cc2ae9d820c5a7a,ohare_filtered_vid_479_sr_10.0,graphhopper,offline,batches,10.0,50.0
df4e5930db524e79b9e8ac025dce9fc1,0.9958591855710458,1.0,0.9979252973060975,0.0020747026939025304,0.9958591855710457,0.004158032068137998,46,1,0,46,3203.2422916188902,13.319184170567192,0.0,479,78360fa0698a4861b3c7b61634cd1f0c,ohare_filtered_vid_479_sr_10.0,graphhopper,offline,batches,30.0,50.0
9b615e8cca674222b0233cafda6959b6,0.8960635826222056,0.7482244130729351,0.8154978324220975,0.1845021675779025,0.6884730604500677,0.3385638086532811,32,3,14,46,3203.2422916188902,278.00370224781364,806.498208041942,479,b8f49a5fc0ff46ef9291c6d47fa7e5a5,ohare_filtered_vid_479_sr_10.0,osrm,offline,batches,5.0,
12d3a8c0eef247ffb152210f2dd30ae6,0.8319584460384937,0.7179215310490529,0.7707446901424266,0.22925530985757336,0.6270013104370714,0.42708649221744177,30,5,16,46,3203.2422916188902,464.49583275129197,903.5656812987795,479,6a44d05556e7433b92ef02000668947a,ohare_filtered_vid_479_sr_10.0,osrm,offline,batches,10.0,
b3bed9aed69c4b3ebb4bc20d571b66c3,1.0,0.8742070972946074,0.9328820689629375,0.06711793103706254,0.8742070972946075,0.12579290270539237,34,0,12,46,3203.2422916188902,0.0,402.94514593141315,479,59bd7b8c204f4c5e968bbabc282f009c,ohare_filtered_vid_479_sr_10.0,osrm,offline,batches,30.0,
c690e99de9474df4b2f03bef505b5ff1,0.9957180856708109,0.9669104547050476,0.9811028497421376,0.018897150257862427,0.9629066579426981,0.037247577363090235,45,1,1,46,3203.2422916188902,13.319184170567192,105.99383089922986,479,7f11bcebe4944f3181f169767d29cd6d,ohare_filtered_vid_479_sr_20.0,graphium,online,native,5.0,
af93a22098884c04b49748e932042a4f,0.9957180856708109,0.9669104547050476,0.9811028497421376,0.018897150257862427,0.9629066579426981,0.037247577363090235,45,1,1,46,3203.2422916188902,13.319184170567192,105.99383089922986,479,ac44875b04ca4d339e0d37f0edcba446,ohare_filtered_vid_479_sr_20.0,graphium,online,native,10.0,
1e3c2fdb5ec44b389eda98918b8fb4a4,0.9957180856708109,0.9669104547050476,0.9811028497421376,0.018897150257862427,0.9629066579426981,0.037247577363090235,45,1,1,46,3203.2422916188902,13.319184170567192,105.99383089922986,479,7ebbc9920dbf40138d14304dee6a1ff1,ohare_filtered_vid_479_sr_20.0,graphium,online,native,30.0,
e47ebbd786ab4793a7926617882fa0e1,0.9957180856708109,0.9669104547050476,0.9811028497421376,0.018897150257862427,0.9629066579426981,0.037247577363090235,45,1,1,46,3203.2422916188902,13.319184170567192,105.99383089922986,479,dba21730955143ad93c0ce5f84c8a51f,ohare_filtered_vid_479_sr_20.0,barefoot,online,native,,
f1a6311ba48f47dd984bf06576a68491,0.9853001148987294,0.9311682553911458,0.9574696908649444,0.04253030913505562,0.9184094529197119,0.08272402591200512,43,2,3,46,3203.2422916188902,44.50034299732005,220.4847553369917,479,eda93caeddec403ab192a85fda12f595,ohare_filtered_vid_479_sr_20.0,graphhopper,offline,batches,5.0,50.0
efcfc532c175426fbb724aeb10573f34,0.9853001148987294,0.9311682553911458,0.9574696908649444,0.04253030913505562,0.9184094529197119,0.08272402591200512,43,2,3,46,3203.2422916188902,44.50034299732005,220.4847553369917,479,51a3939599364464925ab4058de49eb5,ohare_filtered_vid_479_sr_20.0,graphhopper,offline,batches,10.0,50.0
9973d472d65a415191c8ef20b6708ecc,0.9853001148987294,0.9311682553911458,0.9574696908649444,0.04253030913505562,0.9184094529197119,0.08272402591200512,43,2,3,46,3203.2422916188902,44.50034299732005,220.4847553369917,479,c85e9dff5a3b4a1eb643355f1caf25c9,ohare_filtered_vid_479_sr_20.0,graphhopper,offline,batches,30.0,50.0
1ce9538614a84f2d9b4e5ecb65eab966,0.8233054572240129,0.5970210261772269,0.6921375819904847,0.3078624180095153,0.5292128380322104,0.5311092519867531,25,5,21,46,3203.2422916188902,410.43232585175394,1290.8392915822878,479,18e7c5aa716246e8827451f384c3d829,ohare_filtered_vid_479_sr_20.0,osrm,offline,batches,5.0,
2de62f2fdfdd4796aecae817cd8378ed,1.0,0.7853234913861705,0.879754840145441,0.12024515985455897,0.7853234913861706,0.21467650861382945,29,0,17,46,3203.2422916188902,0.0,687.6608714089055,479,f932fa45bcf14a4c86648823d8db680e,ohare_filtered_vid_479_sr_20.0,osrm,offline,batches,10.0,
8d68306047e14adca2a36f0429973642,1.0,0.7853234913861705,0.879754840145441,0.12024515985455897,0.7853234913861706,0.21467650861382945,29,0,17,46,3203.2422916188902,0.0,687.6608714089055,479,238f7dac1538452a9227155c2492e857,ohare_filtered_vid_479_sr_20.0,osrm,offline,batches,30.0,
575aff1fb7944f76a43c4c75e7342ad0,0.9999999999999999,0.9439648443279955,0.9711748101641339,0.028825189835866127,0.9439648443279955,0.0560351556720043,19,0,4,23,1718.5133310730084,0.0,96.29716203109069,117,7e366e45f8bf4de1ba2c63986afa3d47,ohare_filtered_vid_117_sr_1.0,graphium,online,native,5.0,
fb380e3d6d7749e7a28e843b47223942,0.9237530275744275,0.9714388765393015,0.9469960285909177,0.05300397140908231,0.8993280693174313,0.10874410638104767,21,2,2,23,1718.5133310730084,137.79552507381962,49.0826714176322,117,922663bf2a164e58a3a52c588ac72ff1,ohare_filtered_vid_117_sr_1.0,graphium,online,native,10.0,
29af7c5d0d67437ab05357dad1b235e2,0.9329155977779028,0.981720406976231,0.9566959756850557,0.04330402431494429,0.9169867587861006,0.08887346754800346,22,1,1,23,1718.5133310730084,121.31651446199227,31.413724297936085,117,1c25e7b1f9eb404fb1e2fd9e141967ba,ohare_filtered_vid_117_sr_1.0,graphium,online,native,30.0,
aa97d886ac4f4446951f64e58cbf22ed,0.934061013981043,1.0,0.9659064602707497,0.03409353972925033,0.9340610139810429,0.07059387452423453,23,1,0,23,1718.5133310730084,121.31651446199227,0.0,117,520aa3166ddc44e0bd89161918f2896e,ohare_filtered_vid_117_sr_1.0,barefoot,online,native,,
7732de89c58a4899a01e6007ebaab021,0.47731903677725745,0.8318625807725396,0.6065832890756871,0.39341671092431285,0.4353208084273042,1.0790559066249108,19,22,4,23,1718.5133310730084,1565.4255641133789,288.94639639460166,117,f9961dbbd6e046889412418dcb26149a,ohare_filtered_vid_117_sr_1.0,graphhopper,offline,batches,5.0,50.0
c28324dfdf354b2c932aa2cff6b541b2,0.5003372375775359,0.8421441112094691,0.6277272434741086,0.3722727565258914,0.4574362060960035,0.998864755134455,20,22,3,23,1718.5133310730084,1445.2849483626317,271.27744927490556,117,a72ecdb123714381a3a97bc786b6589b,ohare_filtered_vid_117_sr_1.0,graphhopper,offline,batches,10.0,50.0
47cfb603346c4d98b65638c4b2105f05,0.5003372375775359,0.8421441112094691,0.6277272434741086,0.3722727565258914,0.4574362060960035,0.998864755134455,20,22,3,23,1718.5133310730084,1445.2849483626317,271.27744927490556,117,65dff7b8e346411eac4d2e7d90d66f3a,ohare_filtered_vid_117_sr_1.0,graphhopper,offline,batches,30.0,50.0
685cd6359a93434e90f56c15ef4428ec,0.8626217322609414,1.0,0.9262446768661384,0.07375532313386157,0.8626217322609414,0.1592566736975065,23,3,0,23,1718.5133310730084,273.6847168115091,0.0,117,b7c94ec55460411e992d8f172a05b7a1,ohare_filtered_vid_117_sr_1.0,osrm,offline,batches,5.0,
d8c491578b0846f6bcff738d08043e95,0.9741689780434081,1.0,0.98691549596621,0.013084504033790023,0.9741689780434081,0.02651595620348413,23,1,0,23,1718.5133310730084,45.568024221835515,0.0,117,9cdb4c8a27bd449bb456fa1fd7f03e14,ohare_filtered_vid_117_sr_1.0,osrm,offline,batches,10.0,
4a57da39679b4905a9b933213ea12b48,1.0,1.0,1.0,0.0,1.0,0.0,23,0,0,23,1718.5133310730084,0.0,0.0,117,da7de0cf19304d009d631d2d682869b0,ohare_filtered_vid_117_sr_1.0,osrm,offline,batches,30.0,
7549be821e7c468dbadff7a0f5b0407e,0.9999999999999999,0.8919517670262647,0.942890598557085,0.05710940144291499,0.8919517670262647,0.10804823297373524,21,0,2,23,1718.5133310730084,0.0,185.68232876424622,117,080bc3fb5db8406ea55205beebbebcbf,ohare_filtered_vid_117_sr_5.0,graphium,online,native,5.0,
9886771ffb2648f9ae128189d5efaad9,1.0,0.8654305829359329,0.9278614716114104,0.07213852838858958,0.8654305829359328,0.1345694170640671,19,0,4,23,1718.5133310730084,0.0,231.25933717932293,117,0613b2229c7a4096858a3efe2ef21ac6,ohare_filtered_vid_117_sr_5.0,graphium,online,native,10.0,
4488b586d5224544b948e92802c90748,1.0,1.0,1.0,0.0,1.0,0.0,23,0,0,23,1718.5133310730084,0.0,0.0,117,a201b749a3184b21aa3d230ea898fb42,ohare_filtered_vid_117_sr_5.0,graphium,online,native,30.0,
7a6b8c562293472aa5212819dd0b8bcb,0.9811028623898981,1.0,0.9904613041710992,0.009538695828900767,0.9811028623898981,0.019261117599911965,23,1,0,23,1718.5133310730084,33.10048736681366,0.0,117,15c7a9b0bb854b81b3058ab414260906,ohare_filtered_vid_117_sr_5.0,barefoot,online,native,,
786253ce60334b428dc7a077e5050774,0.41617688689938853,0.5831638509611939,0.48571884813755595,0.514281151862444,0.32075869632278053,1.2349126584106807,12,20,11,23,1718.5133310730084,1405.8753871932392,716.3384789963236,117,727e74ac500f4506bb3ac1402236c56c,ohare_filtered_vid_117_sr_5.0,graphhopper,offline,batches,5.0,50.0
70e2333b505047659f91d5d0025c7845,0.4885950521705264,0.781588321490614,0.6012992999803802,0.39870070001961977,0.42989847647316226,1.0364881878812606,17,20,6,23,1718.5133310730084,1405.8753871932392,375.34338118041205,117,6c24b4b59c944e25ba34fadc1a39e2f6,ohare_filtered_vid_117_sr_5.0,graphhopper,offline,batches,10.0,50.0
153793b484714616806629b813766b04,0.48019707645479065,0.8421441112094691,0.6116350967948228,0.38836490320517725,0.44054347339291183,1.0694586296586897,20,23,3,23,1718.5133310730084,1566.601462824624,271.27744927490556,117,e8a683fa9bcf4ede896ae3fec8159dfe,ohare_filtered_vid_117_sr_5.0,graphhopper,offline,batches,30.0,50.0
62452f78071547e8ae56fcd87710c57c,1.0,0.8707098450316175,0.9308871146897731,0.06911288531022686,0.8707098450316175,0.12929015496838242,16,0,7,23,1718.5133310730084,0.0,222.18685488966037,117,c136a3fbc37d447da3bf45e26116d2af,ohare_filtered_vid_117_sr_5.0,osrm,offline,batches,5.0,
13a495348ea64a6e892a024dc33d7af0,1.0,0.8707098450316175,0.9308871146897731,0.06911288531022686,0.8707098450316175,0.12929015496838242,16,0,7,23,1718.5133310730084,0.0,222.18685488966037,117,02f25bcc24f54bc9ac0132d8620d0d13,ohare_filtered_vid_117_sr_5.0,osrm,offline,batches,10.0,
e4d36ee826114f9da1c87dd5cf300490,0.9284454284568255,0.9159800508278279,0.9221706165961047,0.07782938340389534,0.855581255062648,0.15461382369640647,18,1,5,23,1718.5133310730084,121.31651446199227,144.38940272845406,117,e7ef0a78c5be44d7b2cf60ca76a0fe4e,ohare_filtered_vid_117_sr_5.0,osrm,offline,batches,30.0,
24bc7b5110f948f1bcd1a230e251f4a7,1.0,1.0,1.0,0.0,1.0,0.0,23,0,0,23,1718.5133310730084,0.0,0.0,117,8e07f349f361467f81ceb33793e27ad0,ohare_filtered_vid_117_sr_10.0,graphium,online,native,5.0,
2cc6dbbfcea14be5adaab8500b3c7363,1.0,1.0,1.0,0.0,1.0,0.0,23,0,0,23,1718.5133310730084,0.0,0.0,117,331d6102ced6422bada0b0f796427434,ohare_filtered_vid_117_sr_10.0,graphium,online,native,10.0,
c5f944f9baff43c3a67efce9a8e67c28,1.0,1.0,1.0,0.0,1.0,0.0,23,0,0,23,1718.5133310730084,0.0,0.0,117,799d1ffb762246d9a1170f771ca73498,ohare_filtered_vid_117_sr_10.0,graphium,online,native,30.0,
465072b6ccb34ab9a577b3b4c71b0429,0.934061013981043,1.0,0.9659064602707497,0.03409353972925033,0.9340610139810429,0.07059387452423453,23,1,0,23,1718.5133310730084,121.31651446199227,0.0,117,8092d260d45b466baf4c15c0efc60020,ohare_filtered_vid_117_sr_10.0,barefoot,online,native,,
0dd22e51a5bd42df8da2e8321036871e,0.4455699877696138,0.6698191314971665,0.5351518982455877,0.46484810175441227,0.3653292772162857,1.1636477524082633,13,21,10,23,1718.5133310730084,1432.323950999361,567.4202241873832,117,1105bfb744e943e3b41761ea88c50b38,ohare_filtered_vid_117_sr_10.0,graphhopper,offline,batches,5.0,50.0
1acba5354cba49c7b41f6cc70eec9177,0.44334572330821886,0.6698191314971665,0.5335444180749167,0.4664555819250833,0.36383264836055146,1.1711897348467575,13,22,10,23,1718.5133310730084,1445.2849483626317,567.4202241873832,117,835188198e13467aa3a06bec42cb36a1,ohare_filtered_vid_117_sr_10.0,graphhopper,offline,batches,10.0,50.0
19d8fd07e3b94d5488ed0b2f76bdaee0,0.48019707645479065,0.8421441112094691,0.6116350967948228,0.38836490320517725,0.44054347339291183,1.0694586296586897,20,23,3,23,1718.5133310730084,1566.601462824624,271.27744927490556,117,677c876830f9404d9984a38d18aee95e,ohare_filtered_vid_117_sr_10.0,graphhopper,offline,batches,30.0,50.0
d4414621021c4b5c8bc29ab201991ce7,1.0,0.7698514913262734,0.8699616833380408,0.1300383166619592,0.7698514913262733,0.23014850867372666,13,0,10,23,1718.5133310730084,0.0,395.51328028237117,117,25b64fbb4773428c969e545767364413,ohare_filtered_vid_117_sr_10.0,osrm,offline,batches,5.0,
9e114de252544d5aaca78931b9522225,1.0,0.7698514913262734,0.8699616833380408,0.1300383166619592,0.7698514913262733,0.23014850867372666,13,0,10,23,1718.5133310730084,0.0,395.51328028237117,117,2b3b8a56517a410b8da8185aa47d1d72,ohare_filtered_vid_117_sr_10.0,osrm,offline,batches,10.0,
5698fb80970a42769c4978fa447852a5,0.9244652524250453,0.8639942030248778,0.8932074099406767,0.10679259005932329,0.8070233013511605,0.2065996714993568,15,1,8,23,1718.5133310730084,121.31651446199227,233.72777520495666,117,da13945299a14c48a2a9aa371478d8fa,ohare_filtered_vid_117_sr_10.0,osrm,offline,batches,30.0,
2173c843a0754e349700aba168f9a4f4,1.0000000000000002,0.9595732946345373,0.979369638545211,0.020630361454789026,0.9595732946345374,0.04042670536546273,21,0,2,23,1718.5133310730084,0.0,69.47383210190841,117,01e9a922ef3f4548ba7e7f6ef7b6b2c9,ohare_filtered_vid_117_sr_20.0,graphium,online,native,5.0,
b1cbf47bd2d7432993cf52ff45198f96,1.0000000000000002,0.9595732946345373,0.979369638545211,0.020630361454789026,0.9595732946345374,0.04042670536546273,21,0,2,23,1718.5133310730084,0.0,69.47383210190841,117,1f8783340e4f4fd5bf361ec0390827ab,ohare_filtered_vid_117_sr_20.0,graphium,online,native,10.0,
2d995bf1b6d04c0bab1f5bf18dfee5f4,1.0000000000000002,0.9595732946345373,0.979369638545211,0.020630361454789026,0.9595732946345374,0.04042670536546273,21,0,2,23,1718.5133310730084,0.0,69.47383210190841,117,6fb0cb4b61ef46b08f7a764d7161c8e4,ohare_filtered_vid_117_sr_20.0,graphium,online,native,30.0,
51ab81408c984bb8b617660f4e7b2869,1.0000000000000002,0.9595732946345373,0.979369638545211,0.020630361454789026,0.9595732946345374,0.04042670536546273,21,0,2,23,1718.5133310730084,0.0,69.47383210190841,117,5c80597e4ffb42049afa26dbc3497c64,ohare_filtered_vid_117_sr_20.0,barefoot,online,native,,
92c9ee9a74a048ba872a3e0a698ee230,0.27345158417212884,0.31653115166799345,0.2934185683931495,0.7065814316068505,0.17193352919402036,1.5244777146759307,5,22,18,23,1718.5133310730084,1445.2849483626317,1174.5503272316694,117,4f1b491ba2514e5893c59649f37ccc4a,ohare_filtered_vid_117_sr_20.0,graphhopper,offline,batches,5.0,50.0
6f0524151bfd49c5a05572a9a5df8bff,0.3268182604922752,0.40829547004364,0.3630415532825336,0.6369584467174664,0.221778111723317,1.432713396300284,12,22,11,23,1718.5133310730084,1445.2849483626317,1016.8521227862927,117,941673ca75b446dea049026b6d72d7de,ohare_filtered_vid_117_sr_20.0,graphhopper,offline,batches,10.0,50.0
2dd6fb70a60b44e985df2f93b4decfe1,0.48804077673647167,0.8017174058440063,0.6067351085742672,0.39326489142573284,0.4354772106210134,1.0392914604999177,18,22,5,23,1718.5133310730084,1445.2849483626317,340.75128137681395,117,71e4cd005e0948d1835ea35d71ffd27b,ohare_filtered_vid_117_sr_20.0,graphhopper,offline,batches,30.0,50.0
9690065b391e4e3ab446088839d5fd2d,1.0,0.4947430193963461,0.6619773606250373,0.3380226393749627,0.494743019396346,0.5052569806036539,9,0,14,23,1718.5133310730084,0.0,868.2908567850756,117,d7c8b10d1d7a471fb9bad85305fc5731,ohare_filtered_vid_117_sr_20.0,osrm,offline,batches,5.0,
9a8b8381b2c547d2810a4093781c8767,1.0,0.4947430193963461,0.6619773606250373,0.3380226393749627,0.494743019396346,0.5052569806036539,9,0,14,23,1718.5133310730084,0.0,868.2908567850756,117,eb932d9ceb88402594faccef46aad8d2,ohare_filtered_vid_117_sr_20.0,osrm,offline,batches,10.0,
91bc99fb9a0f45efaff01dee4af9a274,1.0,0.8537126725879483,0.9210841412613199,0.07891585873868012,0.8537126725879481,0.1462873274120517,14,0,9,23,1718.5133310730084,0.0,251.39672232465279,117,95f82b9da7ec40e7927a6f7ba686f30b,ohare_filtered_vid_117_sr_20.0,osrm,offline,batches,30.0,
b4fec900d9ba4172ab88e0c72b3b2c82,1.0,0.9575416869884957,0.9783103913987024,0.02168960860129765,0.9575416869884957,0.042458313011504066,32,0,4,36,2703.585246271725,0.0,114.78966863948921,736,8cb8ea7add5347268231af917a61ea66,ohare_filtered_vid_736_sr_1.0,graphium,online,native,5.0,
2685f62e0d174e17816be0f3a9b6e33b,1.0,0.9688964775705355,0.9842025607827569,0.01579743921724308,0.9688964775705355,0.031103522429464313,34,0,2,36,2703.585246271725,0.0,84.09102434738139,736,a77711342d294a099361d936e7f9a517,ohare_filtered_vid_736_sr_1.0,graphium,online,native,10.0,
5372288755c84a0493ab56eafa9433f4,0.9779466345351293,0.9561015787038174,0.9669007367724844,0.03309926322751555,0.9359223950579348,0.0654591658113657,33,1,3,36,2703.585246271725,58.291310769883246,118.68312415097954,736,7edf7afb22814ddfa847694ec5c91de9,ohare_filtered_vid_736_sr_1.0,graphium,online,native,30.0,
c0b80af3f9194212ba6c637fe5d76528,0.9630871843427314,0.9936700461537581,0.9781396199804683,0.021860380019531722,0.9572145462394502,0.04441493704831324,35,1,1,36,2703.585246271725,102.96599868962656,17.11356982828054,736,21750cb87b4844949b0907bd6089dda9,ohare_filtered_vid_736_sr_1.0,barefoot,online,native,,
befe865ee7c941c391842aefadba8c5e,0.8229544956018379,0.9243500972094317,0.8707103170656663,0.12928968293433374,0.7710247691302927,0.2745090500162637,33,9,3,36,2703.585246271725,537.6326565255675,204.5259610664699,736,8dad0cdf1d4f43d09741643888ffe7b7,ohare_filtered_vid_736_sr_1.0,graphhopper,offline,batches,5.0,50.0
2adb335ab38b4edebe0a1213e8e8a230,0.8252400985973132,0.9340127437031707,0.8762637753614042,0.1237362246385958,0.779777100843411,0.2637817833391564,33,9,3,36,2703.585246271725,534.7543651049297,178.40217256605825,736,de7cb6afc6fa47b189cb89d1ce69d73b,ohare_filtered_vid_736_sr_1.0,graphhopper,offline,batches,10.0,50.0
72f4059c0366436291818f9ebcfd2e35,0.8664687440033993,0.8880009566951944,0.8771027203435123,0.12289727965648767,0.7811068173678647,0.24884862258198615,33,8,3,36,2703.585246271725,369.9845034922784,302.79896107542015,736,7369fa07e49640c5b93c881aea2a140c,ohare_filtered_vid_736_sr_1.0,graphhopper,offline,batches,30.0,50.0
65095d11a8d5448285f5d58c5dfb61ce,0.906700941045346,0.9951338197567778,0.9488613726451902,0.051138627354809785,0.9026986050669643,0.10726493678384637,35,3,1,36,2703.585246271725,276.84376741980225,13.156133111274018,736,770ce14dd2f9404eae7f0c4c4a65c49a,ohare_filtered_vid_736_sr_1.0,osrm,offline,batches,10.0,
044b3463a6ed4e63a4cefd998af7e59a,0.9382863475622905,0.9951338197567778,0.96587435349867,0.03412564650132999,0.934000966677919,0.07031884598970188,35,3,1,36,2703.585246271725,176.95686144133765,13.156133111274018,736,769c30a990784755a68240465d3d0d5f,ohare_filtered_vid_736_sr_1.0,osrm,offline,batches,30.0,
958c5f6d026644ba8b46dc7946dcb74a,1.0,0.7858091229825276,0.8800594787757907,0.11994052122420928,0.7858091229825276,0.21419087701747225,28,0,8,36,2703.585246271725,0.0,579.0832949904394,736,a4a563368e024506ad5fba51b9532484,ohare_filtered_vid_736_sr_5.0,graphium,online,native,5.0,
d7ace5d27e4a488e9d74ee053260b573,1.0,0.9102354366727216,0.9530086388285038,0.04699136117149616,0.9102354366727216,0.08976456332727818,31,0,5,36,2703.585246271725,0.0,242.68614904965324,736,94f82f6065af4b52992e0b5195168381,ohare_filtered_vid_736_sr_5.0,graphium,online,native,10.0,
526dcf157f92429aaac0de761a380e12,1.0,0.9102354366727216,0.9530086388285038,0.04699136117149616,0.9102354366727216,0.08976456332727818,31,0,5,36,2703.585246271725,0.0,242.68614904965324,736,0d0723323c98462fa37eb5208aa21e3f,ohare_filtered_vid_736_sr_5.0,graphium,online,native,30.0,
fae361eec3594d368497f3aea42eee5d,1.0,1.0,1.0,0.0,1.0,0.0,36,0,0,36,2703.585246271725,0.0,0.0,736,d930b89d433c4c678193d2d6b27fc2cb,ohare_filtered_vid_736_sr_5.0,barefoot,online,native,,
ded98e3ac16a4d44a0bd14f618342aa5,0.8583515032226263,0.8581921990648878,0.8582718437516311,0.14172815624836888,0.7517304702126698,0.2834300087220324,32,3,4,36,2703.585246271725,382.88771151714616,383.3894784144069,736,8173b4654d1d4a47a6d75459dd5adef4,ohare_filtered_vid_736_sr_5.0,graphhopper,offline,batches,5.0,50.0
f0d38a3f62944b32952f4c6783d1434a,0.9468815024836871,0.9433262071839793,0.9451005112529655,0.05489948874703454,0.8959152235209786,0.10959284410379076,34,1,2,36,2703.585246271725,143.07116630831226,153.22243010765368,736,29f0fbe5d2784b158a9a6bd69213d94a,ohare_filtered_vid_736_sr_5.0,graphhopper,offline,batches,10.0,50.0
6160024cb20d4fd493335bdaa016ef01,0.909587450026345,0.8923902483986954,0.9009067883346079,0.09909321166539209,0.8196818784546183,0.19631290810045457,33,2,3,36,2703.585246271725,239.8165452088339,290.93213678425207,736,2780570c7fff48628425700ea5eafd57,ohare_filtered_vid_736_sr_5.0,graphhopper,offline,batches,30.0,50.0
f31e2ba975c9448bbe0d2b3e7ba08a81,1.0,0.7744724748111945,0.8729044668823043,0.12709553311769572,0.7744724748111946,0.22552752518880528,24,0,12,36,2703.585246271725,0.0,609.7328897286287,736,1b42358f4314418faa7fcacbc05ba8be,ohare_filtered_vid_736_sr_5.0,osrm,offline,batches,5.0,
99fe7d2ee0b2470cbe61f7d506e3d8e5,1.0,0.803655714526105,0.8911409290073506,0.10885907099264935,0.8036557145261051,0.19634428547389485,25,0,11,36,2703.585246271725,0.0,530.8335133969858,736,911c3184e9e846b381985b082db97db2,ohare_filtered_vid_736_sr_5.0,osrm,offline,batches,10.0,
32ca8304df7344bf94a09217f0a5c479,1.0,0.803655714526105,0.8911409290073506,0.10885907099264935,0.8036557145261051,0.19634428547389485,25,0,11,36,2703.585246271725,0.0,530.8335133969858,736,21aa534a6ba34934bc36dc7f5572a4aa,ohare_filtered_vid_736_sr_5.0,osrm,offline,batches,30.0,
297112712665427da039dd1d8f61684c,1.0,0.9102354366727216,0.9530086388285038,0.04699136117149616,0.9102354366727216,0.08976456332727818,31,0,5,36,2703.585246271725,0.0,242.68614904965324,736,70bb0b4e5c6f4212b0784dfa20b3bf52,ohare_filtered_vid_736_sr_10.0,graphium,online,native,5.0,
547f2398606e4fddba44018c60bebbfc,1.0,0.9102354366727216,0.9530086388285038,0.04699136117149616,0.9102354366727216,0.08976456332727818,31,0,5,36,2703.585246271725,0.0,242.68614904965324,736,e143caf1b40d4130946edaca2ed2b56f,ohare_filtered_vid_736_sr_10.0,graphium,online,native,10.0,
60846e539ae144238721bdc984cbe578,1.0,0.9102354366727216,0.9530086388285038,0.04699136117149616,0.9102354366727216,0.08976456332727818,31,0,5,36,2703.585246271725,0.0,242.68614904965324,736,65b71fc936f246948d18d1bd87290b69,ohare_filtered_vid_736_sr_10.0,graphium,online,native,30.0,
e800b839167f431c8ae09fb4326f09c9,1.0,0.9936700461537581,0.9968249741934712,0.0031750258065288417,0.9936700461537581,0.006329953846241893,35,0,1,36,2703.585246271725,0.0,17.11356982828054,736,cc9e666c6d8e4c7abab49533ab46acaf,ohare_filtered_vid_736_sr_10.0,barefoot,online,native,,
f4dbd49bbd984bdba286da2be7e8325e,0.9529090922531087,0.8583700056923695,0.9031723314970125,0.09682766850298752,0.8234405070485806,0.18404896488874142,29,1,7,36,2703.585246271725,114.68330302512625,382.9087630396578,736,74daf32fa7034b1ca64c3d1c8561296b,ohare_filtered_vid_736_sr_10.0,graphhopper,offline,batches,5.0,50.0
affe39bad0f54b00b3ae368c97473aff,0.9530718105240474,0.8614933911529352,0.904971687213905,0.09502831278609503,0.82643679313768,0.1809255794281756,29,1,7,36,2703.585246271725,114.68330302512625,374.4644241900524,736,2b4ec2ac4195424f8b38e055a6d7d874,ohare_filtered_vid_736_sr_10.0,graphhopper,offline,batches,10.0,50.0
d49ea66251b3408db36a3b367558d849,0.9543134971624712,0.8860602945524534,0.9189212563206747,0.08107874367932533,0.8500039998874027,0.1563586760286575,32,1,4,36,2703.585246271725,114.68330302512625,308.04570661253257,736,d774c154fc824e58a54bc409d978921c,ohare_filtered_vid_736_sr_10.0,graphhopper,offline,batches,30.0,50.0
fd970d4071a04c57984034269fb566c9,1.0,0.7609669418528279,0.8642603376212901,0.13573966237870994,0.7609669418528279,0.23903305814717188,22,0,14,36,2703.585246271725,0.0,646.2462493779052,736,e2724b2276934755a0078e0efa1e104f,ohare_filtered_vid_736_sr_10.0,osrm,offline,batches,5.0,
09442e27f808494aa622cbe45c7eaa0e,1.0,0.7609669418528279,0.8642603376212901,0.13573966237870994,0.7609669418528279,0.23903305814717188,22,0,14,36,2703.585246271725,0.0,646.2462493779052,736,32f1c3a7b3e84cb3b25c4a92bbcd8add,ohare_filtered_vid_736_sr_10.0,osrm,offline,batches,10.0,
0238830b148647de976586c033d21ed4,1.0,0.7609669418528279,0.8642603376212901,0.13573966237870994,0.7609669418528279,0.23903305814717188,22,0,14,36,2703.585246271725,0.0,646.2462493779052,736,429adaece1c24dafa1500cc7d80740d7,ohare_filtered_vid_736_sr_10.0,osrm,offline,batches,30.0,
bfab5ca01f964fe9a30713fde158fdb0,1.0,0.9102354366727216,0.9530086388285038,0.04699136117149616,0.9102354366727216,0.08976456332727818,31,0,5,36,2703.585246271725,0.0,242.68614904965324,736,5c7835c4edc94e079e6588fc1ad650fa,ohare_filtered_vid_736_sr_20.0,graphium,online,native,5.0,
d1ac952a93aa4a9a95685a80ce8c9bc5,1.0,0.9102354366727216,0.9530086388285038,0.04699136117149616,0.9102354366727216,0.08976456332727818,31,0,5,36,2703.585246271725,0.0,242.68614904965324,736,5e75fc11f68f4c62b62f383e6a5e78a1,ohare_filtered_vid_736_sr_20.0,graphium,online,native,10.0,
66bf8d436b1e4c1aa722f719edd43ea5,1.0,0.9102354366727216,0.9530086388285038,0.04699136117149616,0.9102354366727216,0.08976456332727818,31,0,5,36,2703.585246271725,0.0,242.68614904965324,736,907a50f145a04ce797ab118f987bb8fc,ohare_filtered_vid_736_sr_20.0,graphium,online,native,30.0,
f13261950bec423e93085ced18efa54f,1.0,0.9433262071839793,0.9708367063612315,0.02916329363876846,0.9433262071839793,0.05667379281602057,34,0,2,36,2703.585246271725,0.0,153.22243010765368,736,eb89f36ec7994e9a90e9cee2a7cd7ea5,ohare_filtered_vid_736_sr_20.0,barefoot,online,native,,
4be80a5423294fd0a0d14b71cd1bef56,0.9140498677863749,0.5627757699399895,0.6966362242992628,0.30336377570073725,0.5344910126297817,0.49014328134778057,22,1,14,36,2703.585246271725,143.07116630831226,1182.0729777027584,736,975119ccd0dc451b8e90c87504c2101f,ohare_filtered_vid_736_sr_20.0,graphhopper,offline,batches,5.0,50.0
2aec558249af47bab2e968327caa1dbb,0.8308883456657745,0.6958257395143569,0.7573828042708257,0.24261719572917428,0.6095061350140013,0.4457964682725632,28,3,8,36,2703.585246271725,382.88771151714616,822.3610429445969,736,be4774032bbc4a738094ba5e00862691,ohare_filtered_vid_736_sr_20.0,graphhopper,offline,batches,10.0,50.0
c89f9886da554600b7187c6d74fc5e6e,0.9090003257678007,0.8860602945524534,0.8973837287505066,0.10261627124949335,0.8138676638007386,0.20264286194669648,32,2,4,36,2703.585246271725,239.8165452088339,308.04570661253257,736,6ff1aeae3a64453d9729ae53cb5a9751,ohare_filtered_vid_736_sr_20.0,graphhopper,offline,batches,30.0,50.0
5adb463219034d33a69081651d1aea61,0.971790254845869,0.4786207265709205,0.6413616055147799,0.35863839448522006,0.47206203513613193,0.5352729800748539,14,1,22,36,2703.585246271725,37.56282030354315,1409.593311354731,736,f9b9d777bfd9494ab19ec3e84dcbacac,ohare_filtered_vid_736_sr_20.0,osrm,offline,batches,5.0,
d503bee010b9492e8b097858dda95f7f,0.977554400240586,0.6051009646793787,0.7475021078162057,0.25249789218379426,0.5968090744750857,0.40879274196639565,16,1,20,36,2703.585246271725,37.56282030354315,1067.6432056597685,736,950487652d8d4272a59ad7a9c7aad528,ohare_filtered_vid_736_sr_20.0,osrm,offline,batches,10.0,
70d46a0a594c4c138d384e02c18b18ad,1.0,0.6911739744985167,0.8173895588754793,0.18261044112452074,0.6911739744985167,0.3088260255014832,18,0,18,36,2703.585246271725,0.0,834.9374862105454,736,30bb088b787544beb071f0a195379ccc,ohare_filtered_vid_736_sr_20.0,osrm,offline,batches,30.0,
7de1eaaa56224ee4b46e6b2a9c1b36d4,0.7104090163148472,0.6142007594467934,0.658811017890216,0.341188982109784,0.4912141589873936,0.6361719104146145,26,7,8,34,2235.177920501116,559.6274635711344,862.3299442306259,876,89317eb00da8457c8d9133ea9f58f980,ohare_filtered_vid_876_sr_1.0,graphium,online,native,5.0,
bdc2f4898b914f028f8291ba6938deac,0.9143064796252843,0.894828688764579,0.9044627317926783,0.09553726820732167,0.8255882826083064,0.189039272560549,31,1,3,34,2235.177920501116,187.45981539136804,235.07659274356365,876,7df53b96fe484238b7c139039988853d,ohare_filtered_vid_876_sr_1.0,graphium,online,native,10.0,
e4e412fd63fc4d5abf59e615c8d95573,0.8365150275110372,0.8466488349000152,0.8415514249504639,0.15844857504953613,0.7264469421221209,0.31881664620829026,29,3,5,34,2235.177920501116,369.84478997837914,342.7671383146071,876,7da747ed5009487f909ae6ccdb9608ef,ohare_filtered_vid_876_sr_1.0,graphium,online,native,30.0,
845ca06907d747f69f1cba8a7206052f,1.0,0.994252777834078,0.99711810747875,0.00288189252125004,0.994252777834078,0.005747222165922047,33,0,1,34,2235.177920501116,0.0,12.846064089483562,876,4c03df0ae0f04553af59a3c9386329a5,ohare_filtered_vid_876_sr_1.0,barefoot,online,native,,
42d4d3a7e904459583e4ed2bb2d2fe54,0.5212686484987478,0.7464540832131307,0.613861535159904,0.38613846484009595,0.44285729797615764,0.9390868046177792,29,22,5,34,2235.177920501116,1532.3058560803822,566.7202350352234,876,4c02ae83351a4f3281b5a0d587dc15c3,ohare_filtered_vid_876_sr_1.0,graphhopper,offline,batches,5.0,50.0
09aca0b750af4fb9b024d819c8c9952f,0.532330582549595,0.663969098438393,0.5909072159489912,0.4090927840510088,0.41935295009473306,0.9193489592702756,27,24,7,34,2235.177920501116,1303.8196432200125,751.0888517765875,876,2263570565604aabb0f8acee140e6206,ohare_filtered_vid_876_sr_1.0,graphhopper,offline,batches,10.0,50.0
21127a2ae00b42f3b00933ad41a7d9fc,0.6572927340862209,0.7283786753469419,0.6910123247252926,0.3089876752747074,0.527898266559519,0.6513922416784492,29,10,5,34,2235.177920501116,848.8555685836159,607.1219876017808,876,d17cf9f663354b6f861dc621edc7be14,ohare_filtered_vid_876_sr_1.0,graphhopper,offline,batches,30.0,50.0
6ecd3ce8dcf2413587c85d955db2c4c5,0.7210798296504147,0.8825102161887854,0.7936695765919853,0.20633042340801466,0.6579205507805915,0.45885268111200384,33,9,1,34,2235.177920501116,763.0068109250147,262.61057065927577,876,2159fdff2df949e882bb66e98a845e1e,ohare_filtered_vid_876_sr_1.0,osrm,offline,batches,5.0,
6b5931e278f6499eb1aeca3937ba5677,0.7837805605495065,0.9786731152244893,0.8704512049186418,0.1295487950813582,0.7706185059990664,0.29131081016241905,33,8,1,34,2235.177920501116,603.4621089150385,47.669381963292764,876,5cb9210eba7f4b4695c29defcfd477be,ohare_filtered_vid_876_sr_1.0,osrm,offline,batches,10.0,
cb9e1b918cb2495abed6e2a47488fbdc,0.8116606558534276,0.9017744392588027,0.8543478943422889,0.14565210565771114,0.7457306542912638,0.3074750854450482,32,6,2,34,2235.177920501116,467.70991749340095,219.5516045975649,876,aaf358a67a8a4cf39c2d7ed72d979732,ohare_filtered_vid_876_sr_1.0,osrm,offline,batches,30.0,
73140e4cf50f4bd09d75ece88a3e4135,1.0,0.9884302069388885,0.9941814437234271,0.005818556276572906,0.9884302069388883,0.011569793061111432,33,0,1,34,2235.177920501116,0.0,25.860545994963292,876,27ee3d3ab4c14fd6b86e5fb803005f64,ohare_filtered_vid_876_sr_5.0,graphium,online,native,5.0,
1d4fd771313e4e98afcca6daa59cf06b,1.0,0.9826698484496232,0.9912591843952596,0.008740815604740382,0.9826698484496232,0.017330151550376538,32,0,2,34,2235.177920501116,0.0,38.73597210433982,876,61989e943ef34442ac99e57d0744c928,ohare_filtered_vid_876_sr_5.0,graphium,online,native,10.0,
ca93b1b48a7e4dd381c1254d6d40a8fa,1.0,1.0,1.0,0.0,1.0,0.0,34,0,0,34,2235.177920501116,0.0,0.0,876,7834b2e4ecb943cd9768421561d3c0f1,ohare_filtered_vid_876_sr_5.0,graphium,online,native,30.0,
8db86484bb954463843f43a8a389ad4c,1.0,1.0,1.0,0.0,1.0,0.0,34,0,0,34,2235.177920501116,0.0,0.0,876,b7b64d8699344d8bb3705255b0a5913d,ohare_filtered_vid_876_sr_5.0,barefoot,online,native,,
1c2b201570f6430d91b7870e969862ef,0.6872368462958452,0.7924491968159841,0.7361024852598864,0.2638975147401136,0.5824067827297262,0.5681963525057357,29,8,5,34,2235.177920501116,806.106968970905,463.9129726591846,876,20dec13c0f7f433380dd867f43d3a495,ohare_filtered_vid_876_sr_5.0,graphhopper,offline,batches,5.0,50.0
9b4b6eba9e9a4dd9bcdf8ecf3242b2cd,1.0,1.0,1.0,0.0,1.0,0.0,34,0,0,34,2235.177920501116,0.0,0.0,876,ca2c59a848444190ba56d42288f50ea4,ohare_filtered_vid_876_sr_5.0,graphhopper,offline,batches,10.0,50.0
2fe6d4ff11014e149effcbd5c875829c,1.0,1.0,1.0,0.0,1.0,0.0,34,0,0,34,2235.177920501116,0.0,0.0,876,a082296228df488e9e5ed966f5a05b1b,ohare_filtered_vid_876_sr_5.0,graphhopper,offline,batches,30.0,50.0
dfc1c0591dad4d8cbbc2b94ecd20d2b1,0.7231776478481278,0.7114710883985785,0.7172766060716803,0.2827233939283197,0.5591826027862735,0.5608701555054479,22,7,12,34,2235.177920501116,608.7311352160891,644.9134526377155,876,778148cd14104398ad92e9207b5ce119,ohare_filtered_vid_876_sr_5.0,osrm,offline,batches,5.0,
997dcc15cd634d2792f9dc093ef62217,1.0,0.8997762947134235,0.9472444700118258,0.05275552998817423,0.8997762947134236,0.10022370528657645,28,0,6,34,2235.177920501116,0.0,224.01781316736668,876,340813284eed46eda7681a050f953c67,ohare_filtered_vid_876_sr_5.0,osrm,offline,batches,10.0,
1da3250bb2fe4390a4e48d22faef7bfd,1.0,0.8997762947134235,0.9472444700118258,0.05275552998817423,0.8997762947134236,0.10022370528657645,28,0,6,34,2235.177920501116,0.0,224.01781316736668,876,64d5fda3b82f449d86ad8bdb06378abc,ohare_filtered_vid_876_sr_5.0,osrm,offline,batches,30.0,
eb70e3f3b711499c8451e8c8ddee891e,1.0,1.0,1.0,0.0,1.0,0.0,34,0,0,34,2235.177920501116,0.0,0.0,876,cd28e4d18e414561927e8c8b33ed5c4a,ohare_filtered_vid_876_sr_10.0,graphium,online,native,5.0,
383437b6e1734a6292187391b79b8d2c,1.0,1.0,1.0,0.0,1.0,0.0,34,0,0,34,2235.177920501116,0.0,0.0,876,9d5a780af7b94ad8ae0f732142a5717d,ohare_filtered_vid_876_sr_10.0,graphium,online,native,10.0,
80d9f19e57624946bd8f260867698605,1.0,1.0,1.0,0.0,1.0,0.0,34,0,0,34,2235.177920501116,0.0,0.0,876,4500649681e546c287780d13bde7b927,ohare_filtered_vid_876_sr_10.0,graphium,online,native,30.0,
9cd9afe198c843c5a0b8068871908079,1.0,1.0,1.0,0.0,1.0,0.0,34,0,0,34,2235.177920501116,0.0,0.0,876,93fd9628527f44eb83700e61c69c8bc2,ohare_filtered_vid_876_sr_10.0,barefoot,online,native,,
3f8a83525d2a431ca1f3a0f26b9a771d,1.0,0.9830659759975048,0.9914606855205726,0.008539314479427351,0.9830659759975048,0.016934024002495197,32,0,2,34,2235.177920501116,0.0,37.8505565556132,876,d9c30262bee5414d836b7437d09373b3,ohare_filtered_vid_876_sr_10.0,graphhopper,offline,batches,5.0,50.0
01ae62b16ab446b6a91961dd694521af,1.0,0.9884302069388885,0.9941814437234271,0.005818556276572906,0.9884302069388883,0.011569793061111432,33,0,1,34,2235.177920501116,0.0,25.860545994963292,876,045965b8675b463bb9e726f019dbc360,ohare_filtered_vid_876_sr_10.0,graphhopper,offline,batches,10.0,50.0
513454c1a3224f30a47053a0a676a162,1.0,1.0,1.0,0.0,1.0,0.0,34,0,0,34,2235.177920501116,0.0,0.0,876,af4ff1932c77470e929101d2202707e0,ohare_filtered_vid_876_sr_10.0,graphhopper,offline,batches,30.0,50.0
ac0513e22b4f4bde8159aed33a358736,1.0,0.7598575569499351,0.8635443862477918,0.13645561375220816,0.7598575569499351,0.2401424430500648,22,0,12,34,2235.177920501116,0.0,536.7610864807016,876,5577efdf75924976b7dbae4899298415,ohare_filtered_vid_876_sr_10.0,osrm,offline,batches,5.0,
99eb422bad9e46d1995370d4d8c46ffc,1.0,0.8477388638923464,0.9175959660301194,0.08240403396988061,0.8477388638923464,0.1522611361076534,24,0,10,34,2235.177920501116,0.0,340.33072957824214,876,4ac1d104f7f642b8ae9c19b6c12283d1,ohare_filtered_vid_876_sr_10.0,osrm,offline,batches,10.0,
8d4fb70ac00d4a0297e53252be549991,1.0,0.8477388638923464,0.9175959660301194,0.08240403396988061,0.8477388638923464,0.1522611361076534,24,0,10,34,2235.177920501116,0.0,340.33072957824214,876,113db806e40e4cadb987315aaff32ce1,ohare_filtered_vid_876_sr_10.0,osrm,offline,batches,30.0,
c28b1f5530674d2588cd61dd9585b794,1.0,1.0,1.0,0.0,1.0,0.0,34,0,0,34,2235.177920501116,0.0,0.0,876,b2fac05f965c4ddfb289bd28f1dea59f,ohare_filtered_vid_876_sr_20.0,graphium,online,native,5.0,
0f8a4721c1de4f068557d475db5b04cb,1.0,1.0,1.0,0.0,1.0,0.0,34,0,0,34,2235.177920501116,0.0,0.0,876,2257cf52ed9c48728f4e0bbff06758f5,ohare_filtered_vid_876_sr_20.0,graphium,online,native,10.0,
c4feb1d832b845f5aa1a74756982831d,1.0,1.0,1.0,0.0,1.0,0.0,34,0,0,34,2235.177920501116,0.0,0.0,876,240b2ed6a24b4f37975dd94960efe041,ohare_filtered_vid_876_sr_20.0,graphium,online,native,30.0,
670569b1ce88493b8d69087334326773,1.0,1.0,1.0,0.0,1.0,0.0,34,0,0,34,2235.177920501116,0.0,0.0,876,8c4c277565984289864aa056ccfbb217,ohare_filtered_vid_876_sr_20.0,barefoot,online,native,,
53b708014aaf45008d79348afe568e72,1.0,0.7933472335176054,0.884767008519008,0.11523299148099198,0.7933472335176054,0.20665276648239458,26,0,8,34,2235.177920501116,0.0,461.9057008519215,876,6a507b5b3fb94cb79d31218a504d1442,ohare_filtered_vid_876_sr_20.0,graphhopper,offline,batches,5.0,50.0
6e39282f1b4d4d5bbeabcf75f0d417bd,0.8186441083686934,0.7469144786489105,0.7811360653912459,0.21886393460875408,0.6408722444002616,0.4185510024593949,24,3,10,34,2235.177920501116,369.84478997837914,565.6911693224688,876,00c1da53894447efbabdac5578564012,ohare_filtered_vid_876_sr_20.0,graphhopper,offline,batches,10.0,50.0
fdb2ee846aeb4d1abe0f2eee5cac6d5b,0.8365150275110372,0.8466488349000152,0.8415514249504639,0.15844857504953613,0.7264469421221209,0.31881664620829026,29,3,5,34,2235.177920501116,369.84478997837914,342.7671383146071,876,aac656c08f3a4cbf8048c7a05b5c87ea,ohare_filtered_vid_876_sr_20.0,graphhopper,offline,batches,30.0,50.0
55e2855cfa0b41dca4e9755ba7d5b3b6,1.0,0.6334678108423826,0.7756110119068731,0.2243889880931269,0.6334678108423826,0.36653218915761737,17,0,17,34,2235.177920501116,0.0,819.2646563580449,876,afac0ae3fe364734a59160897ca0f765,ohare_filtered_vid_876_sr_20.0,osrm,offline,batches,5.0,
597fc58881084c5ebf7375bcb0086b5b,1.0,0.7403862210736725,0.8508297895129464,0.1491702104870536,0.7403862210736725,0.2596137789263274,20,0,14,34,2235.177920501116,0.0,580.2829865139851,876,12c3fc2ec8ae46cfbb88e58ded767155,ohare_filtered_vid_876_sr_20.0,osrm,offline,batches,10.0,
51ece45ef18b410fa6766d301beccfd2,1.0,0.7666827052267547,0.8679348056767789,0.13206519432322106,0.7666827052267547,0.23331729477324517,21,0,13,34,2235.177920501116,0.0,521.5056657482081,876,de0c1508bd0e41d18eb685f6e3754ce2,ohare_filtered_vid_876_sr_20.0,osrm,offline,batches,30.0,
9ab6f56c874648b29adf490d034bd0f6,0.8188358950299335,0.8836705045685309,0.8500186885530443,0.1499813114469557,0.7391586977039779,0.31183799355703357,23,6,6,29,2453.87875154189,479.7541492961906,285.4584770168708,1423,5433893521dc47b586a14df06647e003,ohare_filtered_vid_1423_sr_1.0,graphium,online,native,5.0,
88543ab3b5ab4f189f163da467cd46be,0.9422007679942717,1.0,0.9702403412879822,0.0297596587120178,0.9422007679942717,0.06134492134703898,29,2,0,29,2453.87875154189,150.53299900850743,0.0,1423,b3f0b2b8ff1f4ab9aa7d2e0f8c36b6c2,ohare_filtered_vid_1423_sr_1.0,graphium,online,native,10.0,
bf9826f8cbcd4e14b836ea11a892724b,0.7974688986148799,0.8571680787854512,0.8262415176902955,0.17375848230970448,0.7039280483532095,0.3605246680666396,23,6,6,29,2453.87875154189,534.1916058651334,350.4922165102863,1423,6c8100ea1f37429ba5250ae96b82392c,ohare_filtered_vid_1423_sr_1.0,graphium,online,native,30.0,
491de39d3d624e7fa81017c980d3a37a,1.0,0.994572191408317,0.9972787103845809,0.0027212896154190647,0.994572191408317,0.005427808591682906,28,0,1,29,2453.87875154189,0.0,13.319184170567192,1423,47e4cbe18f584203a53bafa977c7f301,ohare_filtered_vid_1423_sr_1.0,barefoot,online,native,,
296d9d3b27c94aceb43e14803932f93a,0.5708852726793676,0.8388472759932478,0.6793991616958295,0.3206008383041705,0.5144621614569543,0.7916852273450662,23,23,6,29,2453.87875154189,1547.250312098405,395.4492451932634,1423,0ba2683b06874b1ea9c6ec4b692480e0,ohare_filtered_vid_1423_sr_1.0,graphhopper,offline,batches,5.0,50.0
8106fac60a3445c29ed3299f263dca68,0.5689603416621225,0.8117081668695987,0.6689944082858776,0.33100559171412236,0.5026232890759834,0.8032352400740649,22,20,7,29,2453.87875154189,1508.996559699834,462.0453284075625,1423,2351284d36ef4bda802d7c3451d99415,ohare_filtered_vid_1423_sr_1.0,graphhopper,offline,batches,10.0,50.0
1137ad50555d4ea9981ac6f9aae9c139,0.5314442359706815,0.5937369733598045,0.5608662667989276,0.4391337332010724,0.38972491149338145,0.9297401148372828,17,19,12,29,2453.87875154189,1284.549303645853,996.920208609472,1423,06ff4a6bfc10418ba3087640ca3820b2,ohare_filtered_vid_1423_sr_1.0,graphhopper,offline,batches,30.0,50.0
c417ca8b0cf54ba4acbeb5d37e37db93,0.788173821428834,1.0,0.8815404990092591,0.11845950099074087,0.788173821428834,0.26875566380415805,29,7,0,29,2453.87875154189,659.4938127655593,0.0,1423,c3b2d3fbb0514b06b690b9fae53ed9d2,ohare_filtered_vid_1423_sr_1.0,osrm,offline,batches,5.0,
47ad459d45364bf8812d222033826b39,0.788173821428834,1.0,0.8815404990092591,0.11845950099074087,0.788173821428834,0.26875566380415805,29,7,0,29,2453.87875154189,659.4938127655593,0.0,1423,41acb07f4d424205868c7115f7bb397c,ohare_filtered_vid_1423_sr_1.0,osrm,offline,batches,10.0,
ea6d803e37c746e7bd2aba88771040fb,0.8593872957397438,0.9710902505742655,0.9118304958624022,0.08816950413759783,0.8379489522499082,0.18779925930204686,28,4,1,29,2453.87875154189,389.8955921283882,70.94101982821022,1423,9bab20a67726426b8244a1c5b760f90a,ohare_filtered_vid_1423_sr_1.0,osrm,offline,batches,30.0,
cbed5657a5e948fdbfa9ead890b76a28,0.9794272990861183,0.9248415090209178,0.9513520542969193,0.04864794570308073,0.9072177733195977,0.09458462681946937,22,1,7,29,2453.87875154189,47.669381963292764,184.42982401152227,1423,5bdefd2f114145a29df26def6fa42a59,ohare_filtered_vid_1423_sr_5.0,graphium,online,native,5.0,
4c32f98aff0e4833ab01bc625ba847ec,0.9794272990861183,0.9248415090209178,0.9513520542969193,0.04864794570308073,0.9072177733195977,0.09458462681946937,22,1,7,29,2453.87875154189,47.669381963292764,184.42982401152227,1423,9d24fd8b4e964c62a48ff4a25f5600d7,ohare_filtered_vid_1423_sr_5.0,graphium,online,native,10.0,
e96af586f832446cbc47788ba353cbd6,0.9794272990861183,0.9248415090209178,0.9513520542969193,0.04864794570308073,0.9072177733195977,0.09458462681946937,22,1,7,29,2453.87875154189,47.669381963292764,184.42982401152227,1423,df3016a06eb643cd96e96d6af0299818,ohare_filtered_vid_1423_sr_5.0,graphium,online,native,30.0,
36c2e825949c409a925e848b5fa1a81f,0.980537398770844,0.97870025084661,0.9796179634756222,0.020382036524377756,0.9600501855289358,0.040725884993777106,27,1,2,29,2453.87875154189,47.669381963292764,52.267001860675585,1423,5ac31fc85bd343c6a80ba8663ab597b1,ohare_filtered_vid_1423_sr_5.0,barefoot,online,native,,
8700cc03d5764782912c922881e51b84,0.8919153468299555,0.9841280594382931,0.935755448436025,0.06424455156397502,0.8792673141345875,0.13513117335476732,28,2,1,29,2453.87875154189,292.6476972760787,38.947817690108394,1423,06fabe0c47a449dbbce6eba0be5ba6c6,ohare_filtered_vid_1423_sr_5.0,graphhopper,offline,batches,5.0,50.0
a6134f5e05d84faa82c3e4a4b798c91d,0.980537398770844,0.97870025084661,0.9796179634756222,0.020382036524377756,0.9600501855289358,0.040725884993777106,27,1,2,29,2453.87875154189,47.669381963292764,52.267001860675585,1423,5b06a96058164c4088c1d3c6449f9f75,ohare_filtered_vid_1423_sr_5.0,graphhopper,offline,batches,10.0,50.0
e0ee67b67aa048899d6557d0f43c9fe2,0.980537398770844,0.97870025084661,0.9796179634756222,0.020382036524377756,0.9600501855289358,0.040725884993777106,27,1,2,29,2453.87875154189,47.669381963292764,52.267001860675585,1423,0cfd39f55d72408f9281bda0bb10ce8e,ohare_filtered_vid_1423_sr_5.0,graphhopper,offline,batches,30.0,50.0
5f65b7da246a4ba9bce0d6f910a75f94,0.8073116065069009,0.9025636389164778,0.852284519889586,0.14771548011041402,0.7425921621337662,0.3128594222737302,26,4,3,29,2453.87875154189,528.6220724467605,239.0970160904175,1423,9ee305c0bfac451db52b9048cb4384bc,ohare_filtered_vid_1423_sr_5.0,osrm,offline,batches,5.0,
93b93697cba24951811bb1c8dda35ed1,0.9801658031429216,0.9600002548709918,0.9699782314471221,0.03002176855287786,0.9417065357850509,0.05942588096939549,27,1,2,29,2453.87875154189,47.669381963292764,98.1545246391644,1423,d71b5bb409c943b2929bc217203427fe,ohare_filtered_vid_1423_sr_5.0,osrm,offline,batches,10.0,
ce6fce8cea5f4a4499862e8561d895a2,0.9801658031429216,0.9600002548709918,0.9699782314471221,0.03002176855287786,0.9417065357850509,0.05942588096939549,27,1,2,29,2453.87875154189,47.669381963292764,98.1545246391644,1423,088ab8b1aca54dfd834780f365b5ba75,ohare_filtered_vid_1423_sr_5.0,osrm,offline,batches,30.0,
7dfc4b34c256445cbbba39f930b4f525,0.9801340586339437,0.9584351938814191,0.9691631859916354,0.030836814008364577,0.9401712985230765,0.06099094195896784,25,1,4,29,2453.87875154189,47.669381963292764,101.99499454634311,1423,67f96154043745f0b07242b32c69dd04,ohare_filtered_vid_1423_sr_10.0,graphium,online,native,5.0,
1cf155f409e14d728df909ab6bcb36eb,0.9801340586339437,0.9584351938814191,0.9691631859916354,0.030836814008364577,0.9401712985230765,0.06099094195896784,25,1,4,29,2453.87875154189,47.669381963292764,101.99499454634311,1423,2ff0d3bc94994bb3b9fd5cc2c833f430,ohare_filtered_vid_1423_sr_10.0,graphium,online,native,10.0,
49ffaae451654039b957e104aac85f19,0.9801340586339437,0.9584351938814191,0.9691631859916354,0.030836814008364577,0.9401712985230765,0.06099094195896784,25,1,4,29,2453.87875154189,47.669381963292764,101.99499454634311,1423,7ff85c2235db45a4ade50f3d0f9b93da,ohare_filtered_vid_1423_sr_10.0,graphium,online,native,30.0,
4a44bf9b917f432f900e06ddc3ea4649,0.980537398770844,0.97870025084661,0.9796179634756222,0.020382036524377756,0.9600501855289358,0.040725884993777106,27,1,2,29,2453.87875154189,47.669381963292764,52.267001860675585,1423,26776cfecd1b4831a15b7f5268eba166,ohare_filtered_vid_1423_sr_10.0,barefoot,online,native,,
fd877ec4f42442eea5061d59c02c65dc,1.0,0.90351197189985,0.9493105220641993,0.0506894779358007,0.9035119718998502,0.09648802810014986,22,0,7,29,2453.87875154189,0.0,236.76992193313453,1423,a4048e23e6744935a6e58ba482f32076,ohare_filtered_vid_1423_sr_10.0,graphhopper,offline,batches,5.0,50.0
b7f27b1685004750ba4342ce81fcb570,0.9634690699329974,0.9228907195812459,0.9427434450070733,0.0572565549929267,0.8916884369786485,0.11210164020343576,24,2,5,29,2453.87875154189,85.86700814193941,189.21682476626563,1423,65c2f655709948288acb03b663cff294,ohare_filtered_vid_1423_sr_10.0,graphhopper,offline,batches,10.0,50.0
72885b38e1654629b01dfa5b5eea6abd,0.9636544679117658,0.9277768658723434,0.945375394870251,0.05462460512974898,0.896409386118905,0.10721549391233803,25,2,4,29,2453.87875154189,85.86700814193941,177.22681420561574,1423,d459ef6dab034de0a5b247666c85c40c,ohare_filtered_vid_1423_sr_10.0,graphhopper,offline,batches,30.0,50.0
1d0901d6d76144deabd3ad081b7f701e,1.0,0.8686792864464029,0.9297253870655758,0.07027461293442416,0.8686792864464029,0.131320713553597,20,0,9,29,2453.87875154189,0.0,322.2451086264908,1423,0a749ae55ac1455ab5a151030822b75b,ohare_filtered_vid_1423_sr_10.0,osrm,offline,batches,5.0,
83ad9515095744259973a2cab3728587,0.9789380440736485,0.9029068093198811,0.939386500754794,0.06061349924520598,0.8857010602102612,0.11651932652050588,22,1,7,29,2453.87875154189,47.669381963292764,238.254917529348,1423,85ebe97ee6464534ae4c6ecf8a905c36,ohare_filtered_vid_1423_sr_10.0,osrm,offline,batches,10.0,
b251dfdd29cb462ab6436e654239d1b3,0.9789380440736485,0.9029068093198811,0.939386500754794,0.06061349924520598,0.8857010602102612,0.11651932652050588,22,1,7,29,2453.87875154189,47.669381963292764,238.254917529348,1423,0c440d7fa1294a1893caaea3ad6dd0ec,ohare_filtered_vid_1423_sr_10.0,osrm,offline,batches,30.0,
378b9f475ead42cca24387bc3cd971d6,0.9789271647586804,0.9024306346380597,0.9391237146287433,0.060876285371256667,0.8852339594904738,0.11699550120232745,22,1,7,29,2453.87875154189,47.669381963292764,239.42339246309217,1423,17c2a159d2a04ad78fe68e02929299d6,ohare_filtered_vid_1423_sr_20.0,graphium,online,native,5.0,
6ca289ea8ea14964b2c8d24eb43da677,0.9789271647586804,0.9024306346380597,0.9391237146287433,0.060876285371256667,0.8852339594904738,0.11699550120232745,22,1,7,29,2453.87875154189,47.669381963292764,239.42339246309217,1423,18de797b5b2a4a93b0c37957d2594f53,ohare_filtered_vid_1423_sr_20.0,graphium,online,native,10.0,
eb5e8b3434034188ab90e2cdfb5b6dd1,0.9789271647586804,0.9024306346380597,0.9391237146287433,0.060876285371256667,0.8852339594904738,0.11699550120232745,22,1,7,29,2453.87875154189,47.669381963292764,239.42339246309217,1423,d2dec9831d9a4418b3cba9f1fb266456,ohare_filtered_vid_1423_sr_20.0,graphium,online,native,30.0,
29f468299cff48b49257ef9978ee9b40,0.980537398770844,0.97870025084661,0.9796179634756222,0.020382036524377756,0.9600501855289358,0.040725884993777106,27,1,2,29,2453.87875154189,47.669381963292764,52.267001860675585,1423,100defb67a4445efa868ee9d48e7a4b0,ohare_filtered_vid_1423_sr_20.0,barefoot,online,native,,
5dec611d3c6a4af5a4af967a2b771719,0.9613223110379016,0.8697245642014435,0.913232358308986,0.08676764169101403,0.8403197917155443,0.1652677955832381,21,2,8,29,2453.87875154189,85.86700814193941,319.6801237539371,1423,fd86d8310bab4d62a37e85a5178a032f,ohare_filtered_vid_1423_sr_20.0,graphhopper,offline,batches,5.0,50.0
b287c480aac74ff880eb803fe05ca937,0.9613223110379016,0.8697245642014435,0.913232358308986,0.08676764169101403,0.8403197917155443,0.1652677955832381,21,2,8,29,2453.87875154189,85.86700814193941,319.6801237539371,1423,18ce1cb4394346febcc7ae922852a78c,ohare_filtered_vid_1423_sr_20.0,graphhopper,offline,batches,10.0,50.0
1231a2a5a61c4380804ba1984ec75373,0.9632486054569072,0.9171445650781694,0.9396313889637675,0.06036861103623248,0.8861365558959013,0.11784779470651187,24,2,5,29,2453.87875154189,85.86700814193941,203.31719120444092,1423,e9ed28d1b51844e09b87b7243679b2f7,ohare_filtered_vid_1423_sr_20.0,graphhopper,offline,batches,30.0,50.0
90a68f9b77c4457daf6e1f81e35ded83,0.9763261897623963,0.801148822115922,0.8801052860962709,0.11989471390372908,0.785882168358845,0.2182773137244651,18,1,11,29,2453.87875154189,47.669381963292764,487.9566801288151,1423,15a74036e9fe4f108949b14626cde04e,ohare_filtered_vid_1423_sr_20.0,osrm,offline,batches,5.0,
5f44a93a1ec54afe903b447df21c8e38,0.9763261897623963,0.801148822115922,0.8801052860962709,0.11989471390372908,0.785882168358845,0.2182773137244651,18,1,11,29,2453.87875154189,47.669381963292764,487.9566801288151,1423,672439444d6944ccace434e680f85e34,ohare_filtered_vid_1423_sr_20.0,osrm,offline,batches,10.0,
b1e81118547742619d368a2ca38a7ea8,0.9768668570581639,0.8203272815500045,0.8917795980654867,0.10822040193451332,0.8046951639843419,0.1990988542903826,19,1,10,29,2453.87875154189,47.669381963292764,440.8950660362119,1423,322b1b5b2aa047c0add37a0204e57c70,ohare_filtered_vid_1423_sr_20.0,osrm,offline,batches,30.0,
