duration_s,cpu_avg,cpu_max,cpu_total_core_s,mem_avg_mb,mem_peak_mb,rx_avg_bps,tx_avg_bps,rx_peak_bps,tx_peak_bps,rx_total_bytes,tx_total_bytes,matcher_name_prom,mode_prom,dataset_id_prom,run_id,vehicle_id_prom,adapter_prom,batch_size_prom,gps_accuracy_prom,precision,recall,f1_score,error_rate,accuracy,newson_krumm_error,matched_count,added_count,missing_count,ground_truth_count,total_gt_length,total_added_length,total_missing_length,vehicle_id_mm,experiment_id,dataset_id_mm,matcher_name_mm,mode_mm,adapter_mm,batch_size_mm,gps_accuracy_mm,matcher_name,mode,e2e_t0,e2e_t1,e2e_steps,e2e_total_points,e2e_execution_time_s,e2e_throughput_pps,e2e_avg_step_latency_ms,e2e_p50_step_latency_ms,e2e_p75_step_latency_ms,e2e_p95_step_latency_ms,e2e_p99_step_latency_ms,e2e_max_step_latency_ms,e2e_avg_inter_arrival_ms,e2e_p50_inter_arrival_ms,e2e_p75_inter_arrival_ms,e2e_p95_inter_arrival_ms,e2e_p99_inter_arrival_ms,e2e_max_inter_arrival_ms,e2e_avg_points_per_step,e2e_client_mem_peak_mb,e2e_client_cpu_time_ms
15.0,1.643417962580687,2.476855875679327,24.90064862843635,1433.74951171875,1492.90234375,1225.3551532773704,1726.482962164324,2708.8,4123.35,19605.682452437926,27623.727394629183,graphium,online,ohare_filtered_vid_1139_sr_1.0,16523baf49f64af2920f43fbc652ea15,1139,native,5.0,,0.9724066661810646,0.9139601320149386,0.942277955533341,0.0577220444666589,0.8908559299323965,0.1119747035810884,10,1,2,12,686.8367047954366,17.812997020186607,59.09533940789397,1139,16523baf49f64af2920f43fbc652ea15,ohare_filtered_vid_1139_sr_1.0,graphium,online,native,5.0,,graphium,online,1768186303.645097,1768186306.6282284,18,112,2.9831314086914062,37.544440608176366,231.86827994423868,178.69535499994527,180.4829152515595,364.9185742484392,1027.250117248621,1192.8330029986682,175.47831815831802,178.727388381958,180.03344535827637,190.009069442749,213.15497398376462,218.94145011901853,6.222222222222222,314.90625,50.0
14.0,1.745557240990909,2.9354437441643326,24.904508870532425,1439.7828125,1491.48046875,709.4917107181085,657.340018827254,1297.4779426377595,1389.5,10642.375660771628,9860.10028240881,graphium,online,ohare_filtered_vid_1139_sr_1.0,324ea397c7a54ad18e1339fa50aed98c,1139,native,10.0,,0.9724066661810646,0.9139601320149386,0.942277955533341,0.0577220444666589,0.8908559299323965,0.1119747035810884,10,1,2,12,686.8367047954366,17.812997020186607,59.09533940789397,1139,324ea397c7a54ad18e1339fa50aed98c,ohare_filtered_vid_1139_sr_1.0,graphium,online,native,10.0,,graphium,online,1768186319.2418065,1768186322.184718,10,112,2.942911386489868,38.05755093889763,413.1666141009191,351.05946700423374,355.1061452490103,837.1932640497098,1119.4810184079688,1190.052956997533,326.99018054538305,351.1335849761963,352.9839515686035,386.07015609741205,402.083568572998,406.0869216918945,11.2,328.1640625,40.0
14.0,1.653614896286314,2.772860250411028,23.48044812253988,1446.5838541666667,1493.328125,563.9373479312738,452.4488195557698,1118.05,1002.2249999999998,8459.060218969107,6786.732293336547,graphium,online,ohare_filtered_vid_1139_sr_1.0,565006ebd2e74bf4945c81eb16ab6a1b,1139,native,30.0,,0.9724066661810646,0.9139601320149386,0.942277955533341,0.0577220444666589,0.8908559299323965,0.1119747035810884,10,1,2,12,686.8367047954366,17.812997020186607,59.09533940789397,1139,565006ebd2e74bf4945c81eb16ab6a1b,ohare_filtered_vid_1139_sr_1.0,graphium,online,native,30.0,,graphium,online,1768186334.7794547,1768186337.6457102,4,112,2.866255521774292,39.075371734711524,1012.9182492491964,1050.0740895004128,1089.0017045003333,1166.4909832990816,1181.9888390588312,1185.8633029987686,955.4185072580973,1043.5945987701416,1050.2358675003052,1055.548882484436,1056.6114854812622,1056.8771362304688,28.0,328.1640625,29.99999999999909
7.0,0.3789167622997243,0.4268250684003422,2.665077073965532,195.83984375,221.234375,16946.145207425034,152380.02037790918,19332.196680923866,209615.7988023952,135569.16165940027,1219040.1630232737,barefoot,online,ohare_filtered_vid_1139_sr_1.0,44a75e620a77492daa67aaf769ae6d9c,1139,native,,,0.9567359421962848,1.0,0.977889680017246,0.0221103199827539,0.9567359421962848,0.0452204792310804,12,2,0,12,686.8367047954366,31.0590849443458,0.0,1139,44a75e620a77492daa67aaf769ae6d9c,ohare_filtered_vid_1139_sr_1.0,barefoot,online,native,,,barefoot,online,1768186339.555332,1768186343.3938017,112,112,3.8384697437286377,29.17829434059957,34.39582833977641,34.430320498358924,35.62308849723195,37.23234155113459,38.0273421324091,39.42786800325848,34.580808502059796,34.56735610961914,35.793304443359375,37.38057613372803,38.146209716796875,39.59274291992188,1.0,328.4765625,199.99999999999818
12.0,0.3858149712044411,0.7263214388439305,4.518584978721318,295.95677083333334,349.31640625,1805.7163142276063,987.9397430740798,3221.175,1865.6000000000004,23474.31208495888,12843.216659963038,graphhopper,offline,ohare_filtered_vid_1139_sr_1.0,a06171e307184813a754e7f5924c407e,1139,batches,5.0,50.0,0.6096448552355125,0.9010381876931348,0.7272383152364477,0.2727616847635523,0.5713860842468323,0.6758958898681529,10,7,2,12,686.8367047954366,396.2595007163896,67.97060506543187,1139,a06171e307184813a754e7f5924c407e,ohare_filtered_vid_1139_sr_1.0,graphhopper,offline,batches,5.0,50.0,graphhopper,offline,1768186359.5836034,1768186363.482808,23,112,3.899204730987549,28.723805936610525,179.758928173333,181.3533759996062,183.1549754970183,194.47685020422796,229.01370906067316,238.57576199952743,177.2365678440441,181.4502477645874,182.98596143722534,188.82144689559937,193.97098779678342,195.30534744262692,4.869565217391305,328.4765625,90.0
12.0,0.3598572603666655,0.6290207397881997,4.049123644978451,296.2640625,350.59375,1371.8820578712164,504.9055688176157,2453.175,966.225,17834.466752325814,6563.772394629004,graphhopper,offline,ohare_filtered_vid_1139_sr_1.0,608460fff66a4536b938f45f7ed02113,1139,batches,10.0,50.0,0.6185282857910521,0.9010381876931348,0.7335218503317559,0.2664781496682441,0.579182396888492,0.6546689479755768,10,6,2,12,686.8367047954366,381.6800578940085,67.97060506543187,1139,608460fff66a4536b938f45f7ed02113,ohare_filtered_vid_1139_sr_1.0,graphhopper,offline,batches,10.0,50.0,graphhopper,offline,1768186369.843531,1768186373.480553,12,112,3.637022018432617,30.794424513345852,337.37243158308655,355.31499450007686,358.46560724894516,384.8593161514145,407.392335231707,413.0255900017801,330.63838698647237,355.4105758666992,357.5500249862671,361.5446090698242,361.89155578613287,361.97829246521,9.333333333333334,328.4765625,70.0
12.0,0.3423501377996035,0.6326177452554744,4.023580031540831,290.63046875,347.26953125,700.9093410209479,101.22696916993168,1268.6,216.0,9111.821433272322,1315.950599209112,graphhopper,offline,ohare_filtered_vid_1139_sr_1.0,e9ced9bb20504ff5826d53810bc7aa17,1139,batches,30.0,50.0,0.8410757357938846,0.9010381876931348,0.8700250270378352,0.1299749729621647,0.7699507049763362,0.2692161959570855,10,3,2,12,686.8367047954366,116.93695984329533,67.97060506543187,1139,e9ced9bb20504ff5826d53810bc7aa17,ohare_filtered_vid_1139_sr_1.0,graphhopper,offline,batches,30.0,50.0,graphhopper,offline,1768186380.5464275,1768186383.4203644,4,112,2.873936891555786,38.97093228771964,995.5997449997085,1052.356255499035,1066.8645759997162,1100.4947080011334,1107.2207344014168,1108.9022410014877,957.978884379069,1051.9905090332031,1052.5062084197998,1052.9187679290771,1053.0012798309326,1053.0219078063965,28.0,328.4765625,50.0
6.0,0.0026793162734527,0.0028753830311576,0.0163916485697018,8.85720486111111,11.7265625,1545.8276684283117,3074.819951953098,1750.447622884771,3535.7545259199574,10820.79367899818,21523.739663671688,osrm,offline,ohare_filtered_vid_1139_sr_1.0,306c9cb5d1f343deb935930fdf243682,1139,batches,10.0,,0.9539654288493308,0.9370951609662792,0.9454550445588796,0.0545449554411204,0.8965526217546523,0.1081253182648013,11,2,1,12,686.8367047954366,31.0590849443458,43.20535235760816,1139,306c9cb5d1f343deb935930fdf243682,ohare_filtered_vid_1139_sr_1.0,osrm,offline,batches,10.0,,osrm,offline,1768186413.9328904,1768186417.4783466,12,112,3.5454561710357666,31.589729105939114,321.4612412502902,347.3724020004738,347.626792250594,348.25219210215437,348.34878882225894,348.3729380022851,322.31419736688787,347.5964069366455,347.8271961212158,348.43599796295166,348.5278367996216,348.55079650878906,9.333333333333334,328.4765625,49.99999999999909
7.0,0.0018118587339286,0.0021254851787773,0.0130132260358124,5.499609375,7.34765625,880.5585837114813,1978.9897586254767,1167.9696566409368,2728.4161298908703,7044.468669691851,15831.918069003816,osrm,offline,ohare_filtered_vid_1139_sr_1.0,fa32725d10994fbe82fda08afc9f2eca,1139,batches,30.0,,0.9567359421962848,1.0,0.977889680017246,0.0221103199827539,0.9567359421962848,0.0452204792310804,12,2,0,12,686.8367047954366,31.0590849443458,0.0,1139,fa32725d10994fbe82fda08afc9f2eca,ohare_filtered_vid_1139_sr_1.0,osrm,offline,batches,30.0,,osrm,offline,1768186419.387451,1768186422.2215247,4,112,2.834073781967163,39.519084052307036,959.3059509970772,1019.903426997189,1036.467232495852,1036.9964792949759,1037.1023286548007,1037.1287909947569,944.6912606557211,1036.362886428833,1036.8160009384155,1037.1784925460815,1037.2509908676147,1037.269115447998,28.0,328.4765625,30.00000000000091
14.0,1.7355691555437702,2.906416098584164,24.735297080492927,1443.3330729166669,1495.43359375,126.86242186338283,4.176058015250744,311.8010654490106,11.538812785388128,1902.936327950743,62.64087022876116,graphium,online,ohare_filtered_vid_1139_sr_5.0,3c73fdda78914bddbdb104ed909cd762,1139,native,5.0,,0.9724066661810646,0.9139601320149386,0.942277955533341,0.0577220444666589,0.8908559299323965,0.1119747035810884,10,1,2,12,686.8367047954366,17.812997020186607,59.09533940789397,1139,3c73fdda78914bddbdb104ed909cd762,ohare_filtered_vid_1139_sr_5.0,graphium,online,native,5.0,,graphium,online,1768186437.0336485,1768186437.0336485,1,23,0.0,,3873.981497999921,3873.981497999921,3873.981497999921,3873.981497999921,3873.981497999921,3873.981497999921,,,,,,,23.0,322.58203125,20.00000000000091
14.0,1.6244542310962875,2.4780352140856343,23.18547488581835,1433.6979166666667,1477.80859375,129.40496075378067,4.120931443215626,303.76499586435074,10.907667493796524,1941.07441130671,61.81397164823438,graphium,online,ohare_filtered_vid_1139_sr_5.0,e6dfe23bf69e499c922fb7106a8fc9e5,1139,native,10.0,,0.9724066661810646,0.9139601320149386,0.942277955533341,0.0577220444666589,0.8908559299323965,0.1119747035810884,10,1,2,12,686.8367047954366,17.812997020186607,59.09533940789397,1139,e6dfe23bf69e499c922fb7106a8fc9e5,ohare_filtered_vid_1139_sr_5.0,graphium,online,native,10.0,,graphium,online,1768186452.2410057,1768186452.2410057,1,23,0.0,,3832.102644002589,3832.102644002589,3832.102644002589,3832.102644002589,3832.102644002589,3832.102644002589,,,,,,,23.0,322.58203125,10.0
13.0,1.6921148982471077,2.624520352781547,22.383740723324674,1445.717633928571,1482.69921875,141.82170390354278,3.9581538591038834,305.9988805970149,11.19402985074627,1985.503854649599,55.414154027454366,graphium,online,ohare_filtered_vid_1139_sr_5.0,b47def90b2184d148b806ae1b7d8095d,1139,native,30.0,,0.9724066661810646,0.9139601320149386,0.942277955533341,0.0577220444666589,0.8908559299323965,0.1119747035810884,10,1,2,12,686.8367047954366,17.812997020186607,59.09533940789397,1139,b47def90b2184d148b806ae1b7d8095d,ohare_filtered_vid_1139_sr_5.0,graphium,online,native,30.0,,graphium,online,1768186467.459505,1768186467.459505,1,23,0.0,,3832.211995002581,3832.211995002581,3832.211995002581,3832.211995002581,3832.211995002581,3832.211995002581,,,,,,,23.0,322.58203125,10.0
7.0,0.2487444333235771,0.2841975768888889,1.7494288534885358,154.678125,206.67578125,12382.269656412096,13151.329992563476,16028.137347436945,16875.278060440498,99058.15725129675,105210.6399405078,barefoot,online,ohare_filtered_vid_1139_sr_5.0,8582086d10da45ba95bd6f5b19044a75,1139,native,,,1.0,1.0,1.0,0.0,1.0,0.0,12,0,0,12,686.8367047954366,0.0,0.0,1139,8582086d10da45ba95bd6f5b19044a75,ohare_filtered_vid_1139_sr_5.0,barefoot,online,native,,,barefoot,online,1768186469.4265645,1768186473.1054344,23,23,3.6788699626922607,6.251919810497515,161.07754356515056,167.60747700027423,168.87140949984314,169.57749300418072,171.10893458288047,171.53494500234956,167.2213619405573,167.8074598312378,169.1114902496338,169.7178602218628,171.2647819519043,171.67353630065918,1.0,322.73828125,40.0
13.0,0.3794125337372993,0.590940226956041,4.814002618339889,340.3872395833333,381.3671875,678.9285273304664,304.1968578204188,1269.425,648.35,9504.999382626527,4258.756009485863,graphhopper,offline,ohare_filtered_vid_1139_sr_5.0,c4e24b8806ae4c998b159619b9f185bc,1139,batches,5.0,50.0,0.7937487818930007,0.7475546185141083,0.7699594611772499,0.2300405388227501,0.6259626710467318,0.4466933024746164,7,4,5,12,686.8367047954366,133.41660196526,173.3887539605968,1139,c4e24b8806ae4c998b159619b9f185bc,ohare_filtered_vid_1139_sr_5.0,graphhopper,offline,batches,5.0,50.0,graphhopper,offline,1768186489.8443427,1768186492.9080763,5,23,3.0637335777282715,7.507180182767157,768.1113031998393,847.565599004156,850.8090719988104,859.6808967995457,861.4552617596928,861.8988529997296,765.9334540367126,849.3121862411499,853.7089824676514,860.3682994842529,861.7001628875732,862.0331287384033,4.6,322.73828125,20.00000000000091
13.0,0.3698135748864742,0.5639785181616834,4.627272740856343,335.75026041666666,375.453125,387.1684633702986,98.60731675561148,702.4563754747694,230.1,5420.358487184181,1380.5024345785607,graphhopper,offline,ohare_filtered_vid_1139_sr_5.0,ba9505be1dd84fd2bae54247941d850e,1139,batches,10.0,50.0,0.7937487818930007,0.7475546185141083,0.7699594611772499,0.2300405388227501,0.6259626710467318,0.4466933024746164,7,4,5,12,686.8367047954366,133.41660196526,173.3887539605968,1139,ba9505be1dd84fd2bae54247941d850e,ohare_filtered_vid_1139_sr_5.0,graphhopper,offline,batches,10.0,50.0,graphhopper,offline,1768186500.4733984,1768186502.666719,3,23,2.1933205127716064,10.486383483887575,1270.2691866676712,1617.770232995099,1653.8829655000882,1682.7731515040796,1688.5511887048779,1689.9956980050774,1096.6602563858032,1096.6602563858032,1393.403708934784,1630.7984709739685,1678.2774233818054,1690.1471614837646,7.666666666666667,322.73828125,20.0
12.0,0.3718303850705396,0.6615040521023766,4.172290953814637,333.4416852678572,366.86328125,186.690152652986,7.299389447177062,298.7873080859775,12.758477621692258,2426.9719844888177,94.8920628133018,graphhopper,offline,ohare_filtered_vid_1139_sr_5.0,5ca4a2fe5dbf44f5bf1be0fc6cef78cd,1139,batches,30.0,50.0,0.8410757357938846,0.9010381876931348,0.8700250270378352,0.1299749729621647,0.7699507049763362,0.2692161959570855,10,3,2,12,686.8367047954366,116.93695984329533,67.97060506543187,1139,5ca4a2fe5dbf44f5bf1be0fc6cef78cd,ohare_filtered_vid_1139_sr_5.0,graphhopper,offline,batches,30.0,50.0,graphhopper,offline,1768186512.439654,1768186512.439654,1,23,0.0,,3820.589014998404,3820.589014998404,3820.589014998404,3820.589014998404,3820.589014998404,3820.589014998404,,,,,,,23.0,322.73828125,10.0
7.0,0.0011425065085726,0.0012968597470238,0.0078431923215573,3.492578125,4.0703125,467.5121167645141,596.5997373235637,583.4253424657534,732.37505407354,3740.0969341161126,4772.797898588509,osrm,offline,ohare_filtered_vid_1139_sr_5.0,55881f22862a47bdbfa800929d4d8be0,1139,batches,5.0,,0.970691663654941,0.794665599639411,0.8739027379918096,0.1260972620081903,0.7760455224208275,0.2293279376990936,8,1,4,12,686.8367047954366,16.4796421219647,141.03120292481393,1139,55881f22862a47bdbfa800929d4d8be0,ohare_filtered_vid_1139_sr_5.0,osrm,offline,batches,5.0,,osrm,offline,1768186514.0579169,1768186517.0845568,5,23,3.026639938354492,7.599186050688448,739.961824400234,840.8102309986134,840.9525649985881,841.2097194013768,841.2611502819345,841.274008002074,756.659984588623,840.9900665283203,841.1491513252258,841.3673043251038,841.4109349250793,841.4218425750732,4.6,322.73828125,20.0
8.0,0.0011080803333455,0.0012890689517819,0.0090050324737945,3.134765625,3.453125,288.797768243379,437.4392848069213,368.7580293501048,574.0307337526206,2599.1799141904107,3936.953563262292,osrm,offline,ohare_filtered_vid_1139_sr_5.0,84cf1e82824f4828bc8d5d0e4403f2ce,1139,batches,10.0,,0.970691663654941,0.794665599639411,0.8739027379918096,0.1260972620081903,0.7760455224208275,0.2293279376990936,8,1,4,12,686.8367047954366,16.4796421219647,141.03120292481393,1139,84cf1e82824f4828bc8d5d0e4403f2ce,ohare_filtered_vid_1139_sr_5.0,osrm,offline,batches,10.0,,osrm,offline,1768186519.5248048,1768186521.7087822,3,23,2.1839773654937744,10.531244674690088,1232.1085773316252,1512.6882749973447,1596.5447494963882,1663.629929095623,1677.04696501547,1680.4012239954318,1091.9886827468872,1091.9886827468872,1386.2857222557068,1621.7233538627625,1668.8108801841736,1680.5827617645264,7.666666666666667,322.73828125,10.0
7.0,0.0009911242933526,0.00119720729927,0.0067317870475514,2.134548611111111,2.2265625,223.05145172716576,12.060341949304004,272.6362668559262,13.823633782824698,1784.4116138173265,96.48273559443204,osrm,offline,ohare_filtered_vid_1139_sr_5.0,93f77c36abc549648d09c9715cad3e8c,1139,batches,30.0,,1.0,0.8348799570567028,0.91001043838957,0.0899895616104299,0.8348799570567029,0.1651200429432972,9,0,3,12,686.8367047954366,0.0,113.41050619085529,1139,93f77c36abc549648d09c9715cad3e8c,ohare_filtered_vid_1139_sr_5.0,osrm,offline,batches,30.0,,osrm,offline,1768186526.312467,1768186526.312467,1,23,0.0,,3693.08500700572,3693.08500700572,3693.08500700572,3693.08500700572,3693.08500700572,3693.08500700572,,,,,,,23.0,322.73828125,10.0
14.0,1.656127321577435,2.476096498054475,23.569661713672648,1438.3377604166667,1478.7734375,138.54902333795016,3.770406196572319,301.9434343434344,11.252013348164628,2078.2353500692525,56.556092948584784,graphium,online,ohare_filtered_vid_1139_sr_10.0,dff30ba70d4a435ea4b9e239072def1c,1139,native,5.0,,1.0,1.0,1.0,0.0,1.0,0.0,12,0,0,12,686.8367047954366,0.0,0.0,1139,dff30ba70d4a435ea4b9e239072def1c,ohare_filtered_vid_1139_sr_10.0,graphium,online,native,5.0,,graphium,online,1768186541.0505495,1768186541.0505495,1,12,0.0,,3819.252706001862,3819.252706001862,3819.252706001862,3819.252706001862,3819.252706001862,3819.252706001862,,,,,,,12.0,323.125,0.0
14.0,1.6667154599515543,2.774552155275065,23.80422187769415,1440.2848958333334,1482.02734375,144.50313217336844,4.073015004063834,275.5685863874345,11.921703183133529,2167.5469826005265,61.09522506095752,graphium,online,ohare_filtered_vid_1139_sr_10.0,48a45425de8048ffac7321e958e17075,1139,native,10.0,,1.0,1.0,1.0,0.0,1.0,0.0,12,0,0,12,686.8367047954366,0.0,0.0,1139,48a45425de8048ffac7321e958e17075,ohare_filtered_vid_1139_sr_10.0,graphium,online,native,10.0,,graphium,online,1768186556.2964938,1768186556.2964938,1,12,0.0,,3853.7359580004704,3853.7359580004704,3853.7359580004704,3853.7359580004704,3853.7359580004704,3853.7359580004704,,,,,,,12.0,323.125,0.0
13.0,1.6958144924829597,2.8841034404963337,22.37889681698365,1440.862165178571,1488.09375,143.24101033874487,3.922780497801397,302.9452554744525,10.668988529718456,2005.374144742428,54.91892696921956,graphium,online,ohare_filtered_vid_1139_sr_10.0,2d1adfd4f5684f95957aee154657f78f,1139,native,30.0,,1.0,1.0,1.0,0.0,1.0,0.0,12,0,0,12,686.8367047954366,0.0,0.0,1139,2d1adfd4f5684f95957aee154657f78f,ohare_filtered_vid_1139_sr_10.0,graphium,online,native,30.0,,graphium,online,1768186571.4997325,1768186571.4997325,1,12,0.0,,3851.681151994853,3851.681151994853,3851.681151994853,3851.681151994853,3851.681151994853,3851.681151994853,,,,,,,12.0,323.125,0.0
7.0,0.1930033293926085,0.2228094098808689,1.3393352686447042,121.31875,166.4765625,12254.283436840178,4990.19524477957,16646.22284739983,6464.978775890157,98034.26749472144,39921.56195823656,barefoot,online,ohare_filtered_vid_1139_sr_10.0,5c40fa895cbf4d15acfd4a577a3c62bf,1139,native,,,1.0,1.0,1.0,0.0,1.0,0.0,12,0,0,12,686.8367047954366,0.0,0.0,1139,5c40fa895cbf4d15acfd4a577a3c62bf,ohare_filtered_vid_1139_sr_10.0,barefoot,online,native,,,barefoot,online,1768186573.409207,1768186577.0742652,12,12,3.665058135986328,3.274163616171562,308.031723416813,333.7469845027954,335.39455449863453,336.5348014533083,336.95075149102195,337.05473900045035,333.1871032714844,334.1708183288574,335.71505546569824,336.7350101470947,337.12220191955566,337.2189998626709,1.0,322.96875,20.00000000000091
12.0,0.3525981985777839,0.6133200340979541,3.970456547413237,311.0494791666667,369.77734375,437.4199833603923,158.29507963495763,719.4199999999998,316.8666666666667,5686.4597836851,2057.836035254449,graphhopper,offline,ohare_filtered_vid_1139_sr_10.0,b97862be054249368a0015325613915e,1139,batches,5.0,50.0,0.7288032672514516,0.457534830197274,0.5621548862777266,0.4378451137222734,0.3909704048876501,0.7127195534529462,4,3,8,12,686.8367047954366,116.93695984329533,372.58498969360136,1139,b97862be054249368a0015325613915e,ohare_filtered_vid_1139_sr_10.0,graphhopper,offline,batches,5.0,50.0,graphhopper,offline,1768186594.4867628,1768186596.8437133,3,12,2.356950521469116,5.091324527474701,1265.965582667074,1441.281607003475,1564.0737095018267,1662.3073915005082,1681.9541279002444,1686.8658120001785,1178.475260734558,1178.475260734558,1432.7604174613953,1636.188542842865,1676.874167919159,1687.0455741882324,4.0,322.96875,9.99999999999909
13.0,0.3564641041158484,0.7002537526381128,4.545466547938452,341.0807291666667,377.25,345.1193664303421,18.08609686344712,598.3025229624461,30.926636437623525,4831.67113002479,253.2053560882597,graphhopper,offline,ohare_filtered_vid_1139_sr_10.0,75227ce4e79c4ba3bb36c623c33bbb9d,1139,batches,10.0,50.0,0.7797018241626008,0.6025817190685059,0.6797940521906328,0.3202059478093672,0.5149151564713239,0.5676726645817144,7,3,5,12,686.8367047954366,116.93695984329533,272.96146250045456,1139,75227ce4e79c4ba3bb36c623c33bbb9d,ohare_filtered_vid_1139_sr_10.0,graphhopper,offline,batches,10.0,50.0,graphhopper,offline,1768186605.9042077,1768186606.574257,2,12,0.6700491905212402,17.909132896146087,1902.1877109989873,1902.1877109989873,2518.3537314987916,3011.286547898635,3109.8731111786037,3134.519751998596,670.0491905212402,670.0491905212402,670.0491905212402,670.0491905212402,670.0491905212402,670.0491905212402,6.0,322.96875,10.00000000000182
12.0,0.34289238504757,0.6915735737265416,3.766027431891868,299.8537946428572,322.9921875,199.6227452696948,7.583243420882988,306.9115732060679,13.44314928425358,2595.0956885060323,98.58216447147883,graphhopper,offline,ohare_filtered_vid_1139_sr_10.0,f03e8a28fd2a4ac1a5520524b945c4e9,1139,batches,30.0,50.0,0.8410757357938846,0.9010381876931348,0.8700250270378352,0.1299749729621647,0.7699507049763362,0.2692161959570855,10,3,2,12,686.8367047954366,116.93695984329533,67.97060506543187,1139,f03e8a28fd2a4ac1a5520524b945c4e9,ohare_filtered_vid_1139_sr_10.0,graphhopper,offline,batches,30.0,50.0,graphhopper,offline,1768186616.342853,1768186616.342853,1,12,0.0,,3802.4235789998784,3802.4235789998784,3802.4235789998784,3802.4235789998784,3802.4235789998784,3802.4235789998784,,,,,,,12.0,322.96875,9.99999999999909
7.0,0.0010217124223346,0.001106610134271,0.0071683524616368,2.660546875,3.13671875,352.2284251065166,294.1008537454268,410.47289002557545,366.97308184143225,2817.827400852133,2352.806829963414,osrm,offline,ohare_filtered_vid_1139_sr_10.0,c50f957187ab4adb96dd435f7fb43a23,1139,batches,5.0,,1.0,0.5945097742125218,0.7456959923699827,0.2543040076300172,0.5945097742125218,0.4054902257874781,6,0,6,12,686.8367047954366,0.0,278.50557050662906,1139,c50f957187ab4adb96dd435f7fb43a23,ohare_filtered_vid_1139_sr_10.0,osrm,offline,batches,5.0,,osrm,offline,1768186618.614934,1768186620.9612627,3,12,2.3463287353515625,5.114372857988281,1229.534770999938,1342.5016019973557,1509.4752109980618,1643.054098198627,1669.76987563874,1676.4488199987682,1173.1643676757812,1173.1643676757812,1424.860119819641,1626.216721534729,1666.4880418777466,1676.555871963501,4.0,322.96875,20.00000000000091
7.0,0.0008591142871018,0.0010917341132293,0.0057811801835853,2.06484375,2.234375,234.68488808763584,12.277581966752884,259.3609071274298,14.651619870410364,1877.4791047010867,98.22065573402308,osrm,offline,ohare_filtered_vid_1139_sr_10.0,fe4cd719aaf541c7a4d787af0411fc9c,1139,batches,10.0,,1.0,0.6347241316298137,0.7765519812777171,0.2234480187222829,0.6347241316298136,0.3652758683701863,7,0,5,12,686.8367047954366,0.0,250.88487377267043,1139,fe4cd719aaf541c7a4d787af0411fc9c,ohare_filtered_vid_1139_sr_10.0,osrm,offline,batches,10.0,,osrm,offline,1768186624.8946946,1768186625.5649762,2,12,0.6702816486358643,17.902921890256156,1843.706684998324,1843.706684998324,2430.514003999633,2899.9598592006805,2993.84903024089,3017.3213230009424,670.2816486358643,670.2816486358643,670.2816486358643,670.2816486358643,670.2816486358643,670.2816486358643,6.0,322.96875,9.99999999999909
7.0,0.0007931272240845,0.001056696742671,0.0055550962943053,2.05078125,2.19140625,228.683707929308,11.584847590075936,287.0483077813133,14.34645646514319,1829.469663434464,92.67878072060748,osrm,offline,ohare_filtered_vid_1139_sr_10.0,cd7e62f9d0294c0282564b5e5de68df1,1139,batches,30.0,,1.0,0.6347241316298137,0.7765519812777171,0.2234480187222829,0.6347241316298136,0.3652758683701863,7,0,5,12,686.8367047954366,0.0,250.88487377267043,1139,cd7e62f9d0294c0282564b5e5de68df1,ohare_filtered_vid_1139_sr_10.0,osrm,offline,batches,30.0,,osrm,offline,1768186630.1501372,1768186630.1501372,1,12,0.0,,3686.817212001188,3686.817212001188,3686.817212001188,3686.817212001188,3686.817212001188,3686.817212001188,,,,,,,12.0,322.96875,0.0
14.0,1.6091183436863428,2.6034191009896266,22.869044010882305,1451.0015625,1517.64453125,120.56222031269206,4.075604299225709,303.8376339596381,11.691022964509395,1808.433304690381,61.13406448838564,graphium,online,ohare_filtered_vid_1139_sr_20.0,cca48131970e4897886cb193e8e87654,1139,native,5.0,,0.9686256623235954,0.800690920253204,0.8766885254839172,0.1233114745160828,0.7804500758452506,0.225243915342823,8,1,4,12,686.8367047954366,17.812997020186607,136.89279156910027,1139,cca48131970e4897886cb193e8e87654,ohare_filtered_vid_1139_sr_20.0,graphium,online,native,5.0,,graphium,online,1768186644.5558536,1768186644.5558536,1,6,0.0,,3486.482571999659,3486.482571999659,3486.482571999659,3486.482571999659,3486.482571999659,3486.482571999659,,,,,,,6.0,325.9375,0.0
13.0,1.836105135507818,2.911548275862069,24.358650837769744,1444.779296875,1503.19140625,152.5945899108426,4.2100757358372025,307.151080977357,11.496785403996524,2136.324258751796,58.94106030172084,graphium,online,ohare_filtered_vid_1139_sr_20.0,cdcf044ff20e4bd88910efe57b5af999,1139,native,10.0,,0.9686256623235954,0.800690920253204,0.8766885254839172,0.1233114745160828,0.7804500758452506,0.225243915342823,8,1,4,12,686.8367047954366,17.812997020186607,136.89279156910027,1139,cdcf044ff20e4bd88910efe57b5af999,ohare_filtered_vid_1139_sr_20.0,graphium,online,native,10.0,,graphium,online,1768186659.4388552,1768186659.4388552,1,6,0.0,,3469.975145999342,3469.975145999342,3469.975145999342,3469.975145999342,3469.975145999342,3469.975145999342,,,,,,,6.0,325.9375,0.0
13.0,1.757029520642842,2.843353658536585,23.230310241345634,1436.19140625,1479.25,142.75871554075215,4.1634071489589415,288.463510762071,11.967560321715816,1998.6220175705305,58.28770008542518,graphium,online,ohare_filtered_vid_1139_sr_20.0,ce5e2ebc61ea4e9c98c0206de7bba1d2,1139,native,30.0,,0.9686256623235954,0.800690920253204,0.8766885254839172,0.1233114745160828,0.7804500758452506,0.225243915342823,8,1,4,12,686.8367047954366,17.812997020186607,136.89279156910027,1139,ce5e2ebc61ea4e9c98c0206de7bba1d2,ohare_filtered_vid_1139_sr_20.0,graphium,online,native,30.0,,graphium,online,1768186674.3816433,1768186674.3816433,1,6,0.0,,3508.735190000152,3508.735190000152,3508.735190000152,3508.735190000152,3508.735190000152,3508.735190000152,,,,,,,6.0,325.9375,9.99999999999909
7.0,0.179085627313061,0.2174837460767946,1.2873345204631388,91.6765625,123.484375,11914.694168242837,2828.877852681406,16342.769858541891,3686.2487479131887,95317.5533459427,22631.022821451246,barefoot,online,ohare_filtered_vid_1139_sr_20.0,aa3d52cd19f2453bb34d5625e33848ab,1139,native,,,1.0,0.8867307882382655,0.9399653557000044,0.0600346442999955,0.8867307882382657,0.1132692117617346,10,0,2,12,686.8367047954366,0.0,77.79745216120631,1139,aa3d52cd19f2453bb34d5625e33848ab,ohare_filtered_vid_1139_sr_20.0,barefoot,online,native,,,barefoot,online,1768186676.2934728,1768186679.6189654,6,6,3.3254926204681396,1.8042439676667699,558.7095610014027,666.2783370011311,667.4646494975605,672.6094522528001,673.9584096547333,674.2956490052165,665.0985240936279,667.3872470855713,667.6957607269287,673.1210231781006,674.206075668335,674.4773387908936,1.0,325.9375,20.0
12.0,0.3486887207809851,0.680699395193978,4.0855032511603335,295.751953125,322.75,193.55599067409813,7.45738199668108,326.6711810012837,11.70905006418485,2516.227878763276,96.94596595685404,graphhopper,offline,ohare_filtered_vid_1139_sr_20.0,e99b274104dc4de3b3935a1429450a2e,1139,batches,5.0,50.0,0.982560566880362,0.6025817190685059,0.7470282519468321,0.2529717480531679,0.5962051842809253,0.4081134827776021,7,1,5,12,686.8367047954366,7.345857193102835,272.96146250045456,1139,e99b274104dc4de3b3935a1429450a2e,ohare_filtered_vid_1139_sr_20.0,graphhopper,offline,batches,5.0,50.0,graphhopper,offline,1768186698.3781028,1768186699.0468233,2,6,0.6687204837799072,8.972358624466409,1725.5592005021754,1725.5592005021754,2254.0783342519717,2676.8936412518087,2761.456702651776,2782.597468001768,668.7204837799072,668.7204837799072,668.7204837799072,668.7204837799072,668.7204837799072,668.7204837799072,3.0,325.9375,0.0
11.0,0.3667524543543567,0.810284070401811,3.820701861759922,302.23325892857144,353.46875,209.5748899148656,7.831062665779011,303.27711256626134,12.60349030470914,2514.898678978388,93.97275198934813,graphhopper,offline,ohare_filtered_vid_1139_sr_20.0,e9e79b833c7d4e50a104edf22accd133,1139,batches,10.0,50.0,0.9866052828119636,0.7877689759314002,0.8760463351623753,0.1239536648376247,0.7794327849706649,0.2229262259147078,8,1,4,12,686.8367047954366,7.345857193102835,145.76805722663818,1139,e9e79b833c7d4e50a104edf22accd133,ohare_filtered_vid_1139_sr_20.0,graphhopper,offline,batches,10.0,50.0,graphhopper,offline,1768186708.443412,1768186708.443412,1,6,0.0,,3454.0571809993708,3454.0571809993708,3454.0571809993708,3454.0571809993708,3454.0571809993708,3454.0571809993708,,,,,,,6.0,325.9375,10.0
12.0,0.3190690555811193,0.5597770078673602,3.621166054680443,304.82135416666665,354.23046875,195.07246850312995,7.351158363736677,300.5144368489583,13.37009102730819,2535.942090540689,95.5650587285768,graphhopper,offline,ohare_filtered_vid_1139_sr_20.0,36837e3a0e3c4a67b6252b150c8bb673,1139,batches,30.0,50.0,0.9866052828119636,0.7877689759314002,0.8760463351623753,0.1239536648376247,0.7794327849706649,0.2229262259147078,8,1,4,12,686.8367047954366,7.345857193102835,145.76805722663818,1139,36837e3a0e3c4a67b6252b150c8bb673,ohare_filtered_vid_1139_sr_20.0,graphhopper,offline,batches,30.0,50.0,graphhopper,offline,1768186717.8306775,1768186717.8306775,1,6,0.0,,3454.6208630054025,3454.6208630054025,3454.6208630054025,3454.6208630054025,3454.6208630054025,3454.6208630054025,,,,,,,6.0,325.9375,10.0
6.0,0.0009432108006109,0.0011769897358282,0.0054254858684481,2.032118055555556,2.203125,271.554755869358,12.254672921777368,279.765775950668,14.174820143884894,1900.8832910855056,85.78271045244156,osrm,offline,ohare_filtered_vid_1139_sr_20.0,0237c55350bf43b2a1e8e24b69adb434,1139,batches,5.0,,0.9516687529300328,0.5106711319363697,0.6646741490356773,0.3353258509643226,0.4977617624609561,0.5152637036596573,5,1,7,12,686.8367047954366,17.812997020186607,336.0890273021048,1139,0237c55350bf43b2a1e8e24b69adb434,ohare_filtered_vid_1139_sr_20.0,osrm,offline,batches,5.0,,osrm,offline,1768186721.4575503,1768186722.126469,2,6,0.6689186096191406,8.96970111717507,1672.6139964994218,1672.6139964994218,2174.638543749097,2576.2581815488375,2656.5821091087855,2676.6630909987725,668.9186096191406,668.9186096191406,668.9186096191406,668.9186096191406,668.9186096191406,668.9186096191406,3.0,325.9375,0.0
7.0,0.0010001038981841,0.0014266624999999,0.0070265030228229,2.15234375,2.21484375,204.1203419781424,11.886719904870372,286.2544512787309,14.606183230819036,1632.9627358251391,95.09375923896296,osrm,offline,ohare_filtered_vid_1139_sr_20.0,f5439115682b49cc9f0cd5eec6279eea,1139,batches,10.0,,0.9640688846618712,0.695858388799264,0.8082949554452517,0.1917050445547483,0.6782676293421678,0.3300764467967631,6,1,6,12,686.8367047954366,17.812997020186607,208.8956220282884,1139,f5439115682b49cc9f0cd5eec6279eea,ohare_filtered_vid_1139_sr_20.0,osrm,offline,batches,10.0,,osrm,offline,1768186726.3581362,1768186726.3581362,1,6,0.0,,3345.0404920004075,3345.0404920004075,3345.0404920004075,3345.0404920004075,3345.0404920004075,3345.0404920004075,,,,,,,6.0,325.9375,19.99999999999909
7.0,0.0009017632864426,0.0009868061954331,0.0062299296004029,2.12734375,2.2265625,240.9534001991708,11.904400140446125,279.13284083277364,13.980725319006044,1927.6272015933664,95.235201123569,osrm,offline,ohare_filtered_vid_1139_sr_20.0,c041946c679f4b75b2f73e72c1d909ec,1139,batches,30.0,,0.9640688846618712,0.695858388799264,0.8082949554452517,0.1917050445547483,0.6782676293421678,0.3300764467967631,6,1,6,12,686.8367047954366,17.812997020186607,208.8956220282884,1139,c041946c679f4b75b2f73e72c1d909ec,ohare_filtered_vid_1139_sr_20.0,osrm,offline,batches,30.0,,osrm,offline,1768186730.637165,1768186730.637165,1,6,0.0,,3344.693871003983,3344.693871003983,3344.693871003983,3344.693871003983,3344.693871003983,3344.693871003983,,,,,,,6.0,325.9375,0.0
12.0,1.9295491772022495,2.631341838478187,23.716335006269844,1448.0477764423076,1499.33984375,535.4153014218854,544.0910673902501,1033.4146489104114,1266.35,6960.3989184845095,7073.183876073252,graphium,online,ohare_filtered_vid_1552_sr_1.0,c93478fa74fe4bf5a1e954c2255982ee,1552,native,5.0,,1.0,0.9294034067505252,0.9634101437768412,0.0365898562231589,0.9294034067505254,0.0705965932494747,7,0,1,8,449.4745917291456,0.0,31.73137492827622,1552,c93478fa74fe4bf5a1e954c2255982ee,ohare_filtered_vid_1552_sr_1.0,graphium,online,native,5.0,,graphium,online,1768186742.7711732,1768186744.357819,10,74,1.5866458415985107,46.63926760457559,276.87673659966094,178.94488999809255,181.94332074926933,733.3848475522234,1093.467835109623,1183.4885819989722,176.29398239983453,178.99131774902344,180.50861358642575,183.12649726867676,183.37040901184082,183.43138694763184,7.4,326.71484375,39.99999999999909
12.0,1.8737872258360968,2.804845269779821,22.98399582673844,1437.6875,1486.4765625,574.2668392266822,568.6327784496988,1012.1175030599754,1291.85,7465.46890994687,7392.226119846084,graphium,online,ohare_filtered_vid_1552_sr_1.0,a502eb9cb57f4fa693ff85b78fc5b5c4,1552,native,10.0,,1.0,0.9294034067505252,0.9634101437768412,0.0365898562231589,0.9294034067505254,0.0705965932494747,7,0,1,8,449.4745917291456,0.0,31.73137492827622,1552,a502eb9cb57f4fa693ff85b78fc5b5c4,ohare_filtered_vid_1552_sr_1.0,graphium,online,native,10.0,,graphium,online,1768186756.8614156,1768186758.4166229,6,74,1.5552072525024414,47.58208263299225,450.60151300155366,352.042528003949,354.60296999917773,950.7364787496044,1109.512839750096,1149.2069300002186,311.0414505004883,351.80139541625977,352.6177406311035,354.9054145812988,355.3629493713379,355.47733306884766,12.333333333333334,326.71484375,20.00000000000091
13.0,1.797061858193124,2.686610345558618,23.99224214803707,1438.739955357143,1482.05078125,540.4453398714955,430.16799016261473,1012.5,992.725,7566.234758200938,6022.351862276606,graphium,online,ohare_filtered_vid_1552_sr_1.0,c3148a8a30c74705940d0ca9ac4be726,1552,native,30.0,,1.0,0.9294034067505252,0.9634101437768412,0.0365898562231589,0.9294034067505254,0.0705965932494747,7,0,1,8,449.4745917291456,0.0,31.73137492827622,1552,c3148a8a30c74705940d0ca9ac4be726,ohare_filtered_vid_1552_sr_1.0,graphium,online,native,30.0,,graphium,online,1768186771.0201943,1768186772.5576398,3,74,1.5374455451965332,48.13178602077936,909.7323083333322,1046.0825970003498,1119.091643999127,1177.4988815981487,1189.180329117953,1192.1006909979042,768.722653388977,768.722653388977,907.48530626297,1018.4954285621643,1040.6974530220032,1046.247959136963,24.666666666666668,326.71484375,30.00000000000091
7.0,0.3552962002150299,0.4383967673499268,2.6231127436174733,189.87456597222223,228.83984375,16169.502426951412,87330.29765002393,20488.573122529644,132444.14942228037,129356.0194156113,698642.3812001914,barefoot,online,ohare_filtered_vid_1552_sr_1.0,a3de41fb66eb4ea6b3d536ff618d95ef,1552,native,,,1.0,1.0,1.0,0.0,1.0,0.0,8,0,0,8,449.4745917291456,0.0,0.0,1552,a3de41fb66eb4ea6b3d536ff618d95ef,ohare_filtered_vid_1552_sr_1.0,barefoot,online,native,,,barefoot,online,1768186774.4466856,1768186776.9700692,74,74,2.523383617401123,29.325703586921872,34.25929714855581,34.429790001013316,35.53527075018792,37.08264385059011,38.166905118268915,38.34944600384915,34.56689886850854,34.61742401123047,35.722970962524414,37.25290298461914,38.33292007446289,38.50698471069336,1.0,326.87109375,120.0
11.0,0.4372876189249524,0.7871313527331188,4.681288670293426,321.1640625,388.11328125,867.2181929584426,398.7513147531761,1257.975,638.475,10406.618315501311,4785.015777038114,graphhopper,offline,ohare_filtered_vid_1552_sr_1.0,f8d9553c6f4c4c338ade1a1275a8d4ca,1552,batches,5.0,50.0,0.4740652110688548,0.6084154421945758,0.5329030022882648,0.4670969977117352,0.3632363798163624,1.0665694326744166,6,3,2,8,449.4745917291456,303.3885510550889,176.00730924703103,1552,f8d9553c6f4c4c338ade1a1275a8d4ca,ohare_filtered_vid_1552_sr_1.0,graphhopper,offline,batches,5.0,50.0,graphhopper,offline,1768186793.1870646,1768186795.7155004,15,74,2.528435707092285,29.267107639885534,184.1432599336258,182.82351100060623,183.79468100101803,206.18182139660345,230.17932108152306,236.178696002753,180.6025505065918,182.82580375671387,183.71838331222534,192.94172525405884,193.41470003128055,193.53294372558597,4.933333333333334,326.87109375,59.99999999999909
11.0,0.4327347527251857,0.6478162041379312,4.545000828564297,319.67728365384613,356.42578125,1124.0601134178935,396.07072435585286,2090.8500000000004,804.975,13488.72136101472,4752.848692270234,graphhopper,offline,ohare_filtered_vid_1552_sr_1.0,fa51daf5529542da8fcbd725d1549b7d,1552,batches,10.0,50.0,0.4992403200297191,0.6084154421945758,0.5484475058610061,0.4515524941389939,0.3778351165910292,1.0018516173734413,6,3,2,8,449.4745917291456,274.2995374450807,176.00730924703103,1552,fa51daf5529542da8fcbd725d1549b7d,ohare_filtered_vid_1552_sr_1.0,graphhopper,offline,batches,10.0,50.0,graphhopper,offline,1768186802.1081245,1768186804.391739,8,74,2.28361439704895,32.40477030431587,336.6878858741984,357.08805350077455,360.3347452444723,394.15584244488855,407.60315408479073,410.9649819947663,326.230594090053,355.70693016052246,359.2360019683838,362.0521306991577,362.8876066207886,363.0964756011963,9.25,326.87109375,40.0
11.0,0.3684996217873062,0.6997314204508858,3.7222640409967886,285.18722098214283,340.0,1044.6795739229012,176.18521994429125,1830.011458725971,333.20000000000005,12536.154887074814,2114.222639331495,graphhopper,offline,ohare_filtered_vid_1552_sr_1.0,100fbae6a65f4541987693ef4fd075a8,1552,batches,30.0,50.0,0.529008119006777,0.6084154421945758,0.5659399358847153,0.4340600641152847,0.3946417239042639,0.9332751732208668,6,1,2,8,449.4745917291456,243.47616820736567,176.00730924703103,1552,100fbae6a65f4541987693ef4fd075a8,ohare_filtered_vid_1552_sr_1.0,graphhopper,offline,batches,30.0,50.0,graphhopper,offline,1768186811.4746437,1768186813.0326538,3,74,1.5580101013183594,47.49648281316185,888.992424668686,1065.440630998637,1087.389484000596,1104.9485664021631,1108.4603828824766,1109.338337002555,779.0050506591797,779.0050506591797,922.3278760910034,1036.9861364364624,1059.9177885055542,1065.6507015228271,24.666666666666668,326.87109375,49.99999999999909
6.0,0.0028345043501048,0.0032415912473794,0.0173191740041928,6.206163194444445,7.57421875,1314.585324947589,2527.003713686732,1596.641928721174,3077.507756813417,9202.097274633124,17689.025995807126,osrm,offline,ohare_filtered_vid_1552_sr_1.0,1010999fe6d9454ab7fc2278f6391b23,1552,batches,5.0,,1.0,0.9294034067505252,0.9634101437768412,0.0365898562231589,0.9294034067505254,0.0705965932494747,7,0,1,8,449.4745917291456,0.0,31.73137492827622,1552,1010999fe6d9454ab7fc2278f6391b23,ohare_filtered_vid_1552_sr_1.0,osrm,offline,batches,5.0,,osrm,offline,1768186814.0911276,1768186816.5028076,15,74,2.411679983139038,30.684004725901378,170.07426166625615,174.58206000446808,174.90475449812948,175.22942609793972,175.29115881829057,175.30659199837828,172.26285593850272,174.75354671478271,175.08715391159058,175.3807544708252,175.43679237365723,175.45080184936523,4.933333333333334,326.87109375,20.0
6.0,0.0019268127926705,0.0022392271971496,0.0118172271971496,4.635416666666667,5.546875,720.1062097047844,1345.3862911435358,870.7357482185273,1634.7724465558194,5040.743467933491,9417.704038004753,osrm,offline,ohare_filtered_vid_1552_sr_1.0,dc67d3b5205549f185f017ce49886817,1552,batches,10.0,,1.0,0.9294034067505252,0.9634101437768412,0.0365898562231589,0.9294034067505254,0.0705965932494747,7,0,1,8,449.4745917291456,0.0,31.73137492827622,1552,dc67d3b5205549f185f017ce49886817,ohare_filtered_vid_1552_sr_1.0,osrm,offline,batches,10.0,,osrm,offline,1768186817.7222416,1768186819.9463952,8,74,2.224153518676758,33.271084652477455,317.02673887775745,347.2575810046692,347.9433835018426,348.3055542012153,348.4130820403516,348.43996400013566,317.7362169538225,347.806453704834,348.1253385543823,348.4933614730835,348.5925245285034,348.6173152923584,9.25,326.87109375,30.0
6.0,0.0013432484386216,0.0014816672738693,0.0083526672738693,3.572265625,3.8828125,379.6275305096913,977.5637832017228,429.1448492462311,1112.3363065326632,2657.392713567839,6842.946482412059,osrm,offline,ohare_filtered_vid_1552_sr_1.0,ee2d333cc4fd433a9ed20cac3e0d3f95,1552,batches,30.0,,1.0,1.0,1.0,0.0,1.0,0.0,8,0,0,8,449.4745917291456,0.0,0.0,1552,ee2d333cc4fd433a9ed20cac3e0d3f95,ohare_filtered_vid_1552_sr_1.0,osrm,offline,batches,30.0,,osrm,offline,1768186821.870167,1768186823.392509,3,74,1.5223419666290283,48.60931487283414,841.7498196674084,1003.1629770019208,1019.864834001055,1033.2263196003623,1035.8986167202238,1036.5666910001892,761.1709833145142,761.1709833145142,898.9234566688538,1009.1254353523254,1031.1658310890198,1036.6759300231934,24.666666666666668,326.87109375,30.0
13.0,1.7837877362105938,2.7429108923714542,23.76012204380048,1433.889787946429,1489.9296875,152.4446882327698,4.47298493789288,310.5484520123839,11.448142414860682,2134.2256352587774,62.62178913050032,graphium,online,ohare_filtered_vid_1552_sr_5.0,3633b159235d4d7c992235d011afef44,1552,native,5.0,,1.0,0.9294034067505252,0.9634101437768412,0.0365898562231589,0.9294034067505254,0.0705965932494747,7,0,1,8,449.4745917291456,0.0,31.73137492827622,1552,3633b159235d4d7c992235d011afef44,ohare_filtered_vid_1552_sr_5.0,graphium,online,native,5.0,,graphium,online,1768186837.0280845,1768186837.0280845,1,16,0.0,,2721.0721490046126,2721.0721490046126,2721.0721490046126,2721.0721490046126,2721.0721490046126,2721.0721490046126,,,,,,,16.0,327.12109375,10.0
13.0,1.6767746123104426,2.49956368689208,22.30486390733242,1429.908203125,1478.6953125,135.4841746451003,4.515706686358564,300.1902959481773,12.297393515575331,1896.7784450314043,63.21989360901989,graphium,online,ohare_filtered_vid_1552_sr_5.0,d843ebd2ca9647349ab2fb4e6a87e91b,1552,native,10.0,,1.0,0.9294034067505252,0.9634101437768412,0.0365898562231589,0.9294034067505254,0.0705965932494747,7,0,1,8,449.4745917291456,0.0,31.73137492827622,1552,d843ebd2ca9647349ab2fb4e6a87e91b,ohare_filtered_vid_1552_sr_5.0,graphium,online,native,10.0,,graphium,online,1768186851.1099107,1768186851.1099107,1,16,0.0,,2727.711072999228,2727.711072999228,2727.711072999228,2727.711072999228,2727.711072999228,2727.711072999228,,,,,,,16.0,327.12109375,10.0
13.0,1.7598771410415448,2.731897421729677,23.44106514124829,1433.097935267857,1484.35546875,138.8394434270524,4.046518529029768,282.7032506547528,11.2,1943.7522079787336,56.65125940641676,graphium,online,ohare_filtered_vid_1552_sr_5.0,0e243e2431fa4640b412289f1f774e8a,1552,native,30.0,,1.0,0.9294034067505252,0.9634101437768412,0.0365898562231589,0.9294034067505254,0.0705965932494747,7,0,1,8,449.4745917291456,0.0,31.73137492827622,1552,0e243e2431fa4640b412289f1f774e8a,ohare_filtered_vid_1552_sr_5.0,graphium,online,native,30.0,,graphium,online,1768186865.1707296,1768186865.1707296,1,16,0.0,,2715.9437860027538,2715.9437860027538,2715.9437860027538,2715.9437860027538,2715.9437860027538,2715.9437860027538,,,,,,,16.0,327.12109375,0.0
7.0,0.225001967986668,0.2741626287619841,1.6388716434528154,140.46310763888889,176.00390625,11699.40359238024,13063.227719413357,14331.449687369735,17538.747673602993,93595.22873904192,104505.82175530684,barefoot,online,ohare_filtered_vid_1552_sr_5.0,b99d53ee630f491bbb84e21ff3028073,1552,native,,,1.0,0.9294034067505252,0.9634101437768412,0.0365898562231589,0.9294034067505254,0.0705965932494747,7,0,1,8,449.4745917291456,0.0,31.73137492827622,1552,b99d53ee630f491bbb84e21ff3028073,ohare_filtered_vid_1552_sr_5.0,barefoot,online,native,,,barefoot,online,1768186867.0575194,1768186869.5690763,16,16,2.51155686378479,6.370550565950079,158.15647718773107,167.56024249843904,170.74534899984428,172.80720799863047,173.58269600044878,173.77656800090335,167.43712425231934,168.00498962402344,170.90928554534912,173.03845882415771,173.77719402313232,173.96187782287598,1.0,327.12109375,20.0
11.0,0.3966816512857498,0.6778296303710094,4.082350185057988,310.8076923076923,347.36328125,336.293868210275,87.73883629491537,521.9299771819738,179.225,4035.5264185233,1052.8660355389843,graphhopper,offline,ohare_filtered_vid_1552_sr_5.0,13269fc68ea74056abf66fba327859f5,1552,batches,5.0,50.0,0.4784629057152914,0.5305867466122272,0.5031785619915343,0.4968214380084657,0.3361647215990024,1.047766698949925,5,2,3,8,449.4745917291456,259.955178819193,210.9893304187192,1552,13269fc68ea74056abf66fba327859f5,ohare_filtered_vid_1552_sr_5.0,graphhopper,offline,batches,5.0,50.0,graphhopper,offline,1768186886.3305094,1768186888.19964,4,16,1.8691306114196777,8.560129453900162,661.1160947504686,812.5856000006024,849.856134997026,850.9989549984311,851.2275189987122,851.2846599987824,623.0435371398926,849.5371341705322,850.4942655563354,851.259970664978,851.4131116867065,851.4513969421387,4.0,327.12109375,30.0
11.0,0.4028028641790453,0.8255893460047006,4.251843320266053,292.06026785714283,348.0234375,423.5216796217849,104.67686602962269,639.258702836684,178.73333333333332,5082.260155461419,1256.122392355472,graphhopper,offline,ohare_filtered_vid_1552_sr_5.0,8c550cf5a2f34f8e86a109644ec043e9,1552,batches,10.0,50.0,0.529008119006777,0.6084154421945758,0.5659399358847153,0.4340600641152847,0.3946417239042639,0.9332751732208668,6,1,2,8,449.4745917291456,243.47616820736567,176.00730924703103,1552,8c550cf5a2f34f8e86a109644ec043e9,ohare_filtered_vid_1552_sr_5.0,graphhopper,offline,batches,10.0,50.0,graphhopper,offline,1768186895.7486577,1768186896.7656667,2,16,1.0170090198516846,15.732407174061601,1319.6979070016823,1319.6979070016823,1471.1231290038995,1592.2633066056733,1616.491342126028,1622.5483510061167,1017.0092582702636,1017.0092582702636,1017.0092582702636,1017.0092582702636,1017.0092582702636,1017.0092582702636,8.0,327.12109375,10.0
11.0,0.4016711664132618,0.7634106733939001,4.324288813506838,337.08052884615387,375.34375,210.3956116729097,7.981301095170124,305.8563482466747,11.995678823168864,2524.7473400749163,95.7756131420415,graphhopper,offline,ohare_filtered_vid_1552_sr_5.0,41546043310f4388b54be454727af063,1552,batches,30.0,50.0,0.529008119006777,0.6084154421945758,0.5659399358847153,0.4340600641152847,0.3946417239042639,0.9332751732208668,6,1,2,8,449.4745917291456,243.47616820736567,176.00730924703103,1552,41546043310f4388b54be454727af063,ohare_filtered_vid_1552_sr_5.0,graphhopper,offline,batches,30.0,50.0,graphhopper,offline,1768186905.29046,1768186905.29046,1,16,0.0,,2631.4238630002365,2631.4238630002365,2631.4238630002365,2631.4238630002365,2631.4238630002365,2631.4238630002365,,,,,,,16.0,327.12109375,10.0
6.0,0.0013527296928327,0.0016037549488054,0.008307590443686,2.8424479166666665,3.23046875,229.42111165285223,374.5730862993661,275.96109215017066,457.6753128555176,1605.9477815699656,2622.011604095563,osrm,offline,ohare_filtered_vid_1552_sr_5.0,c455d6f013be406da0dc2df5e0457156,1552,batches,5.0,,1.0,0.8628781412256499,0.9263924699421654,0.0736075300578346,0.8628781412256498,0.1371218587743503,5,0,3,8,449.4745917291456,0.0,61.63279148974266,1552,c455d6f013be406da0dc2df5e0457156,ohare_filtered_vid_1552_sr_5.0,osrm,offline,batches,5.0,,osrm,offline,1768186906.898558,1768186908.7494054,4,16,1.8508474826812744,8.644688527669075,630.9884455022257,757.3623589996714,841.2125257527805,841.325524354761,841.3481240751571,841.3537740052561,616.9490814208984,841.3448333740234,841.4191007614136,841.4785146713257,841.4903974533081,841.4933681488037,4.0,327.12109375,10.0
6.0,0.0011352514285714,0.0011835599999999,0.0067632,2.14208984375,2.2109375,106.19428571428573,8.459999999999999,110.96,8.82,743.36,59.21999999999999,osrm,offline,ohare_filtered_vid_1552_sr_5.0,ef6aac2db17c4a419e83316eedc7f18c,1552,batches,10.0,,1.0,0.8628781412256499,0.9263924699421654,0.0736075300578346,0.8628781412256498,0.1371218587743503,5,0,3,8,449.4745917291456,0.0,61.63279148974266,1552,ef6aac2db17c4a419e83316eedc7f18c,ohare_filtered_vid_1552_sr_5.0,osrm,offline,batches,10.0,,osrm,offline,1768186911.1830702,1768186912.1921625,2,16,1.0090923309326172,15.85583351447392,1260.5301485018572,1260.5301485018572,1386.3349857529101,1486.9788555537525,1507.107629513921,1512.139823003963,1009.0923309326172,1009.0923309326172,1009.0923309326172,1009.0923309326172,1009.0923309326172,1009.0923309326172,8.0,327.12109375,20.0
7.0,0.0009684432231087,0.001172871106758,0.0065746746781115,2.1080729166666665,2.1953125,225.0072775102672,11.99611637374786,287.28755364806864,14.357510729613734,1800.0582200821375,95.96893098998288,osrm,offline,ohare_filtered_vid_1552_sr_5.0,e08c8faa11114c2bb6898b88942ac16d,1552,batches,30.0,,1.0,0.8628781412256499,0.9263924699421654,0.0736075300578346,0.8628781412256498,0.1371218587743503,5,0,3,8,449.4745917291456,0.0,61.63279148974266,1552,e08c8faa11114c2bb6898b88942ac16d,ohare_filtered_vid_1552_sr_5.0,osrm,offline,batches,30.0,,osrm,offline,1768186915.6222768,1768186915.6222768,1,16,0.0,,2518.94599100342,2518.94599100342,2518.94599100342,2518.94599100342,2518.94599100342,2518.94599100342,,,,,,,16.0,327.12109375,9.99999999999909
12.0,1.8802556582721337,2.7169536675097725,23.105990924163763,1446.5225360576924,1487.7109375,145.85672802966786,4.158327190520851,298.41969543147206,10.510659898477158,1896.137464385682,54.05825347677107,graphium,online,ohare_filtered_vid_1552_sr_10.0,0020fcef10544182a0e5f7c4cb43c341,1552,native,5.0,,1.0,0.9294034067505252,0.9634101437768412,0.0365898562231589,0.9294034067505254,0.0705965932494747,7,0,1,8,449.4745917291456,0.0,31.73137492827622,1552,0020fcef10544182a0e5f7c4cb43c341,ohare_filtered_vid_1552_sr_10.0,graphium,online,native,5.0,,graphium,online,1768186929.453997,1768186929.453997,1,9,0.0,,2889.0853540069656,2889.0853540069656,2889.0853540069656,2889.0853540069656,2889.0853540069656,2889.0853540069656,,,,,,,9.0,327.2421875,0.0
13.0,1.7377693159954275,2.512574530318371,23.000597016929618,1445.8490513392858,1483.70703125,214.78924035170988,14.349869782388634,320.8430872986137,25.94620148013895,3007.0493649239384,200.89817695344087,graphium,online,ohare_filtered_vid_1552_sr_10.0,f952ab810ad645fc8c5d38aeb07ba750,1552,native,10.0,,1.0,0.9294034067505252,0.9634101437768412,0.0365898562231589,0.9294034067505254,0.0705965932494747,7,0,1,8,449.4745917291456,0.0,31.73137492827622,1552,f952ab810ad645fc8c5d38aeb07ba750,ohare_filtered_vid_1552_sr_10.0,graphium,online,native,10.0,,graphium,online,1768186943.745536,1768186943.745536,1,9,0.0,,2885.561401999439,2885.561401999439,2885.561401999439,2885.561401999439,2885.561401999439,2885.561401999439,,,,,,,9.0,327.2421875,10.00000000000091
13.0,1.903673544808476,2.836585447985569,25.315904668887946,1440.181361607143,1482.32421875,144.89053429695878,4.459691298893712,309.7311740890688,11.116396761133602,2028.4674801574229,62.43567818451197,graphium,online,ohare_filtered_vid_1552_sr_10.0,3d31a4e5f2bc4545bf3c300b24819322,1552,native,30.0,,1.0,0.9294034067505252,0.9634101437768412,0.0365898562231589,0.9294034067505254,0.0705965932494747,7,0,1,8,449.4745917291456,0.0,31.73137492827622,1552,3d31a4e5f2bc4545bf3c300b24819322,ohare_filtered_vid_1552_sr_10.0,graphium,online,native,30.0,,graphium,online,1768186957.9914262,1768186957.9914262,1,9,0.0,,2888.044578998233,2888.044578998233,2888.044578998233,2888.044578998233,2888.044578998233,2888.044578998233,,,,,,,9.0,327.2421875,10.00000000000091
7.0,0.1727417062044436,0.219567452346907,1.255989631318717,105.17317708333331,127.59375,11582.963849212736,4344.158050643791,15299.720297029704,6110.147155735158,92663.71079370187,34753.26440515033,barefoot,online,ohare_filtered_vid_1552_sr_10.0,b9466075a17744609df4c045fff2bbf6,1552,native,,,1.0,0.9294034067505252,0.9634101437768412,0.0365898562231589,0.9294034067505254,0.0705965932494747,7,0,1,8,449.4745917291456,0.0,31.73137492827622,1552,b9466075a17744609df4c045fff2bbf6,ohare_filtered_vid_1552_sr_10.0,barefoot,online,native,,,barefoot,online,1768186959.8645675,1768186962.5357497,9,9,2.671182155609131,3.369294745063037,299.0380595567533,333.4578150024754,334.8370360035915,339.40662340319255,339.6138774842257,339.665691004484,333.89776945114136,334.11192893981934,336.0430002212525,339.5995616912842,339.7659206390381,339.80751037597656,1.0,327.2421875,0.0
11.0,0.3799913853845064,0.6811432945720252,4.104783288288398,293.6252790178572,349.3515625,328.59446100699694,90.7073670636104,535.1662569543279,177.08052788200283,3943.133532083964,1088.4884047633248,graphhopper,offline,ohare_filtered_vid_1552_sr_10.0,e3d95981558749c78ac20408695ea5bb,1552,batches,5.0,50.0,1.0,0.4328785424821496,0.604208283742294,0.395791716257706,0.4328785424821495,0.5671214575178505,5,0,3,8,449.4745917291456,0.0,254.90668557867383,1552,e3d95981558749c78ac20408695ea5bb,ohare_filtered_vid_1552_sr_10.0,graphhopper,offline,batches,5.0,50.0,graphhopper,offline,1768186979.9435308,1768186981.2834685,2,9,1.339937686920166,6.716730253842187,1392.1430290029093,1392.1430290029093,1418.342766502974,1439.3025565030257,1443.494514503036,1444.5425040030386,1339.937686920166,1339.937686920166,1339.937686920166,1339.937686920166,1339.937686920166,1339.937686920166,4.5,327.2421875,0.0
11.0,0.3714021346238716,0.6478829022774327,3.808942713209026,311.05775669642856,374.1875,208.79163821316465,8.14823540566181,294.58253664754625,12.665448249326664,2505.499658557976,97.77882486794172,graphhopper,offline,ohare_filtered_vid_1552_sr_10.0,26ef0e9777f5414bb9addb4091baff30,1552,batches,10.0,50.0,0.529008119006777,0.6084154421945758,0.5659399358847153,0.4340600641152847,0.3946417239042639,0.9332751732208668,6,1,2,8,449.4745917291456,243.47616820736567,176.00730924703103,1552,26ef0e9777f5414bb9addb4091baff30,ohare_filtered_vid_1552_sr_10.0,graphhopper,offline,batches,10.0,50.0,graphhopper,offline,1768186990.01973,1768186990.01973,1,9,0.0,,2784.2916420049733,2784.2916420049733,2784.2916420049733,2784.2916420049733,2784.2916420049733,2784.2916420049733,,,,,,,9.0,327.2421875,0.0
12.0,0.3640922596706882,0.6216093611181703,4.2600558236894255,343.9375,378.34765625,197.54467603222992,7.775974907312928,287.0389807948279,14.730241423125792,2568.080788418989,101.08767379506806,graphhopper,offline,ohare_filtered_vid_1552_sr_10.0,c34690a1b9f044e290d8b2f68b87fe9b,1552,batches,30.0,50.0,0.529008119006777,0.6084154421945758,0.5659399358847153,0.4340600641152847,0.3946417239042639,0.9332751732208668,6,1,2,8,449.4745917291456,243.47616820736567,176.00730924703103,1552,c34690a1b9f044e290d8b2f68b87fe9b,ohare_filtered_vid_1552_sr_10.0,graphhopper,offline,batches,30.0,50.0,graphhopper,offline,1768186998.745057,1768186998.745057,1,9,0.0,,2792.465651000384,2792.465651000384,2792.465651000384,2792.465651000384,2792.465651000384,2792.465651000384,,,,,,,9.0,327.2421875,10.0
5.0,0.0014591987511737,0.0014971925070422,0.007258,2.01171875,2.2109375,35.38426291079812,8.443971830985914,36.30557746478873,8.663830985915492,212.3055774647887,50.66383098591549,osrm,offline,ohare_filtered_vid_1552_sr_10.0,110753470e9b47ee8e53dd01814b9534,1552,batches,5.0,,1.0,0.3663532769572739,0.5362497139438264,0.4637502860561736,0.3663532769572739,0.6336467230427261,3,0,5,8,449.4745917291456,0.0,284.8081021401403,1552,110753470e9b47ee8e53dd01814b9534,ohare_filtered_vid_1552_sr_10.0,osrm,offline,batches,5.0,,osrm,offline,1768187001.0717435,1768187002.4113293,2,9,1.339585781097412,6.718494722022984,1340.9173899999587,1340.9173899999587,1341.6504915003316,1342.2369727006298,1342.3542689406895,1342.3835930007044,1339.585781097412,1339.585781097412,1339.585781097412,1339.585781097412,1339.585781097412,1339.585781097412,4.5,327.2421875,9.99999999999909
6.0,0.0,0.0,0.0,2.3671875,2.88671875,220.20827285787848,11.970741107438483,268.3705481673694,13.48345767109958,1541.4579100051492,83.79518775206938,osrm,offline,ohare_filtered_vid_1552_sr_10.0,dea8664284204662afe9b1f60c78ef34,1552,batches,10.0,,1.0,0.8628781412256499,0.9263924699421654,0.0736075300578346,0.8628781412256498,0.1371218587743503,5,0,3,8,449.4745917291456,0.0,61.63279148974266,1552,dea8664284204662afe9b1f60c78ef34,ohare_filtered_vid_1552_sr_10.0,osrm,offline,batches,10.0,,osrm,offline,1768187006.007095,1768187006.007095,1,9,0.0,,2681.64895499649,2681.64895499649,2681.64895499649,2681.64895499649,2681.64895499649,2681.64895499649,,,,,,,9.0,327.2421875,0.0
7.0,0.0008209735502785,0.0010372541821561,0.0055305342200725,2.1128472222222223,2.203125,155.87002172364993,12.036421028440683,192.55989520354697,14.21076178960097,1246.9601737891994,96.29136822752548,osrm,offline,ohare_filtered_vid_1552_sr_10.0,2f0a0846a38d4fac95452d5219a9beec,1552,batches,30.0,,1.0,0.8628781412256499,0.9263924699421654,0.0736075300578346,0.8628781412256498,0.1371218587743503,5,0,3,8,449.4745917291456,0.0,61.63279148974266,1552,2f0a0846a38d4fac95452d5219a9beec,ohare_filtered_vid_1552_sr_10.0,osrm,offline,batches,30.0,,osrm,offline,1768187009.6095116,1768187009.6095116,1,9,0.0,,2682.701827994606,2682.701827994606,2682.701827994606,2682.701827994606,2682.701827994606,2682.701827994606,,,,,,,9.0,327.2421875,10.00000000000091
12.0,1.8802187730358424,2.5946459975114062,23.062967836218245,1444.8452524038462,1474.390625,146.4526719670935,4.262231725713803,293.21262385321097,11.75576146788991,1903.8847355722155,55.40901243427943,graphium,online,ohare_filtered_vid_1552_sr_20.0,e24cf6d31fc340cf80638422bade9bf7,1552,native,5.0,,1.0,0.9294034067505252,0.9634101437768412,0.0365898562231589,0.9294034067505254,0.0705965932494747,7,0,1,8,449.4745917291456,0.0,31.73137492827622,1552,e24cf6d31fc340cf80638422bade9bf7,ohare_filtered_vid_1552_sr_20.0,graphium,online,native,5.0,,graphium,online,1768187023.3703508,1768187023.3703508,1,5,0.0,,2813.3993779993034,2813.3993779993034,2813.3993779993034,2813.3993779993034,2813.3993779993034,2813.3993779993034,,,,,,,5.0,327.41796875,10.0
13.0,1.7383348358413797,2.6742185254192177,23.01371004586922,1445.148716517857,1487.8828125,135.2430368391886,4.381938054527256,300.79796285200723,11.096327513546056,1893.40251574864,61.34713276338159,graphium,online,ohare_filtered_vid_1552_sr_20.0,5b6c8f7a62514ad5824109ed5b43ee0d,1552,native,10.0,,1.0,0.9294034067505252,0.9634101437768412,0.0365898562231589,0.9294034067505254,0.0705965932494747,7,0,1,8,449.4745917291456,0.0,31.73137492827622,1552,5b6c8f7a62514ad5824109ed5b43ee0d,ohare_filtered_vid_1552_sr_20.0,graphium,online,native,10.0,,graphium,online,1768187037.571481,1768187037.571481,1,5,0.0,,2819.5210120029515,2819.5210120029515,2819.5210120029515,2819.5210120029515,2819.5210120029515,2819.5210120029515,,,,,,,5.0,327.41796875,0.0
13.0,1.852900640464348,2.809168880909635,24.630057965920443,1440.05078125,1483.625,221.6407093103041,295.5830971650311,296.57781923714754,746.8500000000001,3102.969930344257,4138.163360310436,graphium,online,ohare_filtered_vid_1552_sr_20.0,ddab343bd23843839ebe1aed64543564,1552,native,30.0,,1.0,0.9294034067505252,0.9634101437768412,0.0365898562231589,0.9294034067505254,0.0705965932494747,7,0,1,8,449.4745917291456,0.0,31.73137492827622,1552,ddab343bd23843839ebe1aed64543564,ohare_filtered_vid_1552_sr_20.0,graphium,online,native,30.0,,graphium,online,1768187051.772858,1768187051.772858,1,5,0.0,,2823.158138002327,2823.158138002327,2823.158138002327,2823.158138002327,2823.158138002327,2823.158138002327,,,,,,,5.0,327.41796875,0.0
6.0,0.1792661137607087,0.2051532422880963,1.080771902143747,83.89208984375,108.875,12052.53869931868,2526.883776786813,14423.156878850104,3640.2833719314494,84367.77089523076,17688.18643750769,barefoot,online,ohare_filtered_vid_1552_sr_20.0,a1c33ffea69540b298e3316e73fa1086,1552,native,,,1.0,0.9294034067505252,0.9634101437768412,0.0365898562231589,0.9294034067505254,0.0705965932494747,7,0,1,8,449.4745917291456,0.0,31.73137492827622,1552,a1c33ffea69540b298e3316e73fa1086,ohare_filtered_vid_1552_sr_20.0,barefoot,online,native,,,barefoot,online,1768187053.7714453,1768187056.4345117,5,5,2.6630663871765137,1.8775348688551448,538.2645092002349,664.6790009981487,670.178977001342,671.2397593975766,671.4519158768235,671.5049549966352,665.7665967941284,667.599081993103,670.6928014755249,671.46155834198,671.615309715271,671.6537475585938,1.0,327.41796875,0.0
12.0,0.3313903293729166,0.7128224702651516,3.933314785067613,294.7109375,318.98046875,185.8416301120813,7.412589350056895,287.8953253143794,11.981925925925925,2415.941191457057,96.36366155073964,graphhopper,offline,ohare_filtered_vid_1552_sr_20.0,8ea3228f3e7940328939b951f64cbab1,1552,batches,5.0,50.0,0.4728937424113453,0.5146094298992373,0.4928704757794554,0.5071295242205446,0.3270259575296672,1.0589947995220703,5,2,3,8,449.4745917291456,257.8205268332534,218.1707283252176,1552,8ea3228f3e7940328939b951f64cbab1,ohare_filtered_vid_1552_sr_20.0,graphhopper,offline,batches,5.0,50.0,graphhopper,offline,1768187075.1794047,1768187075.179676,2,5,0.0002713203430175781,18428.4007029877,1389.0151095001784,1389.0151095001784,2083.4239282503404,2638.95098325047,2750.056394250496,2777.8327470005024,0.2713203430175781,0.2713203430175781,0.2713203430175781,0.2713203430175781,0.2713203430175781,0.2713203430175781,2.5,327.41796875,10.0
12.0,0.3634275091407911,0.725016034266765,4.300760523399187,327.8978794642857,353.21875,195.31304482022645,7.674888116418943,292.95288246429186,13.362958579881656,2539.069582662944,99.77354551344628,graphhopper,offline,ohare_filtered_vid_1552_sr_20.0,d595c72c5005498c9c4c401398a7458c,1552,batches,10.0,50.0,0.4728937424113453,0.5146094298992373,0.4928704757794554,0.5071295242205446,0.3270259575296672,1.0589947995220703,5,2,3,8,449.4745917291456,257.8205268332534,218.1707283252176,1552,d595c72c5005498c9c4c401398a7458c,ohare_filtered_vid_1552_sr_20.0,graphhopper,offline,batches,10.0,50.0,graphhopper,offline,1768187083.887156,1768187083.887156,1,5,0.0,,2783.281355004874,2783.281355004874,2783.281355004874,2783.281355004874,2783.281355004874,2783.281355004874,,,,,,,5.0,327.41796875,0.0
12.0,0.3421395182320639,0.6087113999999999,3.909246527103378,298.72739955357144,332.953125,192.27581543545676,7.3075687253800385,312.0286540198735,12.146203763789748,2499.5856006609374,94.9983934299405,graphhopper,offline,ohare_filtered_vid_1552_sr_20.0,7dc1c267793440078247eebc031158a0,1552,batches,30.0,50.0,0.4728937424113453,0.5146094298992373,0.4928704757794554,0.5071295242205446,0.3270259575296672,1.0589947995220703,5,2,3,8,449.4745917291456,257.8205268332534,218.1707283252176,1552,7dc1c267793440078247eebc031158a0,ohare_filtered_vid_1552_sr_20.0,graphhopper,offline,batches,30.0,50.0,graphhopper,offline,1768187092.58708,1768187092.58708,1,5,0.0,,2769.844139002089,2769.844139002089,2769.844139002089,2769.844139002089,2769.844139002089,2769.844139002089,,,,,,,5.0,327.41796875,10.0
6.0,0.0004502093387178,0.0005632291519434,0.0027422291519434,2.1591796875,2.23046875,202.40426552246345,8.677738515901058,259.30318021201407,10.85618374558304,1416.829858657244,60.74416961130741,osrm,offline,ohare_filtered_vid_1552_sr_20.0,0a2271a31ad84085952dd665c9c334ab,1552,batches,5.0,,1.0,0.8628781412256499,0.9263924699421654,0.0736075300578346,0.8628781412256498,0.1371218587743503,5,0,3,8,449.4745917291456,0.0,61.63279148974266,1552,0a2271a31ad84085952dd665c9c334ab,ohare_filtered_vid_1552_sr_20.0,osrm,offline,batches,5.0,,osrm,offline,1768187096.230104,1768187096.2303598,2,5,0.00025582313537597656,19544.75302889096,1338.173297499452,1338.173297499452,2007.1682037505525,2542.364128751433,2649.403313751609,2676.163110001653,0.2558231353759765,0.2558231353759765,0.2558231353759765,0.2558231353759765,0.2558231353759765,0.2558231353759765,2.5,327.41796875,0.0
7.0,0.0009864720323741,0.0011787701438848,0.0071079701438848,2.118055555555556,2.1953125,61.0929856115108,8.38531175059952,73.0021582733813,10.019904076738609,488.7438848920864,67.08249400479616,osrm,offline,ohare_filtered_vid_1552_sr_20.0,8a612aa7391245b1a4ad50ee384e691f,1552,batches,10.0,,1.0,0.8628781412256499,0.9263924699421654,0.0736075300578346,0.8628781412256498,0.1371218587743503,5,0,3,8,449.4745917291456,0.0,61.63279148974266,1552,8a612aa7391245b1a4ad50ee384e691f,ohare_filtered_vid_1552_sr_20.0,osrm,offline,batches,10.0,,osrm,offline,1768187099.82121,1768187099.82121,1,5,0.0,,2676.535728998715,2676.535728998715,2676.535728998715,2676.535728998715,2676.535728998715,2676.535728998715,,,,,,,5.0,327.41796875,0.0
6.0,0.0010041367261489,0.0012052165038381,0.0061702165038381,2.10498046875,2.203125,139.37938889442725,8.49420795533845,170.60446615491975,10.195184926727146,975.6557222609908,59.45945568736915,osrm,offline,ohare_filtered_vid_1552_sr_20.0,6f65680b9c2647f887ce4f28edf851f5,1552,batches,30.0,,1.0,0.8628781412256499,0.9263924699421654,0.0736075300578346,0.8628781412256498,0.1371218587743503,5,0,3,8,449.4745917291456,0.0,61.63279148974266,1552,6f65680b9c2647f887ce4f28edf851f5,ohare_filtered_vid_1552_sr_20.0,osrm,offline,batches,30.0,,osrm,offline,1768187103.418888,1768187103.418888,1,5,0.0,,2677.064478993998,2677.064478993998,2677.064478993998,2677.064478993998,2677.064478993998,2677.064478993998,,,,,,,5.0,327.41796875,0.0
18.0,1.488448600308819,2.4916726733990413,27.03221715791251,1438.1831825657894,1502.5,5606.260315558337,1865.1803208258505,14033.33757094211,4869.5752553916,106518.94599560842,35438.42609569116,graphium,online,ohare_filtered_vid_749_sr_1.0,54a7a198f1944333b30dc65b826c6ac9,749,native,5.0,,0.9776759589683116,0.8038515216294745,0.8822836760435764,0.1177163239564236,0.7893627901223833,0.2145034498594206,8,1,4,12,673.6772280746211,12.365326314027568,132.14076319971042,749,54a7a198f1944333b30dc65b826c6ac9,ohare_filtered_vid_749_sr_1.0,graphium,online,native,5.0,,graphium,online,1768187115.502886,1768187122.3234625,74,210,6.820576429367065,30.789186540863607,107.12635148573443,48.84798399871215,176.65214324370027,179.2960952516296,436.7414959011475,1116.9463490005,93.4325538269461,48.76446723937988,176.75185203552246,178.59516143798828,181.92191123962402,185.3053569793701,2.8378378378378377,328.84375,129.9999999999991
17.0,1.4906341704519068,2.779495708680725,25.536467417892776,1440.5243055555557,1479.3671875,4489.925695126734,1201.241192635815,9394.074999999995,2800.125,80818.66251228123,21622.34146744467,graphium,online,ohare_filtered_vid_749_sr_1.0,cac2e0ad09d54621b5a7e88b5f480914,749,native,10.0,,0.979981779446266,0.8985582696069202,0.937505412705328,0.0624945872946719,0.882362530516422,0.119796701881975,10,1,2,12,673.6772280746211,12.365326314027568,68.3389837423031,749,cac2e0ad09d54621b5a7e88b5f480914,ohare_filtered_vid_749_sr_1.0,graphium,online,native,10.0,,graphium,online,1768187134.8071878,1768187141.470747,33,210,6.663559198379517,31.514689634792923,235.52870133337848,348.8481660024263,351.2269240018213,364.66918499791063,876.5347300012943,1113.999674002116,208.2362249493599,264.2993927001953,350.84956884384155,357.84332752227783,368.3258390426636,372.0853328704834,6.363636363636363,328.84375,100.00000000000091
18.0,1.3549393402103749,2.4955889553484494,24.46380300474439,1448.361636513158,1479.08203125,3841.012668147536,720.9833335096379,9188.03907788162,1768.8876012461058,72979.24069480319,13698.68333668312,graphium,online,ohare_filtered_vid_749_sr_1.0,9a4ccadb006146ed9c6499025479564d,749,native,30.0,,1.0,0.9802291310801264,0.9900158680581124,0.0099841319418876,0.9802291310801264,0.0197708689198737,11,0,1,12,673.6772280746211,0.0,13.319184170567192,749,9a4ccadb006146ed9c6499025479564d,ohare_filtered_vid_749_sr_1.0,graphium,online,native,30.0,,graphium,online,1768187153.943589,1768187160.5279138,22,210,6.584324836730957,31.893930692560215,349.9723195008383,54.36945600013132,915.2568627487199,1054.81065339809,1104.9767407710897,1118.2468850020086,313.5392779395694,52.945852279663086,529.3693542480469,1050.3125190734863,1054.2353630065918,1055.2160739898682,9.545454545454545,328.84375,80.0
12.0,0.4772999892594563,0.7295473959785154,6.028112348357428,290.234375,430.60546875,16938.785959118275,811026.387813512,24495.403264013225,1590721.0247826085,220204.2174685376,10543343.041575655,barefoot,online,ohare_filtered_vid_749_sr_1.0,2c6ff231aa584d1282351e617e9a23f0,749,native,,,0.9816190029045389,0.9802291310801264,0.9809235746648036,0.0190764253351964,0.962561345035684,0.0381258404087688,11,1,1,12,673.6772280746211,12.365326314027568,13.319184170567192,749,2c6ff231aa584d1282351e617e9a23f0,ohare_filtered_vid_749_sr_1.0,barefoot,online,native,,,barefoot,online,1768187162.4328272,1768187169.708213,210,210,7.275385856628418,28.864448448280495,34.5730566668776,34.69238899924676,35.970131246358505,38.49927735136589,40.692563400371,41.81341899675317,34.81045864415511,34.82675552368164,36.11350059509277,38.64598274230956,40.87329864501953,42.07348823547363,1.0,331.03125,530.0000000000018
16.0,0.3197685243965506,0.572298720022124,4.987866965104117,323.1740451388889,351.33984375,4198.611660465339,2457.8976101950443,9062.136216216217,5396.941621621621,71376.39822791076,41784.25937331576,graphhopper,offline,ohare_filtered_vid_749_sr_1.0,02fddaad86f44295a6295da8ad78458a,749,batches,5.0,50.0,0.7139893205323642,1.0,0.8331315860364865,0.1668684139635134,0.7139893205323642,0.4005811729149963,12,5,0,12,673.6772280746211,269.8624141882552,0.0,749,02fddaad86f44295a6295da8ad78458a,ohare_filtered_vid_749_sr_1.0,graphhopper,offline,batches,5.0,50.0,graphhopper,offline,1768187185.9044025,1768187193.2953317,43,210,7.390929222106934,28.413206741565205,177.0460367680603,180.36097200092627,181.1350460011454,182.26062799731153,208.75692653891738,227.78286899847444,175.97450528826033,180.2682876586914,181.20568990707397,181.77790641784668,182.584068775177,182.63792991638184,4.883720930232558,331.03125,160.0
16.0,0.3056978634250709,0.7969094470686767,4.641948368510962,316.77816611842104,369.63671875,2802.848927741458,1098.4838845456654,5330.9699270467445,2136.4082950553907,47648.43177160478,18674.226037276312,graphhopper,offline,ohare_filtered_vid_749_sr_1.0,1f51691626204a188e30198fa148d236,749,batches,10.0,50.0,0.7385588740613853,1.0,0.8496219312217645,0.1503780687782354,0.7385588740613852,0.3539881993441255,12,5,0,12,673.6772280746211,238.47378890527693,0.0,749,1f51691626204a188e30198fa148d236,ohare_filtered_vid_749_sr_1.0,graphhopper,offline,batches,10.0,50.0,graphhopper,offline,1768187199.6243818,1768187206.7343905,22,210,7.110008716583252,29.535828769126528,341.4524447732467,355.5066689987143,356.3479792537692,360.7037814530486,395.7953842943243,405.080419004662,338.5718322935559,355.6325435638428,356.473445892334,357.7919006347656,360.39524078369146,361.0460758209229,9.545454545454545,331.03125,139.99999999999818
15.0,0.2879667241638464,0.5817650177304965,4.025702568891047,319.29600694444446,377.2734375,2116.7035134291154,374.41921616383456,4050.821577069751,731.9323656046253,33867.25621486585,5990.707458621353,graphhopper,offline,ohare_filtered_vid_749_sr_1.0,e9842a8d116a4718b6e27964404f896e,749,batches,30.0,50.0,0.9287198527153684,0.9802291310801264,0.9537795530124812,0.0462204469875187,0.9116430057917418,0.0950044031571263,11,3,1,12,673.6772280746211,50.68311880320948,13.319184170567192,749,e9842a8d116a4718b6e27964404f896e,ohare_filtered_vid_749_sr_1.0,graphhopper,offline,batches,30.0,50.0,graphhopper,offline,1768187213.7647662,1768187220.0760577,8,210,6.311291456222534,33.273697064481674,926.7806346233556,1051.6234165006608,1052.3894047491922,1086.3546276468696,1100.555415927738,1104.1056129979552,901.6130651746478,1051.4957904815674,1052.17707157135,1053.1357765197754,1053.4383583068848,1053.514003753662,26.25,331.03125,100.0
10.0,0.0024829398153206,0.0034941397169143,0.025594009095679,11.381009615384617,16.2109375,2078.0552643015235,4014.576922882681,2963.05838641189,5813.693630573249,22858.60790731676,44160.34615170949,osrm,offline,ohare_filtered_vid_749_sr_1.0,433eed2cebe043c9bbebb8b98154ccd1,749,batches,10.0,,0.9819758610673258,1.0,0.9909059745445296,0.0090940254554703,0.9819758610673258,0.0183549714888951,12,1,0,12,673.6772280746211,12.365326314027568,0.0,749,433eed2cebe043c9bbebb8b98154ccd1,ohare_filtered_vid_749_sr_1.0,osrm,offline,batches,10.0,,osrm,offline,1768187247.3917873,1768187254.3471863,22,210,6.955399036407471,30.192372702237797,330.26000695496225,347.5629225031298,347.871791002035,348.2696588522231,348.3085250078875,348.31587899680017,331.2094779241653,347.7742671966553,348.0386734008789,348.4513759613037,348.4570980072022,348.4585285186768,9.545454545454545,331.03125,100.00000000000182
11.0,0.0016804183046112,0.0024425604261264,0.0192236892048849,7.919471153846154,10.84765625,1059.0831294580814,2244.416833731199,1669.7992315752706,3581.6055536150893,12708.997553496978,26933.00200477439,osrm,offline,ohare_filtered_vid_749_sr_1.0,49cfd1f8b34846ecb72db64eab3b3de8,749,batches,30.0,,0.9819758610673258,1.0,0.9909059745445296,0.0090940254554703,0.9819758610673258,0.0183549714888951,12,1,0,12,673.6772280746211,12.365326314027568,0.0,749,49cfd1f8b34846ecb72db64eab3b3de8,ohare_filtered_vid_749_sr_1.0,osrm,offline,batches,30.0,,osrm,offline,1768187256.2591872,1768187262.4844692,8,210,6.2252819538116455,33.7334118451326,903.5862360005922,1036.6421210019325,1037.8951657494326,1038.6264200027654,1038.7166976019944,1038.7392670018016,889.3259934016636,1037.022352218628,1038.217544555664,1038.868260383606,1038.9711999893188,1038.996934890747,26.25,331.03125,70.0
18.0,1.3193097891022592,2.7046636862184075,23.865638806659742,1442.3153782894738,1477.2265625,312.25831443835546,277.7343073194584,813.913220439691,913.8323825503356,5932.907974328754,5276.9518390697085,graphium,online,ohare_filtered_vid_749_sr_5.0,038992ee549c4353b5ce9543380252cf,749,native,5.0,,1.0,0.8830201562208898,0.9378764781711728,0.0621235218288271,0.8830201562208899,0.1169798437791103,10,0,2,12,673.6772280746211,0.0,78.8066568977133,749,038992ee549c4353b5ce9543380252cf,ohare_filtered_vid_749_sr_5.0,graphium,online,native,5.0,,graphium,online,1768187278.4262075,1768187280.697395,4,43,2.2711875438690186,18.93282662458977,1819.1720294998959,869.9569540003722,1912.7502717510652,4387.3387503535905,4882.256446074097,5005.985870004224,757.0625146230062,858.4299087524414,870.134711265564,879.498553276062,881.3713216781616,881.8395137786865,10.75,328.55078125,20.00000000000182
17.0,1.29833530653718,2.7327692852923806,22.143811248787912,1442.550564236111,1486.765625,306.0060680570446,235.2672064921556,624.9960534493474,753.7249999999999,5508.109225026803,4234.8097168588,graphium,online,ohare_filtered_vid_749_sr_5.0,9d2b328e373d493ca84fccf180bc2bab,749,native,10.0,,1.0,0.9802291310801264,0.9900158680581124,0.0099841319418876,0.9802291310801264,0.0197708689198737,11,0,1,12,673.6772280746211,0.0,13.319184170567192,749,9d2b328e373d493ca84fccf180bc2bab,ohare_filtered_vid_749_sr_5.0,graphium,online,native,10.0,,graphium,online,1768187297.1091387,1768187299.344904,3,43,2.235765218734741,19.23278868446413,2428.215561667457,1704.3012529975383,3376.7239115004486,4714.662038302777,4982.249663663242,5049.146570003359,1117.8826093673706,1117.8826093673706,1411.160409450531,1645.7826495170593,1692.707097530365,1704.4382095336914,14.333333333333334,328.55078125,10.0
17.0,1.372224818114688,2.6509550228310506,23.33603563524386,1454.4448784722222,1500.1640625,311.2805017562282,311.05640181226687,631.6795265348595,753.725,5603.049031612108,5599.015232620804,graphium,online,ohare_filtered_vid_749_sr_5.0,521a6839487c4295b569b8ec6a0ff3f4,749,native,30.0,,0.8879096141599845,1.0,0.9406272498432668,0.0593727501567332,0.8879096141599845,0.1262407615059553,12,1,0,12,673.6772280746211,85.04552628136132,0.0,749,521a6839487c4295b569b8ec6a0ff3f4,ohare_filtered_vid_749_sr_5.0,graphium,online,native,30.0,,graphium,online,1768187315.7457488,1768187318.0137331,2,43,2.267984390258789,18.959566117248926,3645.1308359974064,3645.1308359974064,4333.786017497914,4884.71016269832,4994.894991738402,5022.441198998422,2267.984390258789,2267.984390258789,2267.984390258789,2267.984390258789,2267.984390258789,2267.984390258789,21.5,328.55078125,20.0
11.0,0.1975396445340647,0.2828701910961333,2.2389575995562296,159.32902644230768,210.94921875,10305.701295164852,51507.26673602175,16673.926273458444,95531.74622206455,123668.41554197822,618087.200832261,barefoot,online,ohare_filtered_vid_749_sr_5.0,383523365a9943b8a7f3c088f5e62ddf,749,native,,,1.0,0.9802291310801264,0.9900158680581124,0.0099841319418876,0.9802291310801264,0.0197708689198737,11,0,1,12,673.6772280746211,0.0,13.319184170567192,749,383523365a9943b8a7f3c088f5e62ddf,ohare_filtered_vid_749_sr_5.0,barefoot,online,native,,,barefoot,online,1768187319.8854623,1768187326.945878,43,43,7.060415744781494,6.090292916784996,164.46698037112202,168.23646899865707,168.94822549875244,171.67233830332407,172.05850217796979,172.12146899692016,168.10513110387893,168.43688488006592,169.13968324661255,171.87551259994507,172.1953535079956,172.25146293640137,1.0,328.86328125,69.99999999999818
16.0,0.3079911955426177,0.6699527805293005,4.821492943821224,336.1740451388889,376.6484375,938.6520866881548,468.9595177610792,1952.4265208475736,1080.7143403964458,15957.085473698631,7972.3118019383455,graphhopper,offline,ohare_filtered_vid_749_sr_5.0,c6a242f399e94673aed02d61c7ee6d29,749,batches,5.0,50.0,0.7938897099862636,1.0,0.8851042575993623,0.1148957424006377,0.7938897099862636,0.2596208105749379,12,2,0,12,673.6772280746211,174.9006280186105,0.0,749,c6a242f399e94673aed02d61c7ee6d29,ohare_filtered_vid_749_sr_5.0,graphhopper,offline,batches,5.0,50.0,graphhopper,offline,1768187343.6547651,1768187350.10078,9,43,6.446014881134033,6.670788199054717,801.1054362214054,847.7715100016212,848.3821120025823,851.4268851984525,852.4960954376729,852.763397997478,805.7518601417542,848.1972217559814,848.7740159034729,851.7723083496094,852.7122497558594,852.9472351074219,4.777777777777778,328.86328125,40.00000000000182
16.0,0.3012676437656159,0.7920455692857143,4.648405089015469,307.04405381944446,336.44140625,778.211979821864,263.32828291720995,1531.388609179416,606.1576055662189,13229.603656971689,4476.5808095925695,graphhopper,offline,ohare_filtered_vid_749_sr_5.0,1b74df20a2a242ef847e86acbcdfe022,749,batches,10.0,50.0,1.0,1.0,1.0,0.0,1.0,0.0,12,0,0,12,673.6772280746211,0.0,0.0,749,1b74df20a2a242ef847e86acbcdfe022,ohare_filtered_vid_749_sr_5.0,graphhopper,offline,batches,10.0,50.0,graphhopper,offline,1768187357.634302,1768187363.2063537,5,43,5.572051763534546,7.717085523398585,1435.7117683961405,1688.535643996147,1689.043756996398,1690.567089794786,1690.8717563544635,1690.947922994383,1393.0128812789917,1688.920259475708,1689.6450519561768,1690.786600112915,1691.0149097442627,1691.0719871520996,8.6,328.86328125,30.0
16.0,0.3101889492771648,0.8086108647058824,4.807030684770624,338.86436631944446,361.3671875,498.8281043000658,77.82472636621894,1004.4645710233988,187.97585546126476,8480.077773101119,1323.020348225722,graphhopper,offline,ohare_filtered_vid_749_sr_5.0,2ef796312458488190080982f6dcfdd6,749,batches,30.0,50.0,1.0,0.9802291310801264,0.9900158680581124,0.0099841319418876,0.9802291310801264,0.0197708689198737,11,0,1,12,673.6772280746211,0.0,13.319184170567192,749,2ef796312458488190080982f6dcfdd6,ohare_filtered_vid_749_sr_5.0,graphhopper,offline,batches,30.0,50.0,graphhopper,offline,1768187374.119554,1768187376.31415,2,43,2.1945960521698,19.593583045720806,3583.1755314975453,3583.1755314975453,4277.555735747228,4833.059899146974,4944.160731826923,4971.935939996911,2194.5960521698,2194.5960521698,2194.5960521698,2194.5960521698,2194.5960521698,2194.5960521698,21.5,328.86328125,30.00000000000182
10.0,0.0009482728418417,0.0013453357678626,0.0098413457824748,5.568509615384615,7.62890625,837.3519789184982,1333.106097013614,1095.5875,1820.85,9210.87176810348,14664.167067149752,osrm,offline,ohare_filtered_vid_749_sr_5.0,4b26f29a843f49d991be2f4883ff6b09,749,batches,5.0,,1.0,1.0,1.0,0.0,1.0,0.0,12,0,0,12,673.6772280746211,0.0,0.0,749,4b26f29a843f49d991be2f4883ff6b09,ohare_filtered_vid_749_sr_5.0,osrm,offline,batches,5.0,,osrm,offline,1768187377.9208388,1768187384.3106782,9,43,6.38983941078186,6.72943359538022,784.7115833323592,840.6504140002653,841.0933229970396,841.1446312005864,841.1595134396339,841.1632339993957,798.7299263477325,840.851902961731,841.239869594574,841.3075923919678,841.329755783081,841.3352966308594,4.777777777777778,329.01953125,30.0
10.0,0.0009203244015175,0.0013874692118226,0.0091696802767056,4.096454326923077,5.6328125,548.4794719440546,857.4916252186732,804.0307112068965,1326.9709051724135,6033.2741913846,9432.407877405403,osrm,offline,ohare_filtered_vid_749_sr_5.0,92b841bb2ece43da997ce5991a278a41,749,batches,10.0,,1.0,1.0,1.0,0.0,1.0,0.0,12,0,0,12,673.6772280746211,0.0,0.0,749,92b841bb2ece43da997ce5991a278a41,ohare_filtered_vid_749_sr_5.0,osrm,offline,batches,10.0,,osrm,offline,1768187386.7494466,1768187392.2921474,5,43,5.54270076751709,7.757950826427582,1410.951234998356,1679.076141997939,1679.7526919981465,1679.959141596919,1680.0004315166734,1680.010753996612,1385.6751918792725,1679.53622341156,1679.9448728561401,1680.0893545150757,1680.1182508468628,1680.1254749298096,8.6,329.01953125,10.0
10.0,0.0006659836539384,0.0009744514345487,0.006351368758774,3.094050480769231,4.08203125,381.97648541539087,578.975484959375,557.5210000000001,952.9077096774192,4201.741339569299,6368.7303345531245,osrm,offline,ohare_filtered_vid_749_sr_5.0,40c876282c064b58a674cb7d20f2bbee,749,batches,30.0,,1.0,1.0,1.0,0.0,1.0,0.0,12,0,0,12,673.6772280746211,0.0,0.0,749,40c876282c064b58a674cb7d20f2bbee,ohare_filtered_vid_749_sr_5.0,osrm,offline,batches,30.0,,osrm,offline,1768187398.084953,1768187400.2680874,2,43,2.1831343173980713,19.696451866163123,3524.7382724992353,3524.7382724992353,4195.59473525078,4732.279905452016,4839.616939492263,4866.451198002324,2183.1343173980717,2183.1343173980717,2183.1343173980717,2183.1343173980717,2183.1343173980717,2183.1343173980717,21.5,329.01953125,30.00000000000182
17.0,1.3967328584659109,2.700033084808947,23.87579032595201,1452.1430121527778,1498.69921875,116.8955064186078,3.419065942312164,308.0799346405228,11.058627450980392,2104.1191155349406,61.54318696161895,graphium,online,ohare_filtered_vid_749_sr_10.0,74b6cb8e9ca34d5db259660a5956987e,749,native,5.0,,0.929158274958173,0.8871741970012289,0.9076810101663914,0.0923189898336086,0.8309669781577788,0.1804665400206675,8,1,4,12,673.6772280746211,45.56802422183552,76.00817421950545,749,74b6cb8e9ca34d5db259660a5956987e,ohare_filtered_vid_749_sr_10.0,graphium,online,native,5.0,,graphium,online,1768187418.4684963,1768187418.4684963,1,22,0.0,,7256.425567000406,7256.425567000406,7256.425567000406,7256.425567000406,7256.425567000406,7256.425567000406,,,,,,,22.0,328.83203125,10.00000000000182
17.0,1.384923890339555,2.735166329370099,23.54966876280153,1444.0082465277778,1486.48828125,115.30199852047367,3.238391053611347,319.4831229773463,11.915335251161762,2075.4359733685264,58.29103896500425,graphium,online,ohare_filtered_vid_749_sr_10.0,55f4593fd8f24e849ce1d646fff076e3,749,native,10.0,,0.929158274958173,0.8871741970012289,0.9076810101663914,0.0923189898336086,0.8309669781577788,0.1804665400206675,8,1,4,12,673.6772280746211,45.56802422183552,76.00817421950545,749,55f4593fd8f24e849ce1d646fff076e3,ohare_filtered_vid_749_sr_10.0,graphium,online,native,10.0,,graphium,online,1768187437.1071606,1768187437.1071606,1,22,0.0,,7261.050563996832,7261.050563996832,7261.050563996832,7261.050563996832,7261.050563996832,7261.050563996832,,,,,,,22.0,328.98828125,10.00000000000182
18.0,1.2885718276711402,2.6038333884297518,23.277419006637334,1440.2421875,1491.359375,122.78120796427368,3.3085197822491024,318.6808562905773,11.429505176346728,2332.8429513212,62.861875862732944,graphium,online,ohare_filtered_vid_749_sr_10.0,2260bdb624fd4ab699bfd9570364b76c,749,native,30.0,,0.929158274958173,0.8871741970012289,0.9076810101663914,0.0923189898336086,0.8309669781577788,0.1804665400206675,8,1,4,12,673.6772280746211,45.56802422183552,76.00817421950545,749,2260bdb624fd4ab699bfd9570364b76c,ohare_filtered_vid_749_sr_10.0,graphium,online,native,30.0,,graphium,online,1768187455.7196152,1768187455.7196152,1,22,0.0,,7257.916813003248,7257.916813003248,7257.916813003248,7257.916813003248,7257.916813003248,7257.916813003248,,,,,,,22.0,328.98828125,9.99999999999818
11.0,0.1746253010131241,0.2373055437072216,1.9429650374739456,142.71003605769232,201.76953125,9331.030906841745,17456.7196541794,14019.07594936709,31865.98097447796,111972.37088210092,209480.6358501528,barefoot,online,ohare_filtered_vid_749_sr_10.0,a45009dbab49482ba22d3e543247b5eb,749,native,,,1.0,0.9802291310801264,0.9900158680581124,0.0099841319418876,0.9802291310801264,0.0197708689198737,11,0,1,12,673.6772280746211,0.0,13.319184170567192,749,a45009dbab49482ba22d3e543247b5eb,ohare_filtered_vid_749_sr_10.0,barefoot,online,native,,,barefoot,online,1768187457.6007812,1768187464.629405,22,22,7.028623819351196,3.130057969446257,320.11119499987797,333.6609075013257,335.95932649950555,339.1559364510613,339.59597690656665,339.6896849953919,334.69637235005695,333.96267890930176,336.18927001953125,339.37883377075195,339.76335525512695,339.8594856262207,1.0,328.98828125,39.99999999999818
16.0,0.3206303280521408,0.7792692129202373,4.93872421498791,341.54600694444446,382.546875,411.620460537804,158.17851270586476,642.7012748363385,305.6666666666667,6997.547829142669,2689.034715999701,graphhopper,offline,ohare_filtered_vid_749_sr_10.0,b4ae1734a04e4be782cb062e66e6371d,749,batches,5.0,50.0,1.0,0.8985582696069202,0.9465690719020794,0.0534309280979206,0.8985582696069202,0.1014417303930798,10,0,2,12,673.6772280746211,0.0,68.3389837423031,749,b4ae1734a04e4be782cb062e66e6371d,ohare_filtered_vid_749_sr_10.0,graphhopper,offline,batches,5.0,50.0,graphhopper,offline,1768187482.028409,1768187487.759672,5,22,5.731262922286987,3.838595489041215,1432.4155108013656,1686.1800519982353,1686.2607750008465,1687.741573400854,1688.0377330808553,1688.1117730008557,1432.8157305717468,1686.3511800765991,1686.860203742981,1687.9545450210571,1688.1734132766724,1688.2281303405762,4.4,328.98828125,20.00000000000182
15.0,0.3118275815686335,0.6245134454640251,4.364727859634112,322.42078993055554,378.3515625,374.1788256761848,99.75009830892422,571.1590861454621,187.475,5986.861210818956,1596.0015729427876,graphhopper,offline,ohare_filtered_vid_749_sr_10.0,660629d0e5064d8eb394b6af681e423a,749,batches,10.0,50.0,0.9796722080732388,0.8845946235790744,0.929708938031518,0.070291061968482,0.8686505671845888,0.133760347909821,10,1,2,12,673.6772280746211,12.365326314027568,77.74597409215761,749,660629d0e5064d8eb394b6af681e423a,ohare_filtered_vid_749_sr_10.0,graphhopper,offline,batches,10.0,50.0,graphhopper,offline,1768187496.7956223,1768187500.8325083,3,22,4.036885976791382,5.449745206201279,2385.275298334212,3119.276078003168,3242.9691725010343,3341.9236480993277,3361.7145432189864,3366.662266998901,2018.442988395691,2018.442988395691,2692.631185054779,3231.9817423820496,3339.8518538475037,3366.819381713867,7.333333333333333,328.98828125,19.99999999999818
16.0,0.268400728553944,0.5879288570741098,3.9748835283429376,310.37543402777777,330.8984375,150.6523680028292,5.699581190754479,293.8020470829069,12.637311431444852,2561.0902560480963,96.89288024282614,graphhopper,offline,ohare_filtered_vid_749_sr_10.0,789bf4a4425e4451b075fb4c42eed44d,749,batches,30.0,50.0,0.9796722080732388,0.8845946235790744,0.929708938031518,0.070291061968482,0.8686505671845888,0.133760347909821,10,1,2,12,673.6772280746211,12.365326314027568,77.74597409215761,749,789bf4a4425e4451b075fb4c42eed44d,ohare_filtered_vid_749_sr_10.0,graphhopper,offline,batches,30.0,50.0,graphhopper,offline,1768187513.9061704,1768187513.9061704,1,22,0.0,,7144.394802999159,7144.394802999159,7144.394802999159,7144.394802999159,7144.394802999159,7144.394802999159,,,,,,,22.0,328.98828125,10.0
11.0,0.0009772920901153,0.0013750165409554,0.0106140185707455,4.279146634615385,5.64453125,505.72947369268735,702.504338506274,774.6685192536719,1133.7186978959903,6068.753684312248,8430.052062075289,osrm,offline,ohare_filtered_vid_749_sr_10.0,301b9b78b39c490e920f06511db5e2c7,749,batches,5.0,,1.0,0.8803233293999628,0.93635314271284,0.0636468572871601,0.8803233293999627,0.1196766706000371,9,0,3,12,673.6772280746211,0.0,80.62344771503254,749,301b9b78b39c490e920f06511db5e2c7,ohare_filtered_vid_749_sr_10.0,osrm,offline,batches,5.0,,osrm,offline,1768187516.1823363,1768187521.8834374,5,22,5.701101064682007,3.8589037013023213,1408.5683503973996,1676.5525060036452,1676.725171993894,1677.0893775959848,1677.162218716403,1677.1804289965075,1425.2752661705017,1676.7663955688477,1676.987111568451,1677.2587656974792,1677.313096523285,1677.3266792297363,4.4,328.98828125,20.00000000000182
11.0,0.0006530482026793,0.0009129318537859,0.0069236465783662,2.9131610576923075,3.32421875,327.83811407794013,307.0885642963078,489.6824284304048,439.1675715695952,3934.0573689352814,3685.062771555694,osrm,offline,ohare_filtered_vid_749_sr_10.0,111a4cd5833b49c28c2a9b1059921bee,749,batches,10.0,,1.0,0.8803233293999628,0.93635314271284,0.0636468572871601,0.8803233293999627,0.1196766706000371,9,0,3,12,673.6772280746211,0.0,80.62344771503254,749,111a4cd5833b49c28c2a9b1059921bee,ohare_filtered_vid_749_sr_10.0,osrm,offline,batches,10.0,,osrm,offline,1768187525.784541,1768187529.8068466,3,22,4.022305727005005,5.469499708163935,2346.520489331548,3017.525288996694,3184.9109689974284,3318.819512998016,3345.6012217981333,3352.2966489981627,2011.1528635025024,2011.1528635025024,2681.7949414253235,3218.3086037635803,3325.6113362312317,3352.4370193481445,7.333333333333333,328.98828125,9.99999999999818
10.0,0.0005610450813318,0.001141945054945,0.0050295508397048,2.085637019230769,2.20703125,232.17433219819569,8.530572726349323,308.3594876514803,12.852797558494403,2553.917654180152,93.83629998984256,osrm,offline,ohare_filtered_vid_749_sr_10.0,d424120e6a684fe28088ee8bf85a0856,749,batches,30.0,,1.0,0.8628232459167571,0.9263608319340392,0.0736391680659609,0.8628232459167571,0.1371767540832431,10,0,2,12,673.6772280746211,0.0,92.41285544707324,749,d424120e6a684fe28088ee8bf85a0856,ohare_filtered_vid_749_sr_10.0,osrm,offline,batches,30.0,,osrm,offline,1768187537.764972,1768187537.764972,1,22,0.0,,7035.579944997153,7035.579944997153,7035.579944997153,7035.579944997153,7035.579944997153,7035.579944997153,,,,,,,22.0,328.98828125,10.0
17.0,1.334892702648378,2.650753161249869,22.663749770017493,1451.4184027777778,1498.82421875,112.3732026226154,3.054988704440448,314.06726050945457,11.058096577590248,2022.717647207077,54.98979667992806,graphium,online,ohare_filtered_vid_749_sr_20.0,5ac9506003394948a5f7b09a2052758e,749,native,5.0,,1.0,0.9802291310801264,0.9900158680581124,0.0099841319418876,0.9802291310801264,0.0197708689198737,11,0,1,12,673.6772280746211,0.0,13.319184170567192,749,5ac9506003394948a5f7b09a2052758e,ohare_filtered_vid_749_sr_20.0,graphium,online,native,5.0,,graphium,online,1768187556.3016827,1768187556.3016827,1,12,0.0,,7582.486082996183,7582.486082996183,7582.486082996183,7582.486082996183,7582.486082996183,7582.486082996183,,,,,,,12.0,328.94921875,10.0
17.0,1.2807502937193838,2.5507878429263044,21.680455571721144,1442.9164496527778,1482.9609375,109.12555150875475,3.1426973688362603,301.2485720865961,11.662060737527115,1964.259927157586,56.56855263905268,graphium,online,ohare_filtered_vid_749_sr_20.0,4dfefc2fbbde44c3ae96c7ef9ecd739a,749,native,10.0,,1.0,0.9802291310801264,0.9900158680581124,0.0099841319418876,0.9802291310801264,0.0197708689198737,11,0,1,12,673.6772280746211,0.0,13.319184170567192,749,4dfefc2fbbde44c3ae96c7ef9ecd739a,ohare_filtered_vid_749_sr_20.0,graphium,online,native,10.0,,graphium,online,1768187575.2741804,1768187575.2741804,1,12,0.0,,7595.483155004331,7595.483155004331,7595.483155004331,7595.483155004331,7595.483155004331,7595.483155004331,,,,,,,12.0,328.94921875,0.0
17.0,1.3172297149174377,2.779877669657526,22.330966195481903,1439.4722222222222,1474.2265625,108.45398894300956,3.2136990682591904,315.53883252692367,12.204233737596471,1952.171800974172,57.84658322866542,graphium,online,ohare_filtered_vid_749_sr_20.0,9e1b64ab71a849c7b06925c938ab7f50,749,native,30.0,,1.0,0.9802291310801264,0.9900158680581124,0.0099841319418876,0.9802291310801264,0.0197708689198737,11,0,1,12,673.6772280746211,0.0,13.319184170567192,749,9e1b64ab71a849c7b06925c938ab7f50,ohare_filtered_vid_749_sr_20.0,graphium,online,native,30.0,,graphium,online,1768187594.2655652,1768187594.2655652,1,12,0.0,,7596.12577399821,7596.12577399821,7596.12577399821,7596.12577399821,7596.12577399821,7596.12577399821,,,,,,,12.0,328.94921875,9.99999999999818
12.0,0.1415764517618988,0.2036045826703826,1.722736829081421,109.72879464285714,158.4609375,7992.375324552395,7811.282650151468,13676.549999999996,14839.187181738367,103900.87921918114,101546.67445196908,barefoot,online,ohare_filtered_vid_749_sr_20.0,1a5a45130c1a4b549983bee5ae7c551b,749,native,,,1.0,1.0,1.0,0.0,1.0,0.0,12,0,0,12,673.6772280746211,0.0,0.0,749,1a5a45130c1a4b549983bee5ae7c551b,ohare_filtered_vid_749_sr_20.0,barefoot,online,native,,,barefoot,online,1768187596.1546948,1768187603.5085404,12,12,7.353845596313477,1.6317992868949638,614.3977857494368,667.7824015023361,670.8077907514962,676.2931326989928,677.9068705370446,678.3103049965575,668.5314178466797,669.1584587097168,671.0289716720581,676.6437292098999,678.1403303146362,678.5144805908203,1.0,329.10546875,30.0
16.0,0.275120616880581,0.6515287681318681,4.025521718838009,325.46875,386.921875,285.4850460736939,86.7919041172616,546.7314553990609,166.1464788732394,4853.245783252797,1475.462369993447,graphhopper,offline,ohare_filtered_vid_749_sr_20.0,b8cd06a5e07c49fbbd0922ef1c9e62dd,749,batches,5.0,50.0,0.9773365940374524,0.7915396895001767,0.8746803961150047,0.1253196038849953,0.7772728681658999,0.2268152819887185,7,1,5,12,673.6772280746211,12.365326314027568,140.43496414109586,749,b8cd06a5e07c49fbbd0922ef1c9e62dd,ohare_filtered_vid_749_sr_20.0,graphhopper,offline,batches,5.0,50.0,graphhopper,offline,1768187622.2469654,1768187626.9370463,3,12,4.690080881118774,2.5585912704212284,2485.8754969997485,2767.802620997827,3060.6864414985466,3294.9934978991223,3341.8549091792374,3353.570261999266,2345.040440559387,2345.040440559387,2849.3685126304626,3252.830970287323,3333.523461818695,3353.696584701538,4.0,329.10546875,0.0
15.0,0.2660981067751956,0.5280566645,3.72951304390313,307.7734375,358.9140625,318.3764814399485,76.26626316102502,526.4640909090909,199.2654589739687,5094.023703039176,1220.2602105764004,graphhopper,offline,ohare_filtered_vid_749_sr_20.0,62faf13387874a6c9bbe1c03c82e1ac1,749,batches,10.0,50.0,1.0,0.7915396895001767,0.8836418128375477,0.1163581871624522,0.791539689500177,0.2084603104998234,7,0,5,12,673.6772280746211,0.0,140.43496414109586,749,62faf13387874a6c9bbe1c03c82e1ac1,ohare_filtered_vid_749_sr_20.0,graphhopper,offline,batches,10.0,50.0,graphhopper,offline,1768187638.9904904,1768187640.327137,2,12,1.336646556854248,8.977691176822084,3727.1960845027934,3727.1960845027934,4922.546794754453,5878.827362955781,6070.083476596046,6117.897505006113,1336.646556854248,1336.646556854248,1336.646556854248,1336.646556854248,1336.646556854248,1336.646556854248,6.0,329.10546875,0.0
16.0,0.2285766018855714,0.5353564962085308,3.350445735846184,289.76192434210526,325.390625,152.2636266500655,5.446316548868545,304.09768976897686,12.481927710843374,2588.4816530511134,92.58738133076524,graphhopper,offline,ohare_filtered_vid_749_sr_20.0,65097be9d6ac4f8f8036c5f9c2915079,749,batches,30.0,50.0,1.0,0.8845946235790744,0.9387638195625556,0.0612361804374443,0.8845946235790744,0.1154053764209259,10,0,2,12,673.6772280746211,0.0,77.74597409215761,749,65097be9d6ac4f8f8036c5f9c2915079,ohare_filtered_vid_749_sr_20.0,graphhopper,offline,batches,30.0,50.0,graphhopper,offline,1768187653.7043717,1768187653.7043717,1,12,0.0,,7457.374044999597,7457.374044999597,7457.374044999597,7457.374044999597,7457.374044999597,7457.374044999597,,,,,,,12.0,329.10546875,10.0
11.0,0.000827745698264,0.0012052201815038,0.0087277281976643,3.3028846153846154,4.2265625,353.3990068179656,394.6622409069786,530.2816472694718,657.0666666666667,4240.788081815587,4735.946890883743,osrm,offline,ohare_filtered_vid_749_sr_20.0,cbdc3a9548624052883ac05991b337fc,749,batches,5.0,,1.0,0.8254650110283704,0.9043887514046046,0.0956112485953953,0.8254650110283704,0.1745349889716297,7,0,5,12,673.6772280746211,0.0,117.58024757244208,749,cbdc3a9548624052883ac05991b337fc,ohare_filtered_vid_749_sr_20.0,osrm,offline,batches,5.0,,osrm,offline,1768187657.2971816,1768187661.9786568,3,12,4.6814751625061035,2.5632945991271945,2452.4745693367245,2676.2874020059826,3010.2826895054022,3277.478919504938,3330.918165504845,3344.277977004822,2340.7375812530518,2340.7375812530518,2842.5968885421753,3244.084334373474,3324.381823539734,3344.456195831299,4.0,329.10546875,10.0
11.0,0.0005203300097265,0.0011737606036536,0.0054295323168779,2.152043269230769,2.21484375,217.2513469931835,8.574671054668197,313.14698316926007,12.6,2607.016163918202,102.89605265601836,osrm,offline,ohare_filtered_vid_749_sr_20.0,2a086dc3a01d4de8b4c43aa96bf853f9,749,batches,10.0,,1.0,0.7499974429179858,0.8571411872093057,0.1428588127906943,0.7499974429179858,0.2500025570820143,6,0,6,12,673.6772280746211,0.0,168.42102966657868,749,2a086dc3a01d4de8b4c43aa96bf853f9,ohare_filtered_vid_749_sr_20.0,osrm,offline,batches,10.0,,osrm,offline,1768187668.883349,1768187670.2203884,2,12,1.3370394706726074,8.975052915949679,3676.703556004213,3676.703556004213,4846.7092430037155,5782.713792603317,5969.914702523238,6016.714930003218,1337.0394706726074,1337.0394706726074,1337.0394706726074,1337.0394706726074,1337.0394706726074,1337.0394706726074,6.0,329.10546875,10.0
10.0,0.0006248398196337,0.0012159134655532,0.0056573245504181,2.0928485576923075,2.21484375,225.24172012958036,8.671720204899124,311.4399214659686,12.904240282685514,2477.658921425384,95.38892225389036,osrm,offline,ohare_filtered_vid_749_sr_20.0,b1e72e216f5549ca91577dd0f1f9f146,749,batches,30.0,,1.0,0.8079649275451645,0.893783850820835,0.106216149179165,0.8079649275451645,0.1920350724548357,8,0,4,12,673.6772280746211,0.0,129.36965530448276,749,b1e72e216f5549ca91577dd0f1f9f146,ohare_filtered_vid_749_sr_20.0,osrm,offline,batches,30.0,,osrm,offline,1768187678.4894552,1768187678.4894552,1,12,0.0,,7354.3614849986625,7354.3614849986625,7354.3614849986625,7354.3614849986625,7354.3614849986625,7354.3614849986625,,,,,,,12.0,329.10546875,9.99999999999818
17.0,1.5299673663873254,2.538655584247901,26.35218570631469,1442.1421440972222,1479.35546875,3397.593305494456,1930.1593300351733,7734.683333333332,4728.925,61156.6794989002,34742.86794063312,graphium,online,ohare_filtered_vid_300_sr_1.0,8817ac37989e45e8afe6b968678d4ddb,300,native,5.0,,1.0000000000000002,1.0000000000000002,1.0000000000000002,-2.220446049250313e-16,1.0000000000000004,0.0,16,0,0,16,950.3655082986934,0.0,0.0,300,8817ac37989e45e8afe6b968678d4ddb,ohare_filtered_vid_300_sr_1.0,graphium,online,native,5.0,,graphium,online,1768187690.5376804,1768187695.9477973,42,175,5.410116910934448,32.34680560161381,154.6946980957901,176.79016500187572,177.73440774908522,183.04971005454715,724.5316847102334,1093.0711600012728,131.95407099840116,176.94973945617676,177.79970169067383,179.1996955871582,189.95428085327148,194.31304931640625,4.166666666666667,329.6953125,80.0
17.0,1.4987730836304207,2.7594237630827783,25.65217539136173,1434.001953125,1477.08203125,3523.41226907579,1362.6347807537704,7201.866666666668,3167.3,63421.42084336422,24527.42605356787,graphium,online,ohare_filtered_vid_300_sr_1.0,ddb649b4b3064d459ee65cc6d2213807,300,native,10.0,,1.0000000000000002,1.0000000000000002,1.0000000000000002,-2.220446049250313e-16,1.0000000000000004,0.0,16,0,0,16,950.3655082986934,0.0,0.0,300,ddb649b4b3064d459ee65cc6d2213807,ohare_filtered_vid_300_sr_1.0,graphium,online,native,10.0,,graphium,online,1768187708.4231343,1768187713.727029,26,175,5.303894758224487,32.994621495578535,245.64975511580437,349.3832849962928,350.60129199700896,355.7194030017854,903.8766895009758,1086.415890000353,212.1557903289795,349.3998050689697,350.6913185119629,353.8057804107666,355.88656425476074,356.40978813171387,6.730769230769231,329.8515625,60.0
16.0,1.4968983019146958,2.697868976081065,24.19511091498277,1447.5831801470588,1498.5546875,3267.069271190394,752.0620038982979,6359.883333333334,1669.9166666666663,55540.1776102367,12785.054066271065,graphium,online,ohare_filtered_vid_300_sr_1.0,d8098caeff8e4817a0d0d3170165d41b,300,native,30.0,,1.0000000000000002,1.0000000000000002,1.0000000000000002,-2.220446049250313e-16,1.0000000000000004,0.0,16,0,0,16,950.3655082986934,0.0,0.0,300,d8098caeff8e4817a0d0d3170165d41b,ohare_filtered_vid_300_sr_1.0,graphium,online,native,30.0,,graphium,online,1768187726.1717825,1768187731.4339218,17,175,5.262139320373535,33.25643608911091,373.1696981168866,58.73977399460273,1040.0701279941131,1056.7382668014034,1078.547494961822,1083.9998020019266,328.88370752334595,54.93438243865967,625.810980796814,1049.0506291389465,1049.900496006012,1050.1129627227783,10.294117647058824,329.8515625,50.00000000000182
9.0,0.3899330334336114,0.5124353439788902,3.560275135105345,188.30631510416663,230.95703125,17484.09767082614,324619.35565312166,23024.989541020317,457619.2371383482,174840.9767082614,3246193.5565312165,barefoot,online,ohare_filtered_vid_300_sr_1.0,d7afa819449e4f66908eef6bc1eee8bb,300,native,,,0.8904728826520265,1.0000000000000002,0.9420636400801876,0.0579363599198125,0.8904728826520267,0.1229988239751641,16,4,0,16,950.3655082986934,116.89383986729834,0.0,300,d7afa819449e4f66908eef6bc1eee8bb,ohare_filtered_vid_300_sr_1.0,barefoot,online,native,,,barefoot,online,1768187733.3393786,1768187739.3524954,175,175,6.013116836547852,29.103043356208595,34.37665518868016,34.215582003525924,35.61140199599322,38.20676080067642,40.45766557639581,40.87933599657845,34.55814273878076,34.39188003540039,35.758018493652344,38.373398780822754,40.60487508773804,41.015625,1.0,329.8515625,389.99999999999636
16.0,0.3534599053932916,0.7431824932885908,5.601799824571865,309.908203125,348.515625,3037.26159687988,1767.0255635503397,6016.566666666667,3588.9,51633.44714695796,30039.43458035577,graphhopper,offline,ohare_filtered_vid_300_sr_1.0,b91ecbc7391a47bfa1897a2cde04f0ab,300,batches,5.0,50.0,0.64628501512136,0.970936764336698,0.7760245247643244,0.2239754752356756,0.6340196682575701,0.5604617284025774,15,8,1,16,950.3655082986934,505.02279866132096,27.62069673395864,300,b91ecbc7391a47bfa1897a2cde04f0ab,ohare_filtered_vid_300_sr_1.0,graphhopper,offline,batches,5.0,50.0,graphhopper,offline,1768187755.5374582,1768187761.7319105,36,175,6.194452285766602,28.25108531421074,178.5444039992904,180.92958500346867,182.49474499680215,190.5922575006116,221.83340504743677,238.3826009972836,176.9843510219029,180.99474906921387,182.58190155029294,189.59007263183594,191.0621166229248,191.2858486175537,4.861111111111111,329.8515625,150.00000000000182
15.0,0.3473172746404084,0.7513755552110818,5.069806709747854,315.47288602941177,349.37890625,2862.2600147562785,1143.3444144348002,5909.351414703445,2417.408855214869,45796.160236100455,18293.510630956804,graphhopper,offline,ohare_filtered_vid_300_sr_1.0,051955b2c0d54269892dc55a47a9b7f2,300,batches,10.0,50.0,0.837833064048489,1.0000000000000002,0.911761879180539,0.088238120819461,0.837833064048489,0.1935551876741471,16,5,0,16,950.3655082986934,183.94817431778984,0.0,300,051955b2c0d54269892dc55a47a9b7f2,ohare_filtered_vid_300_sr_1.0,graphhopper,offline,batches,10.0,50.0,graphhopper,offline,1768187768.084622,1768187773.9637692,18,175,5.879147291183472,29.766221414869932,349.71193077823654,355.5930084985448,358.4672752513143,368.2818594032141,408.3312318763637,418.3435749946512,345.8321795744055,355.0565242767334,358.4249019622803,359.4775676727295,359.61352348327637,359.6475124359131,9.722222222222221,329.8515625,99.99999999999818
15.0,0.3295466495558943,0.5805751212564204,4.835489487560976,311.2164522058824,359.66015625,1758.9875069396985,307.45371686354827,3401.366666666667,617.0500000000001,28143.800111035176,4919.259469816772,graphhopper,offline,ohare_filtered_vid_300_sr_1.0,77c237ff86794254ae772daf762502d8,300,batches,30.0,50.0,0.8950964219161143,1.0000000000000002,0.9446447279037028,0.055355272096297,0.8950964219161145,0.1171980755540512,16,3,0,16,950.3655082986934,111.3810086455546,0.0,300,77c237ff86794254ae772daf762502d8,ohare_filtered_vid_300_sr_1.0,graphhopper,offline,batches,30.0,50.0,graphhopper,offline,1768187781.0056684,1768187786.0808692,6,175,5.075200796127319,34.48139433882802,1031.1975541662832,1049.5898849985679,1053.7248669952533,1098.2127677507378,1109.8135767522763,1112.7137790026609,1015.0401592254639,1048.536777496338,1050.9374141693115,1054.095983505249,1054.7276973724365,1054.8856258392334,29.166666666666668,329.8515625,80.0
10.0,0.0022568065464065,0.0028977962093862,0.0236710726851349,10.588541666666666,14.46484375,1631.225128766643,3295.827752338473,2232.0736462093864,4671.066666666667,17943.47641643307,36254.1052757232,osrm,offline,ohare_filtered_vid_300_sr_1.0,ca20a50e0cab400d8e7fc3a0a5e65283,300,batches,10.0,,0.8321206665997015,1.0000000000000002,0.9083688446613772,0.0916311553386227,0.8321206665997019,0.2017487849283982,16,5,0,16,950.3655082986934,191.7350865371209,0.0,300,ca20a50e0cab400d8e7fc3a0a5e65283,ohare_filtered_vid_300_sr_1.0,osrm,offline,batches,10.0,,osrm,offline,1768187805.4769113,1768187811.2103934,18,175,5.733482122421265,30.522463707638988,335.8004982223469,347.059221501695,347.2482062497875,348.1771593011217,348.6780486610951,348.80327100108843,337.2636542600744,347.2113609313965,347.3894596099853,348.3914852142334,348.83307456970215,348.94347190856934,9.722222222222221,329.8515625,70.0
10.0,0.000999825421186,0.0014210468304769,0.0107937597039685,5.9677734375,7.7265625,952.1878352769198,2137.989674878432,1415.0624819326863,3219.295973570101,10474.066188046118,23517.88642366276,osrm,offline,ohare_filtered_vid_300_sr_1.0,2335713a2751420b95439dff48e98021,300,batches,30.0,,0.8694064698439733,1.0000000000000002,0.9301417148904344,0.0698582851095654,0.8694064698439735,0.1502099819655859,16,5,0,16,950.3655082986934,142.75438586226164,0.0,300,2335713a2751420b95439dff48e98021,ohare_filtered_vid_300_sr_1.0,osrm,offline,batches,30.0,,osrm,offline,1768187813.0898829,1768187818.1024542,6,175,5.012571334838867,34.91222135507534,1002.5466994993621,1036.2522964969685,1036.8640697470255,1037.2131382519,1037.280504453156,1037.29734600347,1002.5142669677734,1036.724090576172,1037.0736122131348,1037.4009132385254,1037.4663734436035,1037.482738494873,29.166666666666668,329.8515625,50.0
16.0,1.4696304966738591,2.6249660547280915,23.653152505067847,1447.6498161764705,1497.546875,131.82631470591468,3.676471409053931,287.48189871548794,11.92925325416762,2241.0473500005496,62.500013953916834,graphium,online,ohare_filtered_vid_300_sr_5.0,3802e68a62ab42c2b82ac5dd7f73a4ab,300,native,5.0,,1.0,0.7817716468773005,0.8775217051493874,0.1224782948506125,0.7817716468773004,0.2182283531226996,11,0,5,16,950.3655082986934,0.0,207.3966997406412,300,3802e68a62ab42c2b82ac5dd7f73a4ab,ohare_filtered_vid_300_sr_5.0,graphium,online,native,5.0,,graphium,online,1768187834.014954,1768187835.0772994,3,36,1.062345266342163,33.88728800379012,2020.779771330126,888.957554998342,2944.6718564977346,4589.243297697249,4918.157585937151,5000.386157997127,531.1726331710815,531.1726331710815,710.1650834083557,853.359043598175,881.9978356361389,889.1575336456299,12.0,329.4921875,20.0
17.0,1.4620664519241102,2.7451366761498344,25.108306294567964,1439.1239149305557,1480.28125,311.8036669721501,375.0177032474789,665.0058470764617,1160.1333333333332,5612.466005498702,6750.31865845462,graphium,online,ohare_filtered_vid_300_sr_5.0,1aeadc64aac84fce977a761adc913e1b,300,native,10.0,,1.0,0.8522471154567539,0.9202304685426324,0.0797695314573676,0.8522471154567539,0.1477528845432461,12,0,4,16,950.3655082986934,0.0,140.4192452215403,300,1aeadc64aac84fce977a761adc913e1b,ohare_filtered_vid_300_sr_5.0,graphium,online,native,10.0,,graphium,online,1768187851.511722,1768187852.5465202,2,36,1.0347981452941895,34.78939362590887,3034.430396000971,3034.430396000971,4034.3270340017625,4834.244344402396,4994.227806482522,5034.223672002554,1034.7981452941897,1034.7981452941897,1034.7981452941897,1034.7981452941897,1034.7981452941897,1034.7981452941897,18.0,329.6484375,19.99999999999818
16.0,1.496883197620569,2.6604309882160777,24.16944824340083,1442.077205882353,1482.1640625,269.39233442960176,279.8555820194256,514.5,864.8499999999999,4579.66968530323,4757.5448943302345,graphium,online,ohare_filtered_vid_300_sr_5.0,53f54f84116d43bb8fdfbe390a9ff66a,300,native,30.0,,1.0,0.8522471154567539,0.9202304685426324,0.0797695314573676,0.8522471154567539,0.1477528845432461,12,0,4,16,950.3655082986934,0.0,140.4192452215403,300,53f54f84116d43bb8fdfbe390a9ff66a,ohare_filtered_vid_300_sr_5.0,graphium,online,native,30.0,,graphium,online,1768187868.9775505,1768187870.0157783,2,36,1.0382277965545654,34.67447136309452,3039.0151259962295,3039.0151259962295,4039.4720189960935,4839.837533395985,4999.910636275963,5039.928911995958,1038.2277965545654,1038.2277965545654,1038.2277965545654,1038.2277965545654,1038.2277965545654,1038.2277965545654,18.0,329.6484375,10.0
10.0,0.2267576687098527,0.296814515816683,2.327480486182554,177.7109375,209.3828125,11041.582903289363,22818.221218296138,18132.31914893617,36651.01626379768,121457.411936183,251000.4334012575,barefoot,online,ohare_filtered_vid_300_sr_5.0,c7849f7bc9d549198b18487aab3b879e,300,native,,,1.0000000000000002,1.0000000000000002,1.0000000000000002,-2.220446049250313e-16,1.0000000000000004,0.0,16,0,0,16,950.3655082986934,0.0,0.0,300,c7849f7bc9d549198b18487aab3b879e,ohare_filtered_vid_300_sr_5.0,barefoot,online,native,,,barefoot,online,1768187871.9261618,1768187877.7915363,36,36,5.865374565124512,6.137715434928201,163.67116883258052,167.7134740020847,168.96262774935167,170.9081212447927,171.76688949621166,171.95101399556734,167.5821304321289,168.04003715515137,169.14904117584229,171.09057903289795,171.9485902786255,172.12295532226562,1.0,329.6484375,49.99999999999818
15.0,0.3494943751368958,0.7131580294117648,5.136093149249156,329.0066636029412,357.203125,798.4754014398789,388.8937647696727,1533.640939393939,808.8433636363636,12775.606423038062,6222.3002363147625,graphhopper,offline,ohare_filtered_vid_300_sr_5.0,6a108bb8c39545adadeebf507e8b5161,300,batches,5.0,50.0,0.9834197517090864,0.9295245314205466,0.9557129206100904,0.0442870793899095,0.9151821749709234,0.0861470548951273,15,1,1,16,950.3655082986934,14.893735094742322,66.97745451910086,300,6a108bb8c39545adadeebf507e8b5161,ohare_filtered_vid_300_sr_5.0,graphhopper,offline,batches,5.0,50.0,graphhopper,offline,1768187894.5163062,1768187899.7965603,8,36,5.280254125595093,6.8178536759237405,756.8684393754666,848.6859134973201,851.650747248641,858.282798601067,858.5071077202883,858.5631850000937,754.3220520019531,848.9136695861816,853.8458347320557,858.4947824478149,858.677487373352,858.7231636047363,4.5,329.6484375,40.0
15.0,0.341558966486453,0.7836615172413794,4.962905808610834,320.91980698529414,358.16015625,543.9666749445389,164.1674528727197,1007.975,346.475,8703.466799112623,2626.6792459635158,graphhopper,offline,ohare_filtered_vid_300_sr_5.0,f5d360aaadf643eeba02a91b125f4a49,300,batches,10.0,50.0,1.0000000000000002,0.9675618040615394,0.9835135059689104,0.0164864940310894,0.9675618040615396,0.0324381959384607,14,0,2,16,950.3655082986934,0.0,30.82814257134783,300,f5d360aaadf643eeba02a91b125f4a49,ohare_filtered_vid_300_sr_5.0,graphhopper,offline,batches,10.0,50.0,graphhopper,offline,1768187907.3355658,1768187911.741916,4,36,4.406350135803223,8.170027095097755,1503.1996665038605,1649.623605004308,1693.6463697547879,1696.9066803558235,1697.5587424760306,1697.7217580060824,1468.7833786010742,1692.4657821655271,1695.1897144317627,1697.368860244751,1697.8046894073486,1697.913646697998,9.0,329.6484375,30.0
15.0,0.2965331893640381,0.6381234568160153,4.106407573008596,309.59811580882354,334.02734375,550.6747723927936,16.89718327368145,1091.35,30.87202962496061,8810.796358284697,270.3549323789032,graphhopper,offline,ohare_filtered_vid_300_sr_5.0,1cea78f653e24eca912900461e340a94,300,batches,30.0,50.0,1.0000000000000002,1.0000000000000002,1.0000000000000002,-2.220446049250313e-16,1.0000000000000004,0.0,16,0,0,16,950.3655082986934,0.0,0.0,300,1cea78f653e24eca912900461e340a94,ohare_filtered_vid_300_sr_5.0,graphhopper,offline,batches,30.0,50.0,graphhopper,offline,1768187922.6583433,1768187923.6783707,2,36,1.0200273990631104,35.2931696080574,3000.9927104983944,3000.9927104983944,3991.594816747238,4784.076501746313,4942.572838746128,4982.196922996081,1020.0273990631104,1020.0273990631104,1020.0273990631104,1020.0273990631104,1020.0273990631104,1020.0273990631104,18.0,329.6484375,20.00000000000182
10.0,0.0014078747113309,0.0017784313349814,0.014267620697044,5.625,6.80859375,664.5818581120634,1093.613981276503,885.700494437577,1452.443469303667,7310.400439232698,12029.753794041531,osrm,offline,ohare_filtered_vid_300_sr_5.0,8eeefc00fa2f4619a84ea269b4d57d88,300,batches,5.0,,0.8961328157891494,0.8650913916057587,0.8803385524904903,0.1196614475095096,0.7862542328742753,0.2351779048065249,12,2,4,16,950.3655082986934,95.29248085161215,128.21248819046258,300,8eeefc00fa2f4619a84ea269b4d57d88,ohare_filtered_vid_300_sr_5.0,osrm,offline,batches,5.0,,osrm,offline,1768187925.2832444,1768187930.500815,8,36,5.217570543289185,6.899762964643197,736.2182169990774,841.3201609982934,841.6579004988307,841.8147621985554,841.867331639296,841.8804739994812,745.3671864100864,841.6986465454102,841.8394327163696,841.9902086257935,842.0363855361938,842.047929763794,4.5,329.6484375,29.99999999999818
9.0,0.0010148700880335,0.0012640430898876,0.0092020173410094,3.5582682291666665,4.5546875,462.0439665656801,612.5601271256967,579.9816290130797,864.025,4620.439665656801,6125.601271256967,osrm,offline,ohare_filtered_vid_300_sr_5.0,616f4d2eaa6b4299b654a308289fef38,300,batches,10.0,,0.9031996558783514,0.9355668601852122,0.9190983833874238,0.0809016166125762,0.8503071595616393,0.1647024362270714,13,2,3,16,950.3655082986934,95.29248085161215,61.23503367136173,300,616f4d2eaa6b4299b654a308289fef38,ohare_filtered_vid_300_sr_5.0,osrm,offline,batches,10.0,,osrm,offline,1768187932.924194,1768187937.2924652,4,36,4.368271112442017,8.241246725154552,1470.308970001497,1596.2579150036618,1679.4813989999966,1680.1826909973897,1680.3229493968684,1680.358013996738,1456.0904502868652,1679.2995929718018,1679.9004077911377,1680.3810596466064,1680.4771900177002,1680.5012226104736,9.0,329.6484375,20.0
10.0,0.0008402522741641,0.0013347091433278,0.0083653146368925,3.107421875,4.125,348.7007388175627,581.2052218001315,529.5333333333333,1146.975,3835.7081269931896,6393.257439801447,osrm,offline,ohare_filtered_vid_300_sr_5.0,3e0e5696610c4fb89f79df79e971de70,300,batches,30.0,,0.9830857172350528,0.9108581716088748,0.9455947076469168,0.0544052923530831,0.8968038329328404,0.1048134147067992,12,1,4,16,950.3655082986934,14.893735094742322,84.71731904960671,300,3e0e5696610c4fb89f79df79e971de70,ohare_filtered_vid_300_sr_5.0,osrm,offline,batches,30.0,,osrm,offline,1768187943.058005,1768187944.0672984,2,36,1.0092933177947998,35.66852109816424,2937.8514804957376,2937.8514804957376,3902.18635324527,4673.654251444896,4827.947831084821,4866.521225994802,1009.2933177947998,1009.2933177947998,1009.2933177947998,1009.2933177947998,1009.2933177947998,1009.2933177947998,18.0,329.6484375,10.0
16.0,1.3839102288539105,2.461073964497041,22.242548311033683,1443.133731617647,1484.05078125,221.44934012666403,11.570765825885264,321.62260430015664,25.59480279083013,3764.638782153289,196.7030190400495,graphium,online,ohare_filtered_vid_300_sr_10.0,8af3d6bcfd9e442e9602096c636dc5b8,300,native,5.0,,1.0,0.7817716468773005,0.8775217051493874,0.1224782948506125,0.7817716468773004,0.2182283531226996,11,0,5,16,950.3655082986934,0.0,207.3966997406412,300,8af3d6bcfd9e442e9602096c636dc5b8,ohare_filtered_vid_300_sr_10.0,graphium,online,native,5.0,,graphium,online,1768187960.8655262,1768187960.8655262,1,18,0.0,,5881.284668001172,5881.284668001172,5881.284668001172,5881.284668001172,5881.284668001172,5881.284668001172,,,,,,,18.0,329.921875,0.0
16.0,1.3689215537491095,2.5182003464203238,21.96194091809243,1438.331112132353,1477.4140625,123.10202685262284,3.72251445891792,307.487915407855,12.412450199203189,2092.7344564945884,63.28274580160464,graphium,online,ohare_filtered_vid_300_sr_10.0,c06e5e02bc2e43aaa893594e4b4b1f2c,300,native,10.0,,1.0,0.7817716468773005,0.8775217051493874,0.1224782948506125,0.7817716468773004,0.2182283531226996,11,0,5,16,950.3655082986934,0.0,207.3966997406412,300,c06e5e02bc2e43aaa893594e4b4b1f2c,ohare_filtered_vid_300_sr_10.0,graphium,online,native,10.0,,graphium,online,1768187978.1254525,1768187978.1254525,1,18,0.0,,5887.002654002572,5887.002654002572,5887.002654002572,5887.002654002572,5887.002654002572,5887.002654002572,,,,,,,18.0,329.921875,0.0
16.0,1.446658187474953,2.5232565893934584,23.437438829031112,1445.8453584558824,1475.57421875,118.88930706310488,3.604289991791635,287.6345044903104,11.584175558687337,2021.1182200727824,61.27292986045779,graphium,online,ohare_filtered_vid_300_sr_10.0,e2a291215d2f4fcbaf713ad5aad585b1,300,native,30.0,,1.0,0.7817716468773005,0.8775217051493874,0.1224782948506125,0.7817716468773004,0.2182283531226996,11,0,5,16,950.3655082986934,0.0,207.3966997406412,300,e2a291215d2f4fcbaf713ad5aad585b1,ohare_filtered_vid_300_sr_10.0,graphium,online,native,30.0,,graphium,online,1768187995.3656254,1768187995.3656254,1,18,0.0,,5884.625278995372,5884.625278995372,5884.625278995372,5884.625278995372,5884.625278995372,5884.625278995372,,,,,,,18.0,329.921875,10.00000000000182
9.0,0.1807126439867359,0.2359086907264296,1.6262374890680704,150.96744791666666,204.37890625,9330.147445203796,8292.87628109855,12777.320710973729,11429.797918313572,93301.47445203796,82928.7628109855,barefoot,online,ohare_filtered_vid_300_sr_10.0,9dc1079ef3bb42e8afcd3476b59d9fc8,300,native,,,1.0,0.9295245314205466,0.963475215042968,0.0365247849570319,0.9295245314205464,0.0704754685794534,15,0,1,16,950.3655082986934,0.0,66.97745451910086,300,9dc1079ef3bb42e8afcd3476b59d9fc8,ohare_filtered_vid_300_sr_10.0,barefoot,online,native,,,barefoot,online,1768187997.2572389,1768188002.9291031,18,18,5.67186427116394,3.173559722067567,316.8585508339877,334.2423494977993,335.2646097482648,336.4358504975826,338.1787381001777,338.6144600008265,333.6390747743494,334.3851566314697,335.45875549316406,336.71016693115234,338.38161468505865,338.7994766235352,1.0,329.921875,20.0
15.0,0.3517871873359468,0.5760246333253987,5.071890818789878,339.03308823529414,383.68359375,412.4192955113126,163.05725556734444,669.0148477294897,343.225,6598.708728181002,2608.916089077511,graphhopper,offline,ohare_filtered_vid_300_sr_10.0,ce6ad9ec10d1411db8932828822b63d8,300,batches,5.0,50.0,1.0000000000000002,0.6599328988312025,0.7951320192471355,0.2048679807528645,0.6599328988312027,0.3400671011687975,9,0,7,16,950.3655082986934,0.0,323.1880434579475,300,ce6ad9ec10d1411db8932828822b63d8,ohare_filtered_vid_300_sr_10.0,graphhopper,offline,batches,5.0,50.0,graphhopper,offline,1768188020.344028,1768188024.730814,4,18,4.386785984039307,4.103231857102313,1458.567906747703,1567.1997064964671,1688.6781437442553,1694.0128559468576,1695.079798387378,1695.3465339975082,1462.2619946797688,1686.584711074829,1691.0511255264282,1694.6242570877073,1695.3388833999632,1695.5175399780271,4.5,329.921875,10.0
14.0,0.3575632944847722,0.6193323189498617,4.762889528293947,341.186767578125,378.6171875,360.8481813340516,88.89863893474212,613.0591144077321,195.975,5412.722720010774,1333.4795840211318,graphhopper,offline,ohare_filtered_vid_300_sr_10.0,2bd27b266c084bd5aa36e9a6c3332552,300,batches,10.0,50.0,0.959873429362078,0.7817716468773005,0.8617161348240343,0.1382838651759657,0.7570309666919709,0.2509095528012807,11,2,5,16,950.3655082986934,31.0590849443458,207.3966997406412,300,2bd27b266c084bd5aa36e9a6c3332552,ohare_filtered_vid_300_sr_10.0,graphhopper,offline,batches,10.0,50.0,graphhopper,offline,1768188033.7850084,1768188036.4762945,2,18,2.691286087036133,6.688252165648837,2907.831234999321,2907.831234999321,3016.205161000471,3102.904301801391,3120.244129961575,3124.579087001621,2691.286087036133,2691.286087036133,2691.286087036133,2691.286087036133,2691.286087036133,2691.286087036133,9.0,329.921875,20.0
14.0,0.2947634746094064,0.64277526355,3.985235405591097,337.2477022058824,391.65625,171.66345362583314,6.500309155954247,310.5284354883851,17.2242,2574.9518043874973,97.50463733931372,graphhopper,offline,ohare_filtered_vid_300_sr_10.0,f739817cfa234919a16aa6407bd16d89,300,batches,30.0,50.0,0.959873429362078,0.7817716468773005,0.8617161348240343,0.1382838651759657,0.7570309666919709,0.2509095528012807,11,2,5,16,950.3655082986934,31.0590849443458,207.3966997406412,300,f739817cfa234919a16aa6407bd16d89,ohare_filtered_vid_300_sr_10.0,graphhopper,offline,batches,30.0,50.0,graphhopper,offline,1768188048.207955,1768188048.207955,1,18,0.0,,5805.898192003951,5805.898192003951,5805.898192003951,5805.898192003951,5805.898192003951,5805.898192003951,,,,,,,18.0,329.921875,10.0
9.0,0.0009239489296172,0.0012225812456506,0.0080169080505217,3.3037109375,4.0625,420.9729054488817,458.6909055110476,524.725,594.6500000000001,4209.7290544888165,4586.909055110476,osrm,offline,ohare_filtered_vid_300_sr_10.0,dcdba54c040346fc83fb424edc9e485d,300,batches,5.0,,1.0,0.6308696631679006,0.7736604308923877,0.2263395691076123,0.6308696631679006,0.3691303368320995,8,0,8,16,950.3655082986934,0.0,350.80874019190617,300,dcdba54c040346fc83fb424edc9e485d,ohare_filtered_vid_300_sr_10.0,osrm,offline,batches,5.0,,osrm,offline,1768188050.471629,1768188054.8306315,4,18,4.359002590179443,4.129385020452353,1425.2899972489104,1509.6088094978768,1676.8227469965495,1677.2578766005608,1677.344902521363,1677.3666590015637,1453.0009428660076,1676.7821311950684,1677.1485805511475,1677.4417400360107,1677.5003719329834,1677.5150299072266,4.5,329.921875,10.0
9.0,0.0007634455837039,0.00090338030072,0.0067900919425843,2.9279119318181817,3.44921875,332.6165440496208,320.7916870668695,419.3546632782719,480.3248792884372,3326.165440496208,3207.916870668694,osrm,offline,ohare_filtered_vid_300_sr_10.0,9dc8c9a2a1ee4be28ae2261ce81f7a38,300,batches,10.0,,1.0000000000000002,0.7949208759951547,0.8857447552437968,0.1142552447562031,0.7949208759951548,0.2050791240048454,10,0,6,16,950.3655082986934,0.0,194.90012592631567,300,9dc8c9a2a1ee4be28ae2261ce81f7a38,ohare_filtered_vid_300_sr_10.0,osrm,offline,batches,10.0,,osrm,offline,1768188058.767248,1768188061.4489422,2,18,2.681694269180298,6.712174540874111,2849.3981850006094,2849.3981850006094,2933.303514500949,3000.4277781012206,3013.852630821275,3017.2088440012885,2681.694269180298,2681.694269180298,2681.694269180298,2681.694269180298,2681.694269180298,2681.694269180298,9.0,329.921875,9.99999999999818
9.0,0.0006278051678627,0.0011418321129707,0.0054128932058239,2.091145833333333,2.23046875,225.65502049429944,9.750022513187895,278.28196721311474,12.798360655737705,2256.5502049429947,97.50022513187898,osrm,offline,ohare_filtered_vid_300_sr_10.0,5897cf61b7ec42a097a47f8d8995d714,300,batches,30.0,,1.0000000000000002,0.7949208759951547,0.8857447552437968,0.1142552447562031,0.7949208759951548,0.2050791240048454,10,0,6,16,950.3655082986934,0.0,194.90012592631567,300,5897cf61b7ec42a097a47f8d8995d714,ohare_filtered_vid_300_sr_10.0,osrm,offline,batches,30.0,,osrm,offline,1768188068.029637,1768188068.029637,1,18,0.0,,5697.071440001309,5697.071440001309,5697.071440001309,5697.071440001309,5697.071440001309,5697.071440001309,,,,,,,18.0,329.921875,10.00000000000182
16.0,1.4239570121313652,2.474616715054593,22.899728574608616,1445.1773897058824,1474.8046875,120.14517710519638,3.299015414729847,294.46491650368586,11.641867411832722,2042.4680107883385,56.0832620504074,graphium,online,ohare_filtered_vid_300_sr_20.0,bb384922b2a04d88971d2ca8b3d1ab15,300,native,5.0,,1.0,0.7817716468773005,0.8775217051493874,0.1224782948506125,0.7817716468773004,0.2182283531226996,11,0,5,16,950.3655082986934,0.0,207.3966997406412,300,bb384922b2a04d88971d2ca8b3d1ab15,ohare_filtered_vid_300_sr_20.0,graphium,online,native,5.0,,graphium,online,1768188085.1745872,1768188085.1745872,1,10,0.0,,6214.413419998891,6214.413419998891,6214.413419998891,6214.413419998891,6214.413419998891,6214.413419998891,,,,,,,10.0,330.16796875,10.0
16.0,1.431790760068354,2.727385416666667,23.048219562823054,1453.5494025735295,1490.8125,114.53420990048944,3.256475846065758,310.84017139796464,11.247991430101766,1947.0815683083204,55.36008938311788,graphium,online,ohare_filtered_vid_300_sr_20.0,8fef05348ece47dcb154935803ad3a35,300,native,10.0,,1.0,0.7817716468773005,0.8775217051493874,0.1224782948506125,0.7817716468773004,0.2182283531226996,11,0,5,16,950.3655082986934,0.0,207.3966997406412,300,8fef05348ece47dcb154935803ad3a35,ohare_filtered_vid_300_sr_20.0,graphium,online,native,10.0,,graphium,online,1768188102.7364726,1768188102.7364726,1,10,0.0,,6217.594123001618,6217.594123001618,6217.594123001618,6217.594123001618,6217.594123001618,6217.594123001618,,,,,,,10.0,330.32421875,0.0
16.0,1.4874850423961283,2.6039092389534257,23.98571947423532,1441.353630514706,1474.00390625,129.17066750359433,3.689305575036862,308.1053367625784,11.804851258581236,2195.901347561104,62.71819477562666,graphium,online,ohare_filtered_vid_300_sr_20.0,ec4dbce362d142b5992f4b2def017f6e,300,native,30.0,,1.0,0.7817716468773005,0.8775217051493874,0.1224782948506125,0.7817716468773004,0.2182283531226996,11,0,5,16,950.3655082986934,0.0,207.3966997406412,300,ec4dbce362d142b5992f4b2def017f6e,ohare_filtered_vid_300_sr_20.0,graphium,online,native,30.0,,graphium,online,1768188120.304107,1768188120.304107,1,10,0.0,,6213.815915994928,6213.815915994928,6213.815915994928,6213.815915994928,6213.815915994928,6213.815915994928,,,,,,,10.0,330.32421875,10.0
9.0,0.1536010354463022,0.2067824043478261,1.3905815153325876,114.53255208333331,159.83984375,9847.648074192624,4066.1010832064776,17825.988405797103,6195.73430392402,98476.48074192624,40661.01083206478,barefoot,online,ohare_filtered_vid_300_sr_20.0,008a809f73224ea196f0809f3cee1c16,300,native,,,1.0,0.9295245314205466,0.963475215042968,0.0365247849570319,0.9295245314205464,0.0704754685794534,15,0,1,16,950.3655082986934,0.0,66.97745451910086,300,008a809f73224ea196f0809f3cee1c16,ohare_filtered_vid_300_sr_20.0,barefoot,online,native,,,barefoot,online,1768188122.2072766,1768188128.208319,10,10,6.001042366027832,1.66637717084126,602.8749559998687,666.0360184978344,669.5530712477193,671.6076679538673,671.9936415951088,672.0901350054191,666.7824851142036,667.3011779785156,669.7573661804199,671.8064308166504,672.159595489502,672.2478866577148,1.0,330.32421875,20.00000000000182
15.0,0.3260003292284155,0.7159910321481481,4.802249939210203,325.77068014705884,363.6015625,280.74897746574044,80.22052880269581,500.5950964056177,186.35,4491.983639451847,1283.528460843133,graphhopper,offline,ohare_filtered_vid_300_sr_20.0,fd423611d4444710a8ccd2dcf1577914,300,batches,5.0,50.0,0.9788368972579368,0.7248430020544597,0.8329065517723963,0.1670934482276037,0.7136588360060476,0.2908285842612143,11,1,5,16,950.3655082986934,14.893735094742322,261.4997202144559,300,fd423611d4444710a8ccd2dcf1577914,ohare_filtered_vid_300_sr_20.0,graphhopper,offline,batches,5.0,50.0,graphhopper,offline,1768188146.9171767,1768188150.2723224,3,10,3.3551456928253174,2.980496501652407,2043.487871667215,2775.5613129993435,3065.1363495016994,3296.796378703584,3343.128384543961,3354.7113860040554,1677.5728464126587,1677.5728464126587,2516.2232518196106,3187.143576145172,3321.3276410102844,3354.8736572265625,3.3333333333333335,330.32421875,10.00000000000182
15.0,0.3213859341807228,0.8410112632867133,4.6671545052831735,325.5124080882353,355.80078125,163.54062953474033,6.373188579033522,298.1528706624606,13.967281105990784,2616.6500725558453,101.97101726453636,graphhopper,offline,ohare_filtered_vid_300_sr_20.0,f813f30b9bde4ceb91be7b7c454110e6,300,batches,10.0,50.0,1.0,0.8064803354536377,0.8928747461301502,0.1071252538698498,0.8064803354536377,0.1935196645463622,12,0,4,16,950.3655082986934,0.0,183.91441436239617,300,f813f30b9bde4ceb91be7b7c454110e6,ohare_filtered_vid_300_sr_20.0,graphhopper,offline,batches,10.0,50.0,graphhopper,offline,1768188162.340428,1768188162.340836,2,10,0.00040793418884277344,24513.75803623612,3064.7219589991437,3064.7219589991437,4596.94337449946,5822.720506899714,6067.875933379764,6129.164789999777,0.408172607421875,0.408172607421875,0.408172607421875,0.408172607421875,0.408172607421875,0.408172607421875,5.0,330.32421875,10.0
14.0,0.2673483832714499,0.5459027146364495,3.469740186483097,291.62477022058823,331.94140625,176.9584242870906,6.296430843395238,302.2716198773798,13.297355996222851,2654.376364306359,94.44646265092857,graphhopper,offline,ohare_filtered_vid_300_sr_20.0,72dd1bc6acce4317b489fd23920abcfe,300,batches,30.0,50.0,1.0,0.8064803354536377,0.8928747461301502,0.1071252538698498,0.8064803354536377,0.1935196645463622,12,0,4,16,950.3655082986934,0.0,183.91441436239617,300,72dd1bc6acce4317b489fd23920abcfe,ohare_filtered_vid_300_sr_20.0,graphhopper,offline,batches,30.0,50.0,graphhopper,offline,1768188174.39237,1768188174.39237,1,10,0.0,,6124.196479002421,6124.196479002421,6124.196479002421,6124.196479002421,6124.196479002421,6124.196479002421,,,,,,,10.0,330.32421875,10.00000000000182
9.0,0.0006954877657545,0.0011479038331929,0.0058069738243525,2.779296875,3.265625,313.72868568709475,238.68214965228808,375.8125,302.925,3137.2868568709478,2386.821496522881,osrm,offline,ohare_filtered_vid_300_sr_20.0,ec02199389584ad2bca76f6503293d86,300,batches,5.0,,1.0,0.7805876435596392,0.8767753122212365,0.1232246877787635,0.7805876435596392,0.2194123564403609,9,0,7,16,950.3655082986934,0.0,208.52193565545767,300,ec02199389584ad2bca76f6503293d86,ohare_filtered_vid_300_sr_20.0,osrm,offline,batches,5.0,,osrm,offline,1768188178.007619,1768188181.352224,3,10,3.3446052074432373,2.9898895025773276,2006.8692706675695,2676.209896002547,3010.210480500973,3277.410948099714,3330.851041619462,3344.2110649993992,1672.3027229309082,1672.3027229309082,2508.327841758728,3177.147936820984,3310.911955833435,3344.352960586548,3.3333333333333335,330.32421875,20.00000000000364
9.0,0.0006004875825132,0.001073852,0.0051850997744991,2.068359375,2.1953125,226.62965776446308,10.05200417120557,301.8607082630691,17.976000000000003,2266.296577644631,100.52004171205571,osrm,offline,ohare_filtered_vid_300_sr_20.0,402999f65fb84acd8e014cebe5b13d2a,300,batches,10.0,,1.0000000000000002,0.8096508792229411,0.8948144512499593,0.1051855487500407,0.8096508792229412,0.190349120777059,10,0,6,16,950.3655082986934,0.0,180.90123892149907,300,402999f65fb84acd8e014cebe5b13d2a,ohare_filtered_vid_300_sr_20.0,osrm,offline,batches,10.0,,osrm,offline,1768188188.2819574,1768188188.2823732,2,10,0.000415802001953125,24049.908256880735,3008.8942099973797,3008.8942099973797,4513.198890497734,5716.642634898018,5957.331383778074,6017.503570998088,0.415802001953125,0.415802001953125,0.415802001953125,0.415802001953125,0.415802001953125,0.415802001953125,5.0,330.32421875,0.0
9.0,0.0006529763044332,0.0009767282467532,0.0055530347975789,2.1119791666666665,2.2109375,245.77313373997308,10.480529890250848,297.9164276935682,14.65072463768116,2457.731337399731,104.80529890250848,osrm,offline,ohare_filtered_vid_300_sr_20.0,575f51c02d514633a11e779f8989b3d5,300,batches,30.0,,1.0000000000000002,0.8096508792229411,0.8948144512499593,0.1051855487500407,0.8096508792229412,0.190349120777059,10,0,6,16,950.3655082986934,0.0,180.90123892149907,300,575f51c02d514633a11e779f8989b3d5,ohare_filtered_vid_300_sr_20.0,osrm,offline,batches,30.0,,osrm,offline,1768188195.191538,1768188195.191538,1,10,0.0,,6017.698732997815,6017.698732997815,6017.698732997815,6017.698732997815,6017.698732997815,6017.698732997815,,,,,,,10.0,330.32421875,9.99999999999818
15.0,1.6771849036334117,2.80613532052881,25.532354737981706,1437.60595703125,1498.81640625,2840.38730615644,1046.543367662082,5768.733333333333,2473.45,45446.19689850304,16744.69388259331,graphium,online,ohare_filtered_vid_1622_sr_1.0,73dda09598f24975a6f8bd27ec2909cc,1622,native,5.0,,0.8790912784499046,0.9074724083512292,0.8930564138397775,0.1069435861602224,0.8067768086878039,0.2173398056081724,10,1,3,13,681.3878512644967,85.04552628136132,63.04717685623472,1622,73dda09598f24975a6f8bd27ec2909cc,ohare_filtered_vid_1622_sr_1.0,graphium,online,native,5.0,,graphium,online,1768188207.271556,1768188211.117707,36,127,3.846151113510132,33.02002346030948,138.73422019464164,113.33725900112768,176.88871799691697,181.5733365019696,813.3355354020737,1153.123031006544,109.8900318145752,107.88917541503906,176.87344551086426,180.4636001586914,182.12408065795898,182.4512481689453,3.5277777777777777,330.6875,59.99999999999818
15.0,1.75307198027883,2.597355364238411,26.86700045349911,1433.827880859375,1482.640625,1721.4216930735608,490.5976869374666,3872.675,1197.6,27542.747089176974,7849.562990999466,graphium,online,ohare_filtered_vid_1622_sr_1.0,7d4c2336fbd741beb457e7982a71afc8,1622,native,10.0,,0.7323104843377135,0.8884509401239661,0.8028596046929934,0.1971403953070065,0.6706478269719569,0.4363143157859983,9,2,4,13,681.3878512644967,221.291099889855,76.00817421950545,1622,7d4c2336fbd741beb457e7982a71afc8,ohare_filtered_vid_1622_sr_1.0,graphium,online,native,10.0,,graphium,online,1768188223.6411045,1768188227.3662014,17,127,3.7250969409942627,34.09307247883394,287.1912258231211,348.8600780037814,352.07180199358845,520.3828792000417,1031.707011038088,1159.5380439975995,232.81855881214142,348.88505935668945,351.6469597816468,355.8160662651062,359.748113155365,360.7311248779297,7.470588235294118,330.84375,50.0
15.0,1.6843789240177658,2.6714854427333976,25.608036942742544,1436.84375,1487.9609375,1940.0087684905704,460.2144882540365,3729.55,986.725,31040.140295849127,7363.431812064584,graphium,online,ohare_filtered_vid_1622_sr_1.0,5a2d32aa67fa4e939ef31020c2a647b3,1622,native,30.0,,0.887074859258453,0.980452859343104,0.9314293689441004,0.0685706310558996,0.8716591509011582,0.1443593546162976,12,1,1,13,681.3878512644967,85.04552628136132,13.319184170567192,1622,5a2d32aa67fa4e939ef31020c2a647b3,ohare_filtered_vid_1622_sr_1.0,graphium,online,native,30.0,,graphium,online,1768188239.9303946,1768188243.6210244,11,127,3.690629720687866,34.41147164888964,440.1780083637939,107.15165099827573,1042.9695964994607,1100.9517400016193,1142.6171023995269,1153.0334429990037,369.0629720687866,98.9530086517334,810.9480738639832,1046.7648386955261,1048.5526061058044,1048.999547958374,11.545454545454545,330.84375,50.0
8.0,0.4985105142316056,0.6632958475247525,4.197702437040495,196.8728693181818,253.6953125,17477.430814857016,458641.1036585534,22060.05063649222,697573.1885902877,157296.87733371314,4127769.93292698,barefoot,online,ohare_filtered_vid_1622_sr_1.0,fe0fe33ce13447dfbc49a1a1c643009c,1622,native,,,1.0,1.0,1.0,0.0,1.0,0.0,13,0,0,13,681.3878512644967,0.0,0.0,1622,fe0fe33ce13447dfbc49a1a1c643009c,ohare_filtered_vid_1622_sr_1.0,barefoot,online,native,,,barefoot,online,1768188245.5145314,1768188249.8691847,127,127,4.354653358459473,29.16420425366033,34.3309340940781,34.421693002514075,35.975549999420764,38.58330460061551,40.79204239984392,41.7894000056549,34.560740940154545,34.62815284729004,36.10360622406006,38.77776861190796,40.92192649841308,41.97978973388672,1.0,331.9375,239.99999999999818
13.0,0.4100514283352038,0.7307410937908496,5.282351386562134,347.76354166666664,383.94921875,2334.363049215261,1303.1354375339968,4410.766666666667,2564.1,32681.082689013656,18243.89612547596,graphhopper,offline,ohare_filtered_vid_1622_sr_1.0,d0a7a76da41047eaac4047e80cb57b0c,1622,batches,5.0,50.0,0.6884048527206246,0.980452859343104,0.8088748385875938,0.1911251614124062,0.6790846711931182,0.4633330202888081,12,7,1,13,681.3878512644967,302.3903069439132,13.319184170567192,1622,d0a7a76da41047eaac4047e80cb57b0c,ohare_filtered_vid_1622_sr_1.0,graphhopper,offline,batches,5.0,50.0,graphhopper,offline,1768188266.0576313,1768188270.4688587,26,127,4.411227464675903,28.79017258053157,178.35967257689424,180.09876450014417,182.0998500024871,184.9165512521722,218.59409075295844,229.65752400341444,176.44909858703613,180.1767349243164,182.15346336364743,183.50205421447754,185.09079933166498,185.55045127868647,4.884615384615385,332.09375,90.0
13.0,0.3659996819962809,0.6468472658454647,4.54993405712699,301.205078125,351.765625,1578.8067138918036,579.2865319341903,3028.0,1205.15,22103.29399448525,8110.011447078665,graphhopper,offline,ohare_filtered_vid_1622_sr_1.0,d0dba77b7ae647b6bd6eff8030730f12,1622,batches,10.0,50.0,0.8180420090683012,1.0,0.8999154089816948,0.1000845910183052,0.8180420090683012,0.2224311085673188,13,2,0,13,681.3878512644967,151.56185512106538,0.0,1622,d0dba77b7ae647b6bd6eff8030730f12,ohare_filtered_vid_1622_sr_1.0,graphhopper,offline,batches,10.0,50.0,graphhopper,offline,1768188276.8071127,1768188280.9905393,13,127,4.18342661857605,30.357888778560223,353.01145769279594,357.1378960041329,359.65395200037165,382.2013607990811,402.5232417564256,407.6037119957618,348.61888488133746,356.49609565734863,358.54411125183105,363.16714286804194,364.97485160827637,365.42677879333496,9.76923076923077,332.09375,79.99999999999818
13.0,0.3687456235358665,0.6726167861182518,4.75050696909082,346.2630208333333,383.09375,1341.3995575452464,231.242024112179,2789.05,519.6,18779.59380563345,3237.388337570506,graphhopper,offline,ohare_filtered_vid_1622_sr_1.0,d08d15b8210447b4972ced09013f09ec,1622,batches,30.0,50.0,1.0,1.0,1.0,0.0,1.0,0.0,13,0,0,13,681.3878512644967,0.0,0.0,1622,d08d15b8210447b4972ced09013f09ec,ohare_filtered_vid_1622_sr_1.0,graphhopper,offline,batches,30.0,50.0,graphhopper,offline,1768188288.035987,1768188291.44559,5,127,3.4096031188964844,37.247736927546995,902.7451800007839,1052.1571210047114,1053.7512759983656,1094.6121239991044,1102.7842935992521,1104.827335999289,852.4007797241211,1052.117943763733,1052.7220368385315,1053.6714673042297,1053.8613533973694,1053.9088249206543,25.4,332.09375,59.99999999999818
8.0,0.0032710174895044,0.0041245106368744,0.0272122075164052,9.888849431818182,12.90234375,2271.244964374486,4063.55883130172,2823.5306930693077,5095.861011506556,20441.20467937037,36572.02948171548,osrm,offline,ohare_filtered_vid_1622_sr_1.0,9071b0a8d06a4031b7ad9820548cf727,1622,batches,5.0,,0.7849764305040542,1.0,0.8795370259117506,0.1204629740882493,0.7849764305040542,0.2739235996651178,13,3,0,13,681.3878512644967,186.6482129864509,0.0,1622,9071b0a8d06a4031b7ad9820548cf727,ohare_filtered_vid_1622_sr_1.0,osrm,offline,batches,5.0,,osrm,offline,1768188292.4906948,1768188296.7611032,26,127,4.270408391952515,29.739544405010196,169.52255803782742,174.77042049722513,175.1537255022413,175.50196324918943,175.51213599654147,175.51215199637227,170.8163356781006,174.9284267425537,175.37641525268555,175.68745613098145,175.70286750793457,175.7056713104248,4.884615384615385,332.09375,70.0
8.0,0.0021279400518578,0.0024358531620553,0.0176543550078126,7.52734375,8.96484375,1294.4170490144395,2638.196693724496,1620.2207792207791,3350.6535855448897,11649.753441129957,23743.770243520463,osrm,offline,ohare_filtered_vid_1622_sr_1.0,ddbd7cac514a434d9782b431a5b6a79f,1622,batches,10.0,,0.7849764305040542,1.0,0.8795370259117506,0.1204629740882493,0.7849764305040542,0.2739235996651178,13,3,0,13,681.3878512644967,186.6482129864509,0.0,1622,ddbd7cac514a434d9782b431a5b6a79f,ohare_filtered_vid_1622_sr_1.0,osrm,offline,batches,10.0,,osrm,offline,1768188297.9907565,1768188302.0518098,13,127,4.061053276062012,31.27267518222549,336.35518523022677,346.8161089986097,347.0322089997353,347.3859151970828,347.73880543594714,347.82702799566323,338.4211262067159,346.9984531402588,347.1558690071106,347.5595235824585,347.8903913497925,347.973108291626,9.76923076923077,332.09375,50.0
7.0,0.001687169133701,0.0019279873784885,0.0118954975577975,5.583203125,7.24609375,924.5386905871792,2074.862285396808,1128.5801975540924,2637.2367121354664,7396.309524697434,16598.898283174465,osrm,offline,ohare_filtered_vid_1622_sr_1.0,a58c7d63e7fd4ed1905a298408cb7d88,1622,batches,30.0,,0.9783200655966016,1.0,0.9890412402015136,0.0109587597984862,0.9783200655966016,0.0221603697662868,13,1,0,13,681.3878512644967,15.099806738276929,0.0,1622,a58c7d63e7fd4ed1905a298408cb7d88,ohare_filtered_vid_1622_sr_1.0,osrm,offline,batches,30.0,,osrm,offline,1768188303.979638,1768188307.3352058,5,127,3.355567693710327,37.84754521211081,871.6626831999747,1036.646473003202,1036.678997996205,1037.5913756011869,1037.7738511221833,1037.8194700024324,838.8919234275818,1036.7889404296875,1037.1036529541016,1037.7862930297852,1037.9228210449219,1037.956953048706,25.4,332.09375,49.99999999999818
15.0,1.558815079117536,2.53835180887372,23.747047957599943,1442.17724609375,1474.46875,288.85069811522146,412.09211725559874,474.8822801861377,1138.6666666666663,4621.611169843543,6593.47387608958,graphium,online,ohare_filtered_vid_1622_sr_5.0,d594ee9bc0584df680439775f84a6a84,1622,native,5.0,,0.7808175585322112,0.896883660850536,0.8348357887114126,0.1651642112885873,0.7164962505912746,0.3548795690482951,10,2,3,13,681.3878512644967,171.54840624817396,70.26222076331445,1622,d594ee9bc0584df680439775f84a6a84,ohare_filtered_vid_1622_sr_5.0,graphium,online,native,5.0,,graphium,online,1768188322.846491,1768188322.846491,1,27,0.0,,4605.380740998953,4605.380740998953,4605.380740998953,4605.380740998953,4605.380740998953,4605.380740998953,,,,,,,27.0,330.78125,10.0
15.0,1.6094692580395782,2.869964659524689,24.47706692963108,1455.719970703125,1500.8203125,115.15012841371524,3.8188070840556536,300.09395493283256,11.024468546637742,1842.402054619444,61.10091334489046,graphium,online,ohare_filtered_vid_1622_sr_5.0,da42b806aea041adbfbb0fa2254c8e22,1622,native,10.0,,0.7808175585322112,0.896883660850536,0.8348357887114126,0.1651642112885873,0.7164962505912746,0.3548795690482951,10,2,3,13,681.3878512644967,171.54840624817396,70.26222076331445,1622,da42b806aea041adbfbb0fa2254c8e22,ohare_filtered_vid_1622_sr_5.0,graphium,online,native,10.0,,graphium,online,1768188338.8206367,1768188338.8206367,1,27,0.0,,4599.241602001712,4599.241602001712,4599.241602001712,4599.241602001712,4599.241602001712,4599.241602001712,,,,,,,27.0,330.78125,10.0
15.0,1.5789529101300777,2.752837793233525,24.07135107013721,1441.4755859375,1496.80078125,271.53396782438824,12.591503996590662,426.1155015197568,24.85673758865248,4344.543485190212,201.4640639454506,graphium,online,ohare_filtered_vid_1622_sr_5.0,3afc9f5774114beaaac2f5edcc6ee084,1622,native,30.0,,0.7808175585322112,0.896883660850536,0.8348357887114126,0.1651642112885873,0.7164962505912746,0.3548795690482951,10,2,3,13,681.3878512644967,171.54840624817396,70.26222076331445,1622,3afc9f5774114beaaac2f5edcc6ee084,ohare_filtered_vid_1622_sr_5.0,graphium,online,native,30.0,,graphium,online,1768188354.8529663,1768188354.8529663,1,27,0.0,,4596.007954001834,4596.007954001834,4596.007954001834,4596.007954001834,4596.007954001834,4596.007954001834,,,,,,,27.0,330.78125,9.99999999999818
8.0,0.2561220405593502,0.30903831163114,2.0874773918868947,163.776953125,209.25390625,12915.782037908775,31492.87504360922,15842.830895091434,46691.797564253306,116242.038341179,283435.87539248297,barefoot,online,ohare_filtered_vid_1622_sr_5.0,74121c3e9bfe470fba778ff920cb222c,1622,native,,,1.0,1.0,1.0,0.0,1.0,0.0,13,0,0,13,681.3878512644967,0.0,0.0,1622,74121c3e9bfe470fba778ff920cb222c,ohare_filtered_vid_1622_sr_5.0,barefoot,online,native,,,barefoot,online,1768188356.7542832,1768188361.1161697,27,27,4.361886501312256,6.1899822454979425,162.18940170397724,167.41754300164757,169.35601200384554,171.78578819948598,172.54661550265155,172.7651910041459,167.76485626514142,167.62864589691162,169.5597767829895,172.00976610183716,172.7278232574463,172.9283332824707,1.0,330.78125,40.00000000000182
14.0,0.364274924311834,0.7666624374034003,5.013523560195285,344.382080078125,380.921875,689.9591648137706,324.9454388400069,1254.8112650046166,652.975,10349.38747220656,4874.181582600103,graphhopper,offline,ohare_filtered_vid_1622_sr_5.0,fb0b8b3835ac4727bf3c3d100f800469,1622,batches,5.0,50.0,0.8541283876783049,0.9108326202764156,0.8815696141673166,0.1184303858326834,0.7882203714547494,0.2447231776476743,12,1,1,13,681.3878512644967,105.99383089922986,60.757569272738685,1622,fb0b8b3835ac4727bf3c3d100f800469,ohare_filtered_vid_1622_sr_5.0,graphhopper,offline,batches,5.0,50.0,graphhopper,offline,1768188377.851464,1768188381.5973608,6,27,3.745896816253662,7.207886742327083,751.921685665972,848.3136920003744,850.1705150010821,859.5345392495801,861.9457886488817,862.5486009987071,749.1793632507324,849.3504524230957,850.6371974945068,860.3105068206787,862.2451686859131,862.7288341522217,4.5,330.78125,19.99999999999818
13.0,0.363495656116644,0.6275769030832479,4.670232323659739,338.140625,374.95703125,404.8418377564248,92.9862480661224,719.7499999999999,218.4,5667.785728589946,1301.8074729257137,graphhopper,offline,ohare_filtered_vid_1622_sr_5.0,15824ccaa213446093f6017bccef721a,1622,batches,10.0,50.0,1.0,1.0,1.0,0.0,1.0,0.0,13,0,0,13,681.3878512644967,0.0,0.0,1622,15824ccaa213446093f6017bccef721a,ohare_filtered_vid_1622_sr_5.0,graphhopper,offline,batches,10.0,50.0,graphhopper,offline,1768188389.1193364,1768188392.0032148,3,27,2.883878469467163,9.362391753279613,1497.8785066656808,1610.0568719994044,1653.4164099975897,1688.1040403961379,1695.0415664758475,1696.775947995775,1441.9392347335815,1441.9392347335815,1569.4413781166077,1671.4430928230286,1691.8434357643127,1696.9435214996338,9.0,330.78125,20.00000000000364
12.0,0.3084768352947117,0.5750565664772728,3.43514229235398,274.99713541666665,316.859375,206.0906247196688,7.475974779444545,320.54018151815177,13.842909987669543,2679.178121355694,97.18767213277908,graphhopper,offline,ohare_filtered_vid_1622_sr_5.0,5b946552bc8b4e5985bedbb7e780364b,1622,batches,30.0,50.0,1.0,1.0,1.0,0.0,1.0,0.0,13,0,0,13,681.3878512644967,0.0,0.0,1622,5b946552bc8b4e5985bedbb7e780364b,ohare_filtered_vid_1622_sr_5.0,graphhopper,offline,batches,30.0,50.0,graphhopper,offline,1768188402.4535098,1768188402.4535098,1,27,0.0,,4485.996312003408,4485.996312003408,4485.996312003408,4485.996312003408,4485.996312003408,4485.996312003408,,,,,,,27.0,330.78125,19.99999999999818
8.0,0.0009563731958202,0.0012080276956196,0.0075428755615874,3.399147727272727,3.9375,445.0160507047983,573.6324723504723,569.3685885436166,740.9070385623362,4005.144456343184,5162.692251154251,osrm,offline,ohare_filtered_vid_1622_sr_5.0,f1dbc5cbac8549179a2926e8a5b4dd30,1622,batches,5.0,,0.8983039477693816,0.8498217389174528,0.8733905448373478,0.1266094551626522,0.7752380745919212,0.2463856930572882,11,1,2,13,681.3878512644967,65.5545753489441,102.32964262567532,1622,f1dbc5cbac8549179a2926e8a5b4dd30,ohare_filtered_vid_1622_sr_5.0,osrm,offline,batches,5.0,,osrm,offline,1768188404.0928664,1768188407.794227,6,27,3.7013604640960693,7.294615118388321,729.2227269996753,840.8573939959751,841.5912910022598,841.804200250408,841.8122296494403,841.8142369991983,740.2720928192139,841.1777019500732,841.9194221496582,841.9501304626465,841.9562721252441,841.9578075408936,4.5,330.78125,20.0
8.0,0.0011773372145315,0.0012889836517103,0.0093567564079466,3.907421875,4.734375,478.2706442945474,709.246032326567,618.5164593513994,988.14997778765,4304.435798650927,6383.214290939103,osrm,offline,ohare_filtered_vid_1622_sr_5.0,0ebbfeb326c64828b34793115f9831c0,1622,batches,10.0,,1.0,0.9389891186410372,0.9685346963670828,0.0314653036329172,0.9389891186410372,0.0610108813589625,12,0,1,13,681.3878512644967,0.0,41.57207335293664,1622,0ebbfeb326c64828b34793115f9831c0,ohare_filtered_vid_1622_sr_5.0,osrm,offline,batches,10.0,,osrm,offline,1768188410.2275884,1768188413.085477,3,27,2.857888698577881,9.447533773248594,1456.6469053340068,1512.429294998583,1596.2716600006388,1663.3455520022835,1676.7603304026125,1680.1140250026947,1428.9443492889404,1428.9443492889404,1554.6220541000366,1655.1642179489136,1675.272650718689,1680.2997589111328,9.0,330.78125,20.0
7.0,0.0006011320270327,0.0008338910216718,0.00397516519459,2.04765625,2.19921875,235.40366964631465,11.415139209646668,294.7905715681485,13.23055242390079,1883.229357170517,91.32111367717334,osrm,offline,ohare_filtered_vid_1622_sr_5.0,8b02a8678a754c9b87ceb14bf4514fcd,1622,batches,30.0,,1.0,0.9389891186410372,0.9685346963670828,0.0314653036329172,0.9389891186410372,0.0610108813589625,12,0,1,13,681.3878512644967,0.0,41.57207335293664,1622,8b02a8678a754c9b87ceb14bf4514fcd,ohare_filtered_vid_1622_sr_5.0,osrm,offline,batches,30.0,,osrm,offline,1768188418.3408515,1768188418.3408515,1,27,0.0,,4363.7677610022365,4363.7677610022365,4363.7677610022365,4363.7677610022365,4363.7677610022365,4363.7677610022365,,,,,,,27.0,330.78125,10.0
15.0,1.5384629659785587,2.797136625720732,23.40209729080391,1440.800537109375,1489.76171875,229.14421825879853,12.61288665413231,309.0408287866979,26.22808830022075,3666.307492140777,201.80618646611697,graphium,online,ohare_filtered_vid_1622_sr_10.0,26c4cd27b97c49538a3c6b8229bfb65d,1622,native,5.0,,1.0,1.0,1.0,0.0,1.0,0.0,13,0,0,13,681.3878512644967,0.0,0.0,1622,26c4cd27b97c49538a3c6b8229bfb65d,ohare_filtered_vid_1622_sr_10.0,graphium,online,native,5.0,,graphium,online,1768188433.9596212,1768188433.9596212,1,14,0.0,,4658.812647001469,4658.812647001469,4658.812647001469,4658.812647001469,4658.812647001469,4658.812647001469,,,,,,,14.0,330.546875,10.0
15.0,1.522567378137332,2.606157936507936,23.13818962793817,1441.83056640625,1490.00390625,222.5558745268304,12.078896367290756,303.5514865382162,23.73687576126675,3560.8939924292863,193.2623418766521,graphium,online,ohare_filtered_vid_1622_sr_10.0,8d417af305c749a1a5392a1209ff6d70,1622,native,10.0,,1.0,1.0,1.0,0.0,1.0,0.0,13,0,0,13,681.3878512644967,0.0,0.0,1622,8d417af305c749a1a5392a1209ff6d70,ohare_filtered_vid_1622_sr_10.0,graphium,online,native,10.0,,graphium,online,1768188449.9655137,1768188449.9655137,1,14,0.0,,4652.460709003208,4652.460709003208,4652.460709003208,4652.460709003208,4652.460709003208,4652.460709003208,,,,,,,14.0,330.546875,0.0
15.0,1.6039272334749954,2.695375217340907,24.36627763965398,1450.1201171875,1510.765625,224.92668999718293,12.273311071821524,295.15356438433355,24.97397167445958,3598.827039954927,196.3729771491444,graphium,online,ohare_filtered_vid_1622_sr_10.0,961f113338c44485b27da6c73924076d,1622,native,30.0,,1.0,1.0,1.0,0.0,1.0,0.0,13,0,0,13,681.3878512644967,0.0,0.0,1622,961f113338c44485b27da6c73924076d,ohare_filtered_vid_1622_sr_10.0,graphium,online,native,30.0,,graphium,online,1768188466.0185654,1768188466.0185654,1,14,0.0,,4675.297722998948,4675.297722998948,4675.297722998948,4675.297722998948,4675.297722998948,4675.297722998948,,,,,,,14.0,330.703125,0.0
8.0,0.2183351564071158,0.2672518256253474,1.8308601068193384,138.761328125,176.57421875,11358.250599574914,12650.67556340531,13495.281677018636,19393.064702612563,102224.25539617422,113856.0800706478,barefoot,online,ohare_filtered_vid_1622_sr_10.0,c341e8575b714e98a336ba39167efdeb,1622,native,,,1.0,1.0,1.0,0.0,1.0,0.0,13,0,0,13,681.3878512644967,0.0,0.0,1622,c341e8575b714e98a336ba39167efdeb,ohare_filtered_vid_1622_sr_10.0,barefoot,online,native,,,barefoot,online,1768188467.9267173,1768188472.2652593,14,14,4.3385419845581055,3.226890519863425,311.6285540002406,333.19838749957853,335.6764057498367,338.17055834770144,338.7086236709001,338.8431400016998,333.733998812162,333.5244655609131,336.0002040863037,338.38305473327637,338.87125968933105,338.9933109283447,1.0,330.859375,30.0
13.0,0.3483396963380255,0.7523097190513218,4.124446029681035,324.55517578125,378.22265625,445.9452286593079,168.0394520411511,755.5004818665991,340.975,6243.23320123031,2352.552328576115,graphhopper,offline,ohare_filtered_vid_1622_sr_10.0,46e6f5b49472496cae41ab25b37a83c5,1622,batches,5.0,50.0,1.0,0.3732878121165255,0.5436410471614257,0.4563589528385743,0.3732878121165255,0.6267121878834744,6,0,7,13,681.3878512644967,0.0,427.0340710631921,1622,46e6f5b49472496cae41ab25b37a83c5,ohare_filtered_vid_1622_sr_10.0,graphhopper,offline,batches,5.0,50.0,graphhopper,offline,1768188489.6713147,1768188492.700578,3,14,3.0292632579803467,4.621585781004058,1487.943669000136,1434.864087997994,1562.343615998543,1664.3272383989827,1684.7239628790705,1689.8231439990925,1514.6316289901733,1514.6316289901733,1602.307379245758,1672.4479794502258,1686.4760994911194,1689.9831295013428,4.666666666666667,330.859375,10.0
13.0,0.3782716734661554,0.8172264070126228,4.763069868638377,335.76666666666665,376.70703125,364.6665358992876,84.61612260128017,589.3030794165315,198.6,5105.331502590026,1184.6257164179224,graphhopper,offline,ohare_filtered_vid_1622_sr_10.0,6631fddf94e7402ab2a80330b1cce38a,1622,batches,10.0,50.0,1.0,0.431125005861993,0.602498040487132,0.397501959512868,0.431125005861993,0.5688749941380069,8,0,5,13,681.3878512644967,0.0,387.6245098937997,1622,6631fddf94e7402ab2a80330b1cce38a,ohare_filtered_vid_1622_sr_10.0,graphhopper,offline,batches,10.0,50.0,graphhopper,offline,1768188501.7675812,1768188503.1069767,2,14,1.339395523071289,10.452476328946824,2234.315991499898,2234.315991499898,2681.863863252147,3039.9021606539463,3111.509820134306,3129.411735004396,1339.395523071289,1339.395523071289,1339.395523071289,1339.395523071289,1339.395523071289,1339.395523071289,7.0,330.859375,10.0
14.0,0.3017922967792258,0.523470356333885,4.009097422764226,328.398681640625,352.9609375,171.42566050442537,6.498619068656771,282.69678249678253,12.599999999999998,2571.3849075663807,97.47928602985156,graphhopper,offline,ohare_filtered_vid_1622_sr_10.0,6bd42f145bc04edfa62816b7c8f5f35e,1622,batches,30.0,50.0,1.0,1.0,1.0,0.0,1.0,0.0,13,0,0,13,681.3878512644967,0.0,0.0,1622,6bd42f145bc04edfa62816b7c8f5f35e,ohare_filtered_vid_1622_sr_10.0,graphhopper,offline,batches,30.0,50.0,graphhopper,offline,1768188513.5223124,1768188513.5223124,1,14,0.0,,4470.557988002838,4470.557988002838,4470.557988002838,4470.557988002838,4470.557988002838,4470.557988002838,,,,,,,14.0,330.859375,10.0
8.0,0.0010814022819751,0.0012996445867084,0.00856245740191,3.319247159090909,4.01171875,435.6632211254228,523.4912848150939,558.28481839561,700.9769009668148,3920.9689901288048,4711.421563335845,osrm,offline,ohare_filtered_vid_1622_sr_10.0,49cd2f4b6b074f09be7eaf544ce55112,1622,batches,5.0,,1.0,0.3542663438892625,0.5231856281266791,0.4768143718733209,0.3542663438892625,0.6457336561107374,5,0,8,13,681.3878512644967,0.0,439.9950684264628,1622,49cd2f4b6b074f09be7eaf544ce55112,ohare_filtered_vid_1622_sr_10.0,osrm,offline,batches,5.0,,osrm,offline,1768188515.8289392,1768188518.845522,3,14,3.016582727432251,4.641013114835726,1453.0172159987462,1342.7117050014203,1509.7784444988065,1643.4318360967154,1670.1625144162972,1676.8451839961926,1508.2913637161255,1508.2913637161255,1592.6253199577332,1660.0924849510193,1673.5859179496765,1676.9592761993408,4.666666666666667,330.859375,0.0
8.0,0.0009469640625428,0.0011189962642333,0.0076019691426357,2.96953125,3.625,329.66209427245326,366.2317460326353,461.8248011230697,616.6652784277024,2966.958848452079,3296.085714293718,osrm,offline,ohare_filtered_vid_1622_sr_10.0,56833516164f4559b54afa4b9fb262b9,1622,batches,10.0,,1.0,0.3738134845461583,0.5441983045750177,0.4558016954249823,0.3738134845461583,0.6261865154538415,6,0,7,13,681.3878512644967,0.0,426.67588425589565,1622,56833516164f4559b54afa4b9fb262b9,ohare_filtered_vid_1622_sr_10.0,osrm,offline,batches,10.0,,osrm,offline,1768188522.759079,1768188524.0985394,2,14,1.3394603729248047,10.451970273245209,2178.1831970038183,2178.1831970038183,2597.6119670031035,2933.154983002532,3000.2635862024176,3017.040737002389,1339.4603729248047,1339.4603729248047,1339.4603729248047,1339.4603729248047,1339.4603729248047,1339.4603729248047,7.0,330.859375,0.0
8.0,0.0007953717829594,0.0010581999999999,0.0061383022966347,2.13125,2.2109375,195.63880394098635,10.7943222330859,269.1921170054536,12.821417947446706,1760.749235468877,97.1489000977731,osrm,offline,ohare_filtered_vid_1622_sr_10.0,429389c9d5334ed38755fc6c4007ad5f,1622,batches,30.0,,1.0,0.8816775973252028,0.9371186632380636,0.0628813367619363,0.8816775973252028,0.1183224026747971,10,0,3,13,681.3878512644967,0.0,80.62344771503254,1622,429389c9d5334ed38755fc6c4007ad5f,ohare_filtered_vid_1622_sr_10.0,osrm,offline,batches,30.0,,osrm,offline,1768188529.3768845,1768188529.3768845,1,14,0.0,,4358.165655998164,4358.165655998164,4358.165655998164,4358.165655998164,4358.165655998164,4358.165655998164,,,,,,,14.0,330.859375,10.00000000000182
15.0,1.58635850379581,2.8462155561122247,24.176398182852164,1437.339111328125,1499.7109375,136.7113458153946,4.037559217297504,292.5415432178282,12.85774834437086,2187.381533046313,64.60094747676007,graphium,online,ohare_filtered_vid_1622_sr_20.0,f4e8ed509d9a42098499d74be1ca4f78,1622,native,5.0,,1.0,1.0,1.0,0.0,1.0,0.0,13,0,0,13,681.3878512644967,0.0,0.0,1622,f4e8ed509d9a42098499d74be1ca4f78,ohare_filtered_vid_1622_sr_20.0,graphium,online,native,5.0,,graphium,online,1768188545.2772317,1768188545.2772317,1,8,0.0,,4952.540598998894,4952.540598998894,4952.540598998894,4952.540598998894,4952.540598998894,4952.540598998894,,,,,,,8.0,330.8203125,10.0
15.0,1.410574059183575,2.70788593110094,21.185773291433684,1439.56689453125,1476.37890625,122.04281641847112,3.5942002016835843,306.4103004291845,11.829806259314458,1952.685062695538,57.50720322693735,graphium,online,ohare_filtered_vid_1622_sr_20.0,a158047cc59440478e7c7f41b9d45410,1622,native,10.0,,1.0,1.0,1.0,0.0,1.0,0.0,13,0,0,13,681.3878512644967,0.0,0.0,1622,a158047cc59440478e7c7f41b9d45410,ohare_filtered_vid_1622_sr_20.0,graphium,online,native,10.0,,graphium,online,1768188561.614176,1768188561.614176,1,8,0.0,,4943.728293001186,4943.728293001186,4943.728293001186,4943.728293001186,4943.728293001186,4943.728293001186,,,,,,,8.0,330.8203125,10.0
15.0,1.5594264517470475,2.7379184,23.64774448364413,1442.310546875,1484.48828125,133.09164797162074,3.602059214176938,299.46089128148856,10.47676587573721,2129.466367545932,57.63294742683101,graphium,online,ohare_filtered_vid_1622_sr_20.0,6783b45bdb70458c8fdb307c15e09d46,1622,native,30.0,,1.0,1.0,1.0,0.0,1.0,0.0,13,0,0,13,681.3878512644967,0.0,0.0,1622,6783b45bdb70458c8fdb307c15e09d46,ohare_filtered_vid_1622_sr_20.0,graphium,online,native,30.0,,graphium,online,1768188577.9652977,1768188577.9652977,1,8,0.0,,4947.991859997273,4947.991859997273,4947.991859997273,4947.991859997273,4947.991859997273,4947.991859997273,,,,,,,8.0,330.8203125,10.0
8.0,0.1759038024129206,0.2119825941046588,1.4061273988607876,105.55433238636364,140.70703125,9883.031151279924,6458.099138859554,14037.712550374208,9037.126782449724,88947.28036151933,58122.89224973598,barefoot,online,ohare_filtered_vid_1622_sr_20.0,f1557a9cb9794722a57428429afb3ec1,1622,native,,,1.0,1.0,1.0,0.0,1.0,0.0,13,0,0,13,681.3878512644967,0.0,0.0,1622,f1557a9cb9794722a57428429afb3ec1,ohare_filtered_vid_1622_sr_20.0,barefoot,online,native,,,barefoot,online,1768188579.867463,1768188584.543191,8,8,4.675727844238281,1.710963568989177,587.0853390015327,667.4946359999012,671.2581767533266,671.8206967521837,671.9315081521199,671.959211002104,667.9611206054688,668.9283847808838,671.5453863143921,672.026252746582,672.1190643310547,672.1422672271729,1.0,330.8203125,10.0
13.0,0.3389127116888478,0.5607828218362283,4.296787544765151,337.23645833333336,371.00390625,315.94942013812675,93.73669668479154,507.9936951137132,195.85,4423.291881933775,1312.3137535870817,graphhopper,offline,ohare_filtered_vid_1622_sr_20.0,be0739a7832b42359d8048ee4a9b64df,1622,batches,5.0,50.0,0.7917595657042864,0.2542693838029136,0.3849228398249138,0.6150771601750862,0.238330928897035,0.8126059268403154,6,1,7,13,681.3878512644967,45.56802422183552,508.1317821926817,1622,be0739a7832b42359d8048ee4a9b64df,ohare_filtered_vid_1622_sr_20.0,graphhopper,offline,batches,5.0,50.0,graphhopper,offline,1768188603.31841,1768188605.3236282,2,8,2.005218267440796,3.9895906245708486,2390.039469497424,2390.039469497424,2582.5380927471997,2736.5369913470204,2767.3367710669845,2775.0367159969755,2005.218267440796,2005.218267440796,2005.218267440796,2005.218267440796,2005.218267440796,2005.218267440796,4.0,330.8203125,0.0
13.0,0.2957526244762118,0.6872959352048558,3.453240807462111,284.126708984375,325.140625,180.1686669323526,6.49778028976785,290.4076738609113,12.92655350106093,2522.3613370529365,90.9689240567499,graphhopper,offline,ohare_filtered_vid_1622_sr_20.0,370a9fd1b68347e6985cdeef0a028648,1622,batches,10.0,50.0,1.0,0.9108326202764156,0.9533358501538004,0.0466641498461994,0.9108326202764156,0.0891673797235844,12,0,1,13,681.3878512644967,0.0,60.757569272738685,1622,370a9fd1b68347e6985cdeef0a028648,ohare_filtered_vid_1622_sr_20.0,graphhopper,offline,batches,10.0,50.0,graphhopper,offline,1768188616.040043,1768188616.040043,1,8,0.0,,4789.274936003494,4789.274936003494,4789.274936003494,4789.274936003494,4789.274936003494,4789.274936003494,,,,,,,8.0,330.8203125,10.0
14.0,0.3026690813973305,0.6006858263491006,4.018197759872814,299.81201171875,322.9453125,176.7114572142146,6.659701399004391,305.51844404382194,14.733577614923384,2650.671858213219,99.89552098506586,graphhopper,offline,ohare_filtered_vid_1622_sr_20.0,dfef3a26e3d5418e9011a604161b5f4c,1622,batches,30.0,50.0,1.0,0.9108326202764156,0.9533358501538004,0.0466641498461994,0.9108326202764156,0.0891673797235844,12,0,1,13,681.3878512644967,0.0,60.757569272738685,1622,dfef3a26e3d5418e9011a604161b5f4c,ohare_filtered_vid_1622_sr_20.0,graphhopper,offline,batches,30.0,50.0,graphhopper,offline,1768188626.7739923,1768188626.7739923,1,8,0.0,,4785.429375006061,4785.429375006061,4785.429375006061,4785.429375006061,4785.429375006061,4785.429375006061,,,,,,,8.0,330.8203125,10.0
8.0,0.0008192520126271,0.000929,0.0064880094454012,2.83671875,3.34375,292.0513638642205,255.0905248384732,381.1,379.75,2628.4622747779845,2295.814723546259,osrm,offline,ohare_filtered_vid_1622_sr_20.0,09e46aaebf23485caae77d00f98a3cb0,1622,batches,5.0,,1.0,0.2735196744709099,0.4295491933951394,0.5704508066048606,0.2735196744709099,0.72648032552909,4,0,9,13,681.3878512644967,0.0,495.0148679981987,1622,09e46aaebf23485caae77d00f98a3cb0,ohare_filtered_vid_1622_sr_20.0,osrm,offline,batches,5.0,,osrm,offline,1768188630.3943715,1768188632.3994205,2,8,2.005048990249634,3.989927447610135,2340.2700859987817,2340.2700859987817,2508.071246496911,2642.3121748954145,2669.160360575115,2675.8724069950404,2005.0487518310547,2005.0487518310547,2005.0487518310547,2005.0487518310547,2005.0487518310547,2005.0487518310547,4.0,330.8203125,0.0
8.0,0.0008420738643717,0.0012588200480512,0.0066257176624211,2.067116477272727,2.20703125,253.0067605529198,11.70247988696122,315.76253157451583,14.7,2277.060844976278,105.32231898265098,osrm,offline,ohare_filtered_vid_1622_sr_20.0,19e96ec3e16d4512ab73e4f1bbcb5c0f,1622,batches,10.0,,1.0,0.8621304566683068,0.9259613939302797,0.0740386060697203,0.8621304566683068,0.137869543331693,9,0,4,13,681.3878512644967,0.0,93.94263188559974,1622,19e96ec3e16d4512ab73e4f1bbcb5c0f,ohare_filtered_vid_1622_sr_20.0,osrm,offline,batches,10.0,,osrm,offline,1768188638.0066946,1768188638.0066946,1,8,0.0,,4681.225061998703,4681.225061998703,4681.225061998703,4681.225061998703,4681.225061998703,4681.225061998703,,,,,,,8.0,330.8203125,10.00000000000182
9.0,0.0007212557465229,0.0012339092307692,0.0063488580246701,2.1310369318181817,2.19921875,215.42222134103332,10.42588942710897,289.0267638758231,12.652499999999998,2154.2222134103336,104.2588942710897,osrm,offline,ohare_filtered_vid_1622_sr_20.0,b93bd68e87964c399e2f7392cb9ca17e,1622,batches,30.0,,1.0,0.8621304566683068,0.9259613939302797,0.0740386060697203,0.8621304566683068,0.137869543331693,9,0,4,13,681.3878512644967,0.0,93.94263188559974,1622,b93bd68e87964c399e2f7392cb9ca17e,ohare_filtered_vid_1622_sr_20.0,osrm,offline,batches,30.0,,osrm,offline,1768188643.5672154,1768188643.5672154,1,8,0.0,,4681.212839001091,4681.212839001091,4681.212839001091,4681.212839001091,4681.212839001091,4681.212839001091,,,,,,,8.0,330.8203125,10.0
20.0,1.368411786169184,2.519002242152466,27.48374515245538,1442.7942708333333,1492.53125,3459.4225743412003,2140.1347112010867,8526.54,5250.075,72647.8740611652,44942.82893522282,graphium,online,ohare_filtered_vid_384_sr_1.0,436e8fe3cb614d2dafbfe75aeeaea3b1,384,native,5.0,,1.0,0.951614930310712,0.9752076759929352,0.0247923240070646,0.951614930310712,0.0483850696892878,18,0,3,21,1396.7120392389693,0.0,67.5800093544449,384,436e8fe3cb614d2dafbfe75aeeaea3b1,ohare_filtered_vid_384_sr_1.0,graphium,online,native,5.0,,graphium,online,1768188655.645991,1768188663.8829267,59,255,8.23693561553955,30.958114995936693,159.15972337307275,176.6187399989576,177.4680515009095,181.40274320248864,596.6322705578948,1161.7254399970989,142.01613130240605,176.7507791519165,177.56766080856323,180.49782514572144,185.41994094848633,187.58344650268555,4.322033898305085,331.0859375,120.00000000000364
20.0,1.2697281650018009,2.4292837730721324,25.3748409249768,1448.9668898809523,1480.6171875,2978.360091489756,1541.7513623028713,7354.516903996326,3799.770544327055,62545.56192128488,32376.7786083603,graphium,online,ohare_filtered_vid_384_sr_1.0,aff29776297c49f5b5532be08ad6d5d8,384,native,10.0,,1.0,0.9878909166717884,0.9939085775649678,0.0060914224350322,0.9878909166717884,0.0121090833282115,19,0,2,21,1396.7120392389693,0.0,16.912902468660924,384,aff29776297c49f5b5532be08ad6d5d8,ohare_filtered_vid_384_sr_1.0,graphium,online,native,10.0,,graphium,online,1768188676.3749075,1768188684.545664,32,255,8.170756578445435,31.20886022632144,290.06093574980696,349.7206525025831,352.1399030014436,369.26235654973425,889.3367840664732,1115.6762479949975,263.5727928530785,349.8551845550537,352.05864906311035,355.0647497177124,376.80609226226807,385.7002258300781,7.96875,331.2421875,100.0
19.0,1.3158042641023615,2.639340674212599,24.98159646658332,1439.2349609375,1477.25390625,2652.3397592570263,911.5622224426422,6002.37,2063.4125,53046.79518514052,18231.244448852845,graphium,online,ohare_filtered_vid_384_sr_1.0,4e38cadeae0144d587315a795695860a,384,native,30.0,,1.0,1.0,1.0,0.0,1.0,0.0,21,0,0,21,1396.7120392389693,0.0,0.0,384,4e38cadeae0144d587315a795695860a,ohare_filtered_vid_384_sr_1.0,graphium,online,native,30.0,,graphium,online,1768188697.1303885,1768188705.1940224,18,255,8.063633918762207,31.623459419043577,512.6611442226729,140.61753950227285,1044.186932998855,1076.8016083969994,1148.9979264836436,1167.0470060053049,474.33140698601215,69.92816925048828,1042.1721935272217,1059.5023155212402,1060.7274436950684,1061.0337257385254,14.166666666666666,331.2421875,80.0
12.0,0.5912471730123797,0.8475016025676613,7.253083091252089,263.2572916666667,334.8984375,18193.113757670715,1076313.489364785,26763.17244968771,1786186.2550203204,236510.47884971928,13992075.361742202,barefoot,online,ohare_filtered_vid_384_sr_1.0,15e419a0ae33466e974ba867626717f1,384,native,,,0.9293540778415113,1.0,0.9633836406858378,0.0366163593141621,0.9293540778415113,0.0760161534154656,21,5,0,21,1396.7120392389693,106.17267665201734,0.0,384,15e419a0ae33466e974ba867626717f1,ohare_filtered_vid_384_sr_1.0,barefoot,online,native,,,barefoot,online,1768188707.0715544,1768188715.8704576,255,255,8.798903226852417,28.98088471092547,34.45413133315514,34.30223399482202,36.00914200069383,39.077934501256095,41.413845735951334,45.21413799375296,34.64135128682054,34.45231914520264,36.13543510437012,39.20401334762573,41.56665086746216,45.33743858337402,1.0,332.8046875,610.0000000000018
17.0,0.3285567291674889,0.6364074678545241,5.360177062666622,330.415625,394.16796875,4940.066208645009,2915.0118593725965,11017.189738247169,6697.03367625993,88921.19175561017,52470.21346870674,graphhopper,offline,ohare_filtered_vid_384_sr_1.0,3b9337092373418cbfdeb097f457fb05,384,batches,5.0,50.0,0.7987549509250262,1.0,0.888119808108669,0.111880191891331,0.7987549509250262,0.2519484215301764,21,11,0,21,1396.7120392389693,351.89939361845217,0.0,384,3b9337092373418cbfdeb097f457fb05,ohare_filtered_vid_384_sr_1.0,graphhopper,offline,batches,5.0,50.0,graphhopper,offline,1768188732.0902028,1768188741.1259484,52,255,9.035745620727539,28.221246004872363,178.06698244287242,180.2205234998837,181.2912210043578,183.39643945109856,207.66766365864905,231.47942799550947,177.1714827593635,180.30357360839844,181.40971660614014,183.38334560394287,184.31580066680908,184.94868278503415,4.903846153846154,332.8046875,200.0
17.0,0.3167040285268566,0.7848785704671857,5.141814465819347,329.20859375,384.19921875,3638.245866902954,1457.0126559852376,8232.114039806347,3373.439268423884,65488.42560425318,26226.22780773428,graphhopper,offline,ohare_filtered_vid_384_sr_1.0,7dd3083a925b460dba2303775caa5e75,384,batches,10.0,50.0,0.8206420564564116,1.0,0.901486432817728,0.0985135671822718,0.8206420564564118,0.2185580694195326,21,7,0,21,1396.7120392389693,305.2626868310876,0.0,384,7dd3083a925b460dba2303775caa5e75,ohare_filtered_vid_384_sr_1.0,graphhopper,offline,batches,10.0,50.0,graphhopper,offline,1768188747.449612,1768188756.1619911,26,255,8.712379217147827,29.26869843981371,350.701564461745,354.6881130023394,355.6861447486881,366.7021527526231,399.67413424892584,409.7315859980881,348.4951591491699,354.7966480255127,355.72290420532227,358.4540367126465,366.9995880126953,369.6937561035156,9.807692307692308,332.8046875,160.0
18.0,0.3057641353851808,0.8142675355975924,5.339363848414739,342.8771484375,376.5859375,2495.840828822948,449.90343315013706,5553.563673616969,1023.1391346269736,47420.97574763601,8548.165229852604,graphhopper,offline,ohare_filtered_vid_384_sr_1.0,80b7a84f3f9f463684db726de198a3d1,384,batches,30.0,50.0,0.91889053583902,1.0,0.9577310624831888,0.0422689375168112,0.91889053583902,0.0882689079901346,21,6,0,21,1396.7120392389693,123.28624648029788,0.0,384,80b7a84f3f9f463684db726de198a3d1,ohare_filtered_vid_384_sr_1.0,graphhopper,offline,batches,30.0,50.0,graphhopper,offline,1768188763.2441545,1768188771.1339507,9,255,7.889796257019043,32.32022623817984,998.9037683335482,1050.9582590020727,1052.835917995253,1083.6713098047767,1098.1335267645773,1101.7490810045274,986.2245321273804,1050.8896112442017,1052.6533722877502,1055.4114818572996,1056.4611721038816,1056.7235946655271,28.333333333333332,332.8046875,119.99999999999818
12.0,0.0040142832926013,0.0057222222222222,0.0497069378771315,14.489583333333334,20.08984375,3719.16621413092,6829.336158588374,5836.548767416934,10934.485530546624,48349.16078370196,88781.37006164886,osrm,offline,ohare_filtered_vid_384_sr_1.0,2f3161484f1f4925b58fb5a381b1e238,384,batches,5.0,,0.9633516838197372,0.9944669131310936,0.9786620443384372,0.0213379556615629,0.9582156806309202,0.0433651044751142,20,3,1,21,1396.7120392389693,52.8404344592912,7.728129043956619,384,2f3161484f1f4925b58fb5a381b1e238,ohare_filtered_vid_384_sr_1.0,osrm,offline,batches,5.0,,osrm,offline,1768188772.23751,1768188780.9752057,52,255,8.737695693969727,29.183895723901998,170.61940788474973,174.56333649897715,174.85375099568046,175.30304210158647,175.55584636145795,175.68225700233597,171.327366548426,174.67975616455078,175.0330924987793,175.47595500946045,175.7371425628662,175.86207389831543,4.903846153846154,332.8046875,140.0
13.0,0.0022596012311034,0.0037340295673402,0.0301789490595947,11.948958333333334,15.328125,1884.0887650215711,3920.874925242967,3023.073647090737,6302.487454224874,26377.242710301995,54892.24895340153,osrm,offline,ohare_filtered_vid_384_sr_1.0,83d7e1afe0604f0cba06a2e072a929ea,384,batches,10.0,,0.9633516838197372,0.9944669131310936,0.9786620443384372,0.0213379556615629,0.9582156806309202,0.0433651044751142,20,3,1,21,1396.7120392389693,52.8404344592912,7.728129043956619,384,83d7e1afe0604f0cba06a2e072a929ea,ohare_filtered_vid_384_sr_1.0,osrm,offline,batches,10.0,,osrm,offline,1768188782.2138536,1768188790.7255442,26,255,8.511690616607666,29.958795671268213,339.29750465400645,346.9973579994985,347.45596874927287,348.0905382475612,348.25884500241955,348.31021100399084,340.46762466430664,347.1336364746094,347.5792407989502,348.2430934906006,348.4236431121826,348.4790325164795,9.807692307692308,332.8046875,90.00000000000364
12.0,0.0017513675430153,0.0025243055555555,0.0214753269046705,9.695591517857142,12.6875,1273.3386023870446,3187.2218325952585,1883.5105840022145,4825.52,16553.40183103158,41433.88382373836,osrm,offline,ohare_filtered_vid_384_sr_1.0,eb5554f0b9cc4786af035f72205371a5,384,batches,30.0,,0.9685281656111416,0.9944669131310936,0.9813261638464944,0.0186738361535054,0.9633369671611132,0.0378477877795528,20,2,1,21,1396.7120392389693,45.13433180630632,7.728129043956619,384,eb5554f0b9cc4786af035f72205371a5,ohare_filtered_vid_384_sr_1.0,osrm,offline,batches,30.0,,osrm,offline,1768188792.6202068,1768188800.39765,9,255,7.777443170547485,32.78712481830318,975.5251172221809,1036.6144579966203,1036.7568709989428,1037.3989722022088,1037.4823856406144,1037.503239000216,972.1803963184357,1036.7590188980103,1036.9887948036194,1037.5277280807495,1037.6023626327515,1037.621021270752,28.333333333333332,332.8046875,70.0
19.0,1.2548279053763849,2.408471144440822,23.867065809966714,1443.2025390625,1470.56640625,401.3489512272308,613.9737839744762,913.3250217959894,1729.3448490345988,8026.979024544616,12279.475679489524,graphium,online,ohare_filtered_vid_384_sr_5.0,d0c9b67ed63c408189cc583d18d1b2ed,384,native,5.0,,1.0,0.9126277980291128,0.9543182410812387,0.0456817589187612,0.9126277980291128,0.0873722019708872,18,0,3,21,1396.7120392389693,0.0,122.033806387557,384,d0c9b67ed63c408189cc583d18d1b2ed,ohare_filtered_vid_384_sr_5.0,graphium,online,native,5.0,,graphium,online,1768188816.38045,1768188820.187782,6,52,3.8073320388793945,13.657857909158107,1471.3797103334703,869.1351734996715,879.4522859989229,3986.217619249146,4814.580468649002,5021.671180998965,761.4664077758789,860.1593971252441,878.4053325653076,879.669713973999,879.9225902557373,879.9858093261719,8.666666666666666,330.80078125,30.00000000000182
18.0,1.306673181480713,2.6728728423475263,23.469232850021697,1446.0606496710527,1478.12890625,354.24154584163114,509.23158201914,799.4200263504611,1405.6,6730.589370990992,9675.40005836366,graphium,online,ohare_filtered_vid_384_sr_5.0,244b73fa522f4071b688e510c7cb06ae,384,native,10.0,,1.0,0.9126277980291128,0.9543182410812387,0.0456817589187612,0.9126277980291128,0.0873722019708872,18,0,3,21,1396.7120392389693,0.0,122.033806387557,384,244b73fa522f4071b688e510c7cb06ae,ohare_filtered_vid_384_sr_5.0,graphium,online,native,10.0,,graphium,online,1768188836.6076684,1768188840.3789935,4,52,3.77132511138916,13.788257035428565,2207.75917949868,1715.3385224992235,2564.6818534969498,4561.051546696762,4960.325485336724,5060.143969996716,1257.1083704630535,1697.9711055755615,1715.4940366744995,1729.51238155365,1732.31605052948,1733.0169677734375,13.0,330.95703125,20.0
19.0,1.249928670171934,2.653604031072853,23.649291616248085,1449.4513671875,1484.6953125,271.7316196765247,387.0286888383177,496.2189142946026,1023.4,5434.632393530494,7740.573776766354,graphium,online,ohare_filtered_vid_384_sr_5.0,82d40a24754541b8ba221988a155d01e,384,native,30.0,,1.0,0.986332688807662,0.9931193242353868,0.0068806757646131,0.986332688807662,0.0136673111923378,20,0,1,21,1396.7120392389693,0.0,19.089298086363737,384,82d40a24754541b8ba221988a155d01e,ohare_filtered_vid_384_sr_5.0,graphium,online,native,30.0,,graphium,online,1768188856.784539,1768188860.5514429,2,52,3.766903877258301,13.804440382441515,4405.124593002256,4405.124593002256,4724.311205001868,4979.660494601558,5030.730352521496,5043.49781700148,3766.903877258301,3766.903877258301,3766.903877258301,3766.903877258301,3766.903877258301,3766.903877258301,26.0,330.95703125,20.0
12.0,0.2118411163081979,0.3279139076133909,2.5403342421952533,177.05078125,217.48046875,9063.968445200626,71691.17610454647,14292.86760259179,120251.80034765332,117831.58978760814,931985.289359104,barefoot,online,ohare_filtered_vid_384_sr_5.0,0110eca2919843be97e7156042d8fe46,384,native,,,0.9528862669887256,1.0,0.9758748198460518,0.0241251801539481,0.9528862669887256,0.0494431860794483,21,3,0,21,1396.7120392389693,69.05789325549813,0.0,384,0110eca2919843be97e7156042d8fe46,ohare_filtered_vid_384_sr_5.0,barefoot,online,native,,,barefoot,online,1768188862.4533832,1768188871.0212653,52,52,8.567882061004639,6.069177846958209,165.01990165418718,168.27075100081856,169.65172749769408,172.12256195598457,172.55730604018026,172.90828600380337,167.99768747067918,168.47920417785645,169.783353805542,172.27447032928467,172.7372407913208,173.0856895446777,1.0,331.11328125,79.99999999999636
18.0,0.3050513799346215,0.7943691899159663,5.3146935070694985,356.053125,393.734375,995.6970981966468,524.9358494217187,2034.7913777889828,1122.5413840917686,18918.244865736287,9973.781139012655,graphhopper,offline,ohare_filtered_vid_384_sr_5.0,a296ae39dddd49f5b7f82fed7b5f2e36,384,batches,5.0,50.0,1.0,0.984314928655766,0.9920954727912772,0.0079045272087227,0.984314928655766,0.015685071344234,19,0,2,21,1396.7120392389693,0.0,21.907527982813868,384,a296ae39dddd49f5b7f82fed7b5f2e36,ohare_filtered_vid_384_sr_5.0,graphhopper,offline,batches,5.0,50.0,graphhopper,offline,1768188887.737401,1768188895.7095923,11,52,7.972191333770752,6.5226733557841765,794.0432642717496,847.5610550012789,848.6782674954156,851.4714739976625,852.8694291970169,853.2189179968555,797.2191333770752,847.7767705917358,848.8430380821228,851.7747759819031,853.0362296104431,853.3515930175781,4.7272727272727275,331.11328125,50.0
17.0,0.2956972517192316,0.6680682403107862,4.654482290635383,345.9866365131579,384.69921875,790.1799448660641,277.86337645709216,1513.0795789967583,586.5749999999999,14223.239007589154,5001.540776227659,graphhopper,offline,ohare_filtered_vid_384_sr_5.0,0f5e8bc37edd4808aede095aa18e2f43,384,batches,10.0,50.0,1.0,0.9944669131310936,0.9972257815697628,0.002774218430237,0.9944669131310936,0.0055330868689063,20,0,1,21,1396.7120392389693,0.0,7.728129043956619,384,0f5e8bc37edd4808aede095aa18e2f43,ohare_filtered_vid_384_sr_5.0,graphhopper,offline,batches,10.0,50.0,graphhopper,offline,1768188903.2836168,1768188910.3865106,6,52,7.102893829345703,7.320959773488559,1451.5686196658255,1689.142578496103,1692.6476332482707,1694.7502787515987,1695.2615541522391,1695.3893730023992,1420.5787658691406,1692.2223567962646,1693.0017471313477,1695.0483322143555,1695.457649230957,1695.5599784851074,8.666666666666666,331.11328125,30.0
17.0,0.2749732405765733,0.704366209610984,4.245152120767336,324.3265625,382.32421875,513.3266958780658,83.67171886922011,965.3297076818492,189.4535690006798,9239.880525805183,1506.090939645962,graphhopper,offline,ohare_filtered_vid_384_sr_5.0,f769283d83a647b681de39d02503d8b9,384,batches,30.0,50.0,1.0,0.986332688807662,0.9931193242353868,0.0068806757646131,0.986332688807662,0.0136673111923378,20,0,1,21,1396.7120392389693,0.0,19.089298086363737,384,f769283d83a647b681de39d02503d8b9,ohare_filtered_vid_384_sr_5.0,graphhopper,offline,batches,30.0,50.0,graphhopper,offline,1768188921.2651556,1768188924.981769,2,52,3.716613531112671,13.991231416636522,4346.421814003406,4346.421814003406,4661.43415350416,4913.444025104764,4963.845999424884,4976.446493004914,3716.61376953125,3716.61376953125,3716.61376953125,3716.61376953125,3716.61376953125,3716.61376953125,26.0,331.11328125,40.0
11.0,0.0012909079047812,0.0018255380545869,0.0140494994708407,6.05078125,8.3359375,901.1886684397944,1555.189172821273,1352.748166406156,2377.281038836119,10814.264021277531,18662.270073855278,osrm,offline,ohare_filtered_vid_384_sr_5.0,67a3f494dc234499820f4dcde6822f3e,384,batches,5.0,,1.0000000000000004,0.9725160455223864,0.9860665496029796,0.0139334503970204,0.972516045522387,0.0274839544776135,18,0,3,21,1396.7120392389693,0.0,38.38717010477857,384,67a3f494dc234499820f4dcde6822f3e,ohare_filtered_vid_384_sr_5.0,osrm,offline,batches,5.0,,osrm,offline,1768188926.5832584,1768188934.488631,11,52,7.905372619628906,6.577805057649639,779.8543426357686,840.8320369999274,841.011016000266,841.5422510006465,841.5434653987177,841.5437689982355,790.5372619628906,840.9570455551147,841.2501811981201,841.6922688484192,841.6952729225159,841.69602394104,4.7272727272727275,331.11328125,30.000000000003638
12.0,0.0007895089735961,0.0012096031844756,0.0093971047314631,4.976822916666666,6.734375,561.3204703592178,1040.8718304971233,854.7416096529419,1625.132790148028,7297.166114669832,13531.333796462604,osrm,offline,ohare_filtered_vid_384_sr_5.0,865e53500014473a96042505a2291f5c,384,batches,10.0,,1.0,0.984314928655766,0.9920954727912772,0.0079045272087227,0.984314928655766,0.015685071344234,19,0,2,21,1396.7120392389693,0.0,21.907527982813868,384,865e53500014473a96042505a2291f5c,ohare_filtered_vid_384_sr_5.0,osrm,offline,batches,10.0,,osrm,offline,1768188936.902835,1768188943.958047,6,52,7.055212020874023,7.370437606431857,1427.8064838338953,1679.4286840013228,1679.830749750181,1679.97608549922,1679.9796530991443,1679.9805449991254,1411.0424041748047,1679.5871257781982,1680.1176071166992,1680.1305770874021,1680.1331710815427,1680.133819580078,8.666666666666666,331.11328125,10.0
12.0,0.0007928184319602,0.0014085224999999,0.0093165729978362,3.3130580357142856,4.10546875,366.6825157569645,643.545580277226,567.0979604449938,1137.225,4766.872704840538,8366.092543603938,osrm,offline,ohare_filtered_vid_384_sr_5.0,a0dc3fd3a2384be69a4d4daec189a64b,384,batches,30.0,,1.0,0.984314928655766,0.9920954727912772,0.0079045272087227,0.984314928655766,0.015685071344234,19,0,2,21,1396.7120392389693,0.0,21.907527982813868,384,a0dc3fd3a2384be69a4d4daec189a64b,ohare_filtered_vid_384_sr_5.0,osrm,offline,batches,30.0,,osrm,offline,1768188949.6841855,1768188953.3756132,2,52,3.691427707672119,14.086690602642774,4279.230889500468,4279.230889500468,4573.18825774928,4808.354152348329,4855.387331268139,4867.145625998091,3691.427707672119,3691.427707672119,3691.427707672119,3691.427707672119,3691.427707672119,3691.427707672119,26.0,331.11328125,30.0
19.0,1.3184652403865114,2.816175578875639,24.99645706177755,1450.465625,1474.9453125,107.11116983099136,2.956244101280236,316.2462101856583,12.26874221668742,2142.223396619828,59.12488202560472,graphium,online,ohare_filtered_vid_384_sr_10.0,fd460320a97e412bb2567251e76afdd1,384,native,5.0,,1.0,0.986332688807662,0.9931193242353868,0.0068806757646131,0.986332688807662,0.0136673111923378,20,0,1,21,1396.7120392389693,0.0,19.089298086363737,384,fd460320a97e412bb2567251e76afdd1,ohare_filtered_vid_384_sr_10.0,graphium,online,native,5.0,,graphium,online,1768188972.9717464,1768188972.9717464,1,26,0.0,,8663.116809999337,8663.116809999337,8663.116809999337,8663.116809999337,8663.116809999337,8663.116809999337,,,,,,,26.0,331.08984375,9.999999999996362
19.0,1.2083957637554628,2.594070573211009,22.93528910515472,1446.85546875,1494.97265625,100.5692721206984,3.117403235250224,306.244919302776,11.643051986558609,2011.385442413968,62.34806470500448,graphium,online,ohare_filtered_vid_384_sr_10.0,69787f5e516c46229a7b965f94cceadd,384,native,10.0,,1.0,0.986332688807662,0.9931193242353868,0.0068806757646131,0.986332688807662,0.0136673111923378,20,0,1,21,1396.7120392389693,0.0,19.089298086363737,384,69787f5e516c46229a7b965f94cceadd,ohare_filtered_vid_384_sr_10.0,graphium,online,native,10.0,,graphium,online,1768188992.9887404,1768188992.9887404,1,26,0.0,,8654.55847299745,8654.55847299745,8654.55847299745,8654.55847299745,8654.55847299745,8654.55847299745,,,,,,,26.0,331.08984375,10.0
19.0,1.1748657062789487,2.6078474095907493,22.20951365576765,1440.628125,1481.99609375,109.0284408376578,3.1554489461200657,297.5017546342154,12.804623970236513,2180.568816753156,63.10897892240131,graphium,online,ohare_filtered_vid_384_sr_10.0,c6cb85182cf54356917b09b34d23e386,384,native,30.0,,1.0,0.986332688807662,0.9931193242353868,0.0068806757646131,0.986332688807662,0.0136673111923378,20,0,1,21,1396.7120392389693,0.0,19.089298086363737,384,c6cb85182cf54356917b09b34d23e386,ohare_filtered_vid_384_sr_10.0,graphium,online,native,30.0,,graphium,online,1768189013.0390065,1768189013.0390065,1,26,0.0,,8644.68265100004,8644.68265100004,8644.68265100004,8644.68265100004,8644.68265100004,8644.68265100004,,,,,,,26.0,331.08984375,10.0
11.0,0.183024246160912,0.2798209750049011,1.9892555522751496,154.05831473214286,202.66796875,8560.474357158842,26181.858826527736,13104.326406586946,41716.25918618989,102725.6922859061,314182.30591833283,barefoot,online,ohare_filtered_vid_384_sr_10.0,8ff8f191daec41f5a3b809ab53217370,384,native,,,0.9741988624662108,1.0,0.9869308315264868,0.0130691684735131,0.9741988624662108,0.0264844669069648,21,2,0,21,1396.7120392389693,36.99117378178386,0.0,384,8ff8f191daec41f5a3b809ab53217370,ohare_filtered_vid_384_sr_10.0,barefoot,online,native,,,barefoot,online,1768189014.9277537,1768189023.30028,26,26,8.372526407241821,3.1053948038326027,322.7681678075057,334.18225449713646,336.72156625107164,340.8687494993501,342.08510925054725,342.345238001144,334.90105628967285,334.48195457458496,336.9333744049072,341.1654472351074,342.29991912841797,342.5469398498535,1.0,331.24609375,50.0
18.0,0.2728042290643455,0.797574015945946,4.738643183123466,313.49375,335.421875,573.5272964682867,268.09842550978175,1119.2891652994258,591.7222742813727,10897.018632897449,5093.870084685853,graphhopper,offline,ohare_filtered_vid_384_sr_10.0,72638e2de50543918992bc54ef07e13d,384,batches,5.0,50.0,0.9999999999999998,0.851383164701366,0.9197265924568312,0.0802734075431687,0.8513831647013659,0.1486168352986338,17,0,4,21,1396.7120392389693,0.0,207.57492309519685,384,72638e2de50543918992bc54ef07e13d,ohare_filtered_vid_384_sr_10.0,graphhopper,offline,batches,5.0,50.0,graphhopper,offline,1768189040.6884885,1768189047.773725,6,26,7.085236549377441,3.669602252346048,1420.4635504987284,1684.5536444998288,1688.9318584962894,1690.2226564943703,1690.3358224943076,1690.364113994292,1417.0473098754883,1686.4838600158691,1689.9189949035645,1690.419101715088,1690.5191230773926,1690.5441284179688,4.333333333333333,331.24609375,20.0
17.0,0.2888699289833565,0.6671696168161435,4.76716769232822,325.4270148026316,357.21484375,418.22554125405935,127.10452526266884,813.0727762803234,322.59339622641505,7528.059742573068,2287.881454728039,graphhopper,offline,ohare_filtered_vid_384_sr_10.0,182bb28b870a4ef9a8086d096cb0e43d,384,batches,10.0,50.0,0.9999999999999998,0.9058876574186712,0.9506202045986308,0.0493797954013691,0.9058876574186712,0.0941123425813285,17,0,4,21,1396.7120392389693,0.0,131.44784192432394,384,182bb28b870a4ef9a8086d096cb0e43d,ohare_filtered_vid_384_sr_10.0,graphhopper,offline,batches,10.0,50.0,graphhopper,offline,1768189056.792512,1768189062.1941464,3,26,5.401634454727173,4.8133579230350225,2841.4507430037097,3123.128685001575,3246.761611502734,3345.6679527036613,3365.4492209438467,3370.394538003893,2700.8172273635864,2700.8172273635864,3035.7020497322083,3303.6099076271057,3357.191479206085,3370.58687210083,8.666666666666666,331.24609375,20.000000000003638
17.0,0.2421617768125307,0.6133490433518004,3.769956980229976,320.5970703125,371.30078125,149.56266978501475,5.505136428879163,299.90007494379216,14.79016620498615,2692.1280561302656,99.09245571982493,graphhopper,offline,ohare_filtered_vid_384_sr_10.0,09f04a93878f4124b4cff8fc71978a8c,384,batches,30.0,50.0,1.0,0.986332688807662,0.9931193242353868,0.0068806757646131,0.986332688807662,0.0136673111923378,20,0,1,21,1396.7120392389693,0.0,19.089298086363737,384,09f04a93878f4124b4cff8fc71978a8c,ohare_filtered_vid_384_sr_10.0,graphhopper,offline,batches,30.0,50.0,graphhopper,offline,1768189076.6414418,1768189076.6414418,1,26,0.0,,8500.536483996257,8500.536483996257,8500.536483996257,8500.536483996257,8500.536483996257,8500.536483996257,,,,,,,26.0,331.24609375,20.0
12.0,0.000959849754006,0.0013255722785108,0.0115077250944539,4.559709821428571,5.9921875,497.6458136355011,754.0027444438049,734.344773369365,1172.8875,6469.3955772615145,9802.035677769463,osrm,offline,ohare_filtered_vid_384_sr_10.0,23df4389a75d489ea3d18ba8bad930d8,384,batches,5.0,,1.0,0.7620182641681731,0.8649379857908709,0.1350620142091291,0.7620182641681731,0.2379817358318266,12,0,9,21,1396.7120392389693,0.0,332.3919555553003,384,23df4389a75d489ea3d18ba8bad930d8,ohare_filtered_vid_384_sr_10.0,osrm,offline,batches,5.0,,osrm,offline,1768189078.8994744,1768189085.943423,6,26,7.043948650360107,3.6911115186324936,1397.8043953344848,1676.5638110009604,1677.3139607485064,1677.7128119992994,1677.7665655998135,1677.780003999942,1408.7897300720215,1676.842212677002,1677.6492595672607,1677.886724472046,1677.934217453003,1677.9460906982422,4.333333333333333,331.24609375,20.0
11.0,0.0007182244788934,0.0012112706145251,0.0075199312845616,3.1609933035714284,3.56640625,312.81168966740665,394.942739622074,452.2026283430679,604.9372625698325,3753.74027600888,4739.312875464888,osrm,offline,ohare_filtered_vid_384_sr_10.0,040f9702b64c4000aad15d314940f3be,384,batches,10.0,,0.9255244302794706,0.8301900680778163,0.8752689466314754,0.1247310533685246,0.778202881488939,0.2366140877862818,13,1,8,21,1396.7120392389693,93.30616876658247,237.17557629806367,384,040f9702b64c4000aad15d314940f3be,ohare_filtered_vid_384_sr_10.0,osrm,offline,batches,10.0,,osrm,offline,1768189089.8802335,1768189095.2421954,3,26,5.361961841583252,4.848971471293211,2793.153437669389,3017.713178000122,3183.935383502103,3316.913147903688,3343.5087007840048,3350.157589004084,2680.980920791626,2680.980920791626,3015.6232118606567,3283.3370447158813,3336.8798112869263,3350.2655029296875,8.666666666666666,331.24609375,10.0
13.0,0.0004311764707207,0.0010642408876669,0.0053294174479067,2.1510416666666665,2.203125,182.97069533653945,7.177087324711029,318.01314640698456,13.718216560509555,2561.5897347115524,100.4792225459544,osrm,offline,ohare_filtered_vid_384_sr_10.0,3ea465a7ae7a4c2aa5ac69c3c2e27673,384,batches,30.0,,0.9287426706237324,0.8707015919495058,0.8987860737260336,0.1012139262739664,0.8161775403323662,0.1961025639145922,14,1,7,21,1396.7120392389693,93.30616876658247,180.59264317855792,384,3ea465a7ae7a4c2aa5ac69c3c2e27673,ohare_filtered_vid_384_sr_10.0,osrm,offline,batches,30.0,,osrm,offline,1768189104.5349543,1768189104.5349543,1,26,0.0,,8374.71236300189,8374.71236300189,8374.71236300189,8374.71236300189,8374.71236300189,8374.71236300189,,,,,,,26.0,331.24609375,20.0
19.0,1.1990474445475914,2.574549920372412,22.62106921846226,1440.7345703125,1473.70703125,165.70004140984463,9.59520192347896,324.74974910394263,24.86253070092575,3314.0008281968926,191.9040384695792,graphium,online,ohare_filtered_vid_384_sr_20.0,dcf0f82ecafc4fcc9d9387a1f31d16f5,384,native,5.0,,1.0,0.8780040580256517,0.935039574886434,0.0649604251135659,0.8780040580256517,0.1219959419743482,18,0,3,21,1396.7120392389693,0.0,170.39320089387093,384,dcf0f82ecafc4fcc9d9387a1f31d16f5,ohare_filtered_vid_384_sr_20.0,graphium,online,native,5.0,,graphium,online,1768189123.7433467,1768189123.7433467,1,13,0.0,,8276.909244006674,8276.909244006674,8276.909244006674,8276.909244006674,8276.909244006674,8276.909244006674,,,,,,,13.0,331.140625,10.0
18.0,1.29509899933134,2.6571168785722614,23.324623420272896,1450.2393092105262,1490.29296875,120.78895876752064,3.342587607381746,319.89590163934423,11.47201405152225,2294.990216582892,63.50916454025318,graphium,online,ohare_filtered_vid_384_sr_20.0,ae70ad02493146b28b9e9c6d5e9f3a29,384,native,10.0,,1.0,0.8780040580256517,0.935039574886434,0.0649604251135659,0.8780040580256517,0.1219959419743482,18,0,3,21,1396.7120392389693,0.0,170.39320089387093,384,ae70ad02493146b28b9e9c6d5e9f3a29,ohare_filtered_vid_384_sr_20.0,graphium,online,native,10.0,,graphium,online,1768189143.3408558,1768189143.3408558,1,13,0.0,,8253.863941994496,8253.863941994496,8253.863941994496,8253.863941994496,8253.863941994496,8253.863941994496,,,,,,,13.0,331.140625,10.0
18.0,1.3164848146943529,2.6435390381011867,23.640660949871588,1455.5088404605262,1478.796875,111.26680031075212,2.996857620484122,297.3463300364393,11.566763848396503,2114.0692059042904,56.94029478919832,graphium,online,ohare_filtered_vid_384_sr_20.0,aafc0b8de2884e8bb37d6f46cb2c9345,384,native,30.0,,1.0,0.8780040580256517,0.935039574886434,0.0649604251135659,0.8780040580256517,0.1219959419743482,18,0,3,21,1396.7120392389693,0.0,170.39320089387093,384,aafc0b8de2884e8bb37d6f46cb2c9345,ohare_filtered_vid_384_sr_20.0,graphium,online,native,30.0,,graphium,online,1768189162.9683578,1768189162.9683578,1,13,0.0,,8275.888356001815,8275.888356001815,8275.888356001815,8275.888356001815,8275.888356001815,8275.888356001815,,,,,,,13.0,331.140625,0.0
12.0,0.1674510961256718,0.2493285724401001,2.0307482856575225,129.44838169642858,174.265625,8294.310080319678,10439.707386452334,13778.999999999998,18726.423787313437,107826.0310441558,135716.19602388033,barefoot,online,ohare_filtered_vid_384_sr_20.0,ca3a2617e6a946de8793cdbc29dd67e2,384,native,,,1.0,0.9318281960903568,0.9647112491433713,0.0352887508566287,0.9318281960903568,0.068171803909643,20,0,1,21,1396.7120392389693,0.0,95.21637925723664,384,ca3a2617e6a946de8793cdbc29dd67e2,ohare_filtered_vid_384_sr_20.0,barefoot,online,native,,,barefoot,online,1768189164.856883,1768189172.8776128,13,13,8.020729780197144,1.6208001461533428,618.5175753075432,667.7680819993839,670.2527960005682,673.9387061999878,675.2896388416411,675.6273720020545,668.394148349762,668.4414148330688,670.651912689209,674.2628931999207,675.5132460594177,675.825834274292,1.0,331.296875,30.0
17.0,0.2671649822687884,0.5723512148033926,4.357182750362639,317.9296875,345.375,351.4743252301609,136.0858113762136,600.5239933811362,332.04754550468846,6326.537854142896,2449.5446047718447,graphhopper,offline,ohare_filtered_vid_384_sr_20.0,282e2189fb1d4ddbbf4e443c75583b1b,384,batches,5.0,50.0,1.0,0.5629122355742215,0.7203376143093599,0.27966238569064,0.5629122355742215,0.4370877644257784,8,0,13,21,1396.7120392389693,0.0,610.4857427775312,384,282e2189fb1d4ddbbf4e443c75583b1b,ohare_filtered_vid_384_sr_20.0,graphhopper,offline,batches,5.0,50.0,graphhopper,offline,1768189191.6196256,1768189196.9836817,3,13,5.36405611038208,2.4235391525526033,2714.7377020010026,2780.447661003564,3069.7251580022566,3301.147155601211,3347.431555121002,3359.0026550009497,2682.02805519104,2682.02805519104,3020.5920934677124,3291.4433240890503,3345.613570213318,3359.1561317443848,4.333333333333333,331.296875,10.0
17.0,0.275910570122058,0.6754522910025706,4.547518112582649,318.34765625,360.01171875,287.81318173181967,73.96824389081848,434.48687350835326,186.2,5180.637271172754,1331.4283900347327,graphhopper,offline,ohare_filtered_vid_384_sr_20.0,6edbf203f1ee44f2874a606744012c58,384,batches,10.0,50.0,1.0,0.6498749638221374,0.7877869269761176,0.2122130730238823,0.6498749638221374,0.3501250361778625,11,0,10,21,1396.7120392389693,0.0,489.02385326860025,384,6edbf203f1ee44f2874a606744012c58,ohare_filtered_vid_384_sr_20.0,graphhopper,offline,batches,10.0,50.0,graphhopper,offline,1768189209.005543,1768189211.01039,2,13,2.0048470497131348,6.484285173704456,4065.6167429988272,4065.6167429988272,5096.140728997852,5920.559917797073,6085.443755556917,6126.664714996878,2004.8470497131348,2004.8470497131348,2004.8470497131348,2004.8470497131348,2004.8470497131348,2004.8470497131348,6.5,331.296875,10.0
17.0,0.2494027367295475,0.5399754999999999,3.9499605733923926,304.62479440789474,323.6640625,141.46061518291506,5.352808777618468,292.5441022661243,12.366666666666667,2546.291073292471,96.35055799713244,graphhopper,offline,ohare_filtered_vid_384_sr_20.0,5ae2811212b041feafa0b4aa49df6094,384,batches,30.0,50.0,1.0,0.9181608848980192,0.9573345928663684,0.0426654071336316,0.9181608848980192,0.0818391151019808,19,0,2,21,1396.7120392389693,0.0,114.30567734360038,384,5ae2811212b041feafa0b4aa49df6094,ohare_filtered_vid_384_sr_20.0,graphhopper,offline,batches,30.0,50.0,graphhopper,offline,1768189225.078087,1768189225.078087,1,13,0.0,,8139.615826003137,8139.615826003137,8139.615826003137,8139.615826003137,8139.615826003137,8139.615826003137,,,,,,,13.0,331.296875,10.0
11.0,0.0006185187060568,0.0009573093971631,0.0066107798964104,3.5747767857142856,4.44921875,368.57248810231744,461.6334358691736,529.7153662039253,687.2603638104357,4422.869857227809,5539.601230430083,osrm,offline,ohare_filtered_vid_384_sr_20.0,f16bd59c326c4a0082a86e49f2ff5b58,384,batches,5.0,,1.0,0.5664275622912317,0.7232093917738673,0.2767906082261326,0.5664275622912317,0.4335724377087682,8,0,13,21,1396.7120392389693,0.0,605.5758436300247,384,f16bd59c326c4a0082a86e49f2ff5b58,ohare_filtered_vid_384_sr_20.0,osrm,offline,batches,5.0,,osrm,offline,1768189228.6708162,1768189234.0201397,3,13,5.349323511123657,2.4302138341356874,2675.087955668763,2676.338237004529,3010.2750365040265,3277.4244761036243,3330.854364023544,3344.211836003524,2674.661636352539,2674.661636352539,3009.5244646072388,3277.4147272109985,3330.9927797317505,3344.3872928619385,4.333333333333333,331.296875,0.0
11.0,0.0004818691139587,0.0007433026789284,0.0050896231474094,2.9584263392857144,3.77734375,302.7562765326323,356.3130350718421,440.32701586032255,664.975,3633.075318391587,4275.756420862105,osrm,offline,ohare_filtered_vid_384_sr_20.0,39a0495b0104493990f5fd3ddcc220cb,384,batches,10.0,,1.0,0.6008279829396265,0.7506465271007023,0.2493534728992976,0.6008279829396265,0.3991720170603735,9,0,12,21,1396.7120392389693,0.0,557.5283619555269,384,39a0495b0104493990f5fd3ddcc220cb,ohare_filtered_vid_384_sr_20.0,osrm,offline,batches,10.0,,osrm,offline,1768189240.9638617,1768189242.9689026,2,13,2.0050408840179443,6.483658315210522,4011.2666439999884,4011.2666439999884,5014.45464599783,5817.005047596103,5977.515127915758,6017.642647995672,2005.0408840179443,2005.0408840179443,2005.0408840179443,2005.0408840179443,2005.0408840179443,2005.0408840179443,6.5,331.296875,0.0
12.0,0.0005574488833018,0.0013982113259668,0.0062768009525366,2.1841517857142856,2.20703125,198.3516539081193,7.61784096159881,300.9050195128516,12.243181297272518,2578.571500805551,99.03193250078452,osrm,offline,ohare_filtered_vid_384_sr_20.0,9744f06aa98d42e4bc3c3a12794cf9fa,384,batches,30.0,,1.0,0.830604616631005,0.9074647895946284,0.0925352104053717,0.830604616631005,0.1693953833689948,14,0,7,21,1396.7120392389693,0.0,236.59657134297575,384,9744f06aa98d42e4bc3c3a12794cf9fa,ohare_filtered_vid_384_sr_20.0,osrm,offline,batches,30.0,,osrm,offline,1768189251.8932076,1768189251.8932076,1,13,0.0,,8021.596291000606,8021.596291000606,8021.596291000606,8021.596291000606,8021.596291000606,8021.596291000606,,,,,,,13.0,331.296875,9.999999999996362
23.0,1.1133576643053489,2.759685552407932,25.405033960811732,1447.8562825520833,1486.9453125,3307.742411975459,3292.3074488509437,6809.990324141267,7224.333561175667,79385.81788741102,79015.37877242264,graphium,online,ohare_filtered_vid_619_sr_1.0,01e4f29d636e41478c336ed44451c273,619,native,5.0,,0.9775864336829994,0.9089639560362068,0.942027137965908,0.057972862034092,0.8904076576735028,0.1118762716985685,24,3,6,30,1861.5796920648693,38.795744729064985,169.47085068892184,619,01e4f29d636e41478c336ed44451c273,ohare_filtered_vid_619_sr_1.0,graphium,online,native,5.0,,graphium,online,1768189264.0488238,1768189275.9433568,78,362,11.894532918930054,30.434150081158705,167.64801217943432,176.8658345026779,177.80053225033043,181.8561634991056,427.62363016947745,1192.4981090051006,154.4744534925981,176.97811126708984,177.85024642944336,181.0105800628662,191.90763473510737,199.3420124053955,4.641025641025641,331.73046875,180.0
23.0,1.1651228343310212,2.490311021034181,26.7423121084209,1443.27001953125,1477.27734375,1925.9797331752625,1795.467773831948,4247.515330936773,4248.043983928949,46223.51359620629,43091.22657196676,graphium,online,ohare_filtered_vid_619_sr_1.0,ac65873229b045e3b6450214f13b03a2,619,native,10.0,,0.9830507108471962,0.968631353157399,0.9757877656737236,0.0242122343262763,0.9527202790304432,0.0480693243417174,28,2,2,30,1861.5796920648693,31.089642076080118,58.39523592974059,619,ac65873229b045e3b6450214f13b03a2,ohare_filtered_vid_619_sr_1.0,graphium,online,native,10.0,,graphium,online,1768189288.470121,1768189300.257704,35,362,11.787583112716675,30.71028187359861,369.44138682863144,350.0587500020629,351.84306250084774,400.82077289698645,894.7131231373326,1147.6068159972783,346.6936279745663,350.18253326416016,351.56303644180304,389.7169113159179,402.5570225715637,403.9463996887207,10.342857142857143,331.88671875,130.0
22.0,1.1126662051540983,2.7193077579897538,24.228653137213094,1450.5793138586955,1477.765625,1703.5866569734255,1289.699354738042,3587.195600942655,2903.770620581304,39182.49311038879,29663.085158974965,graphium,online,ohare_filtered_vid_619_sr_1.0,e5b97b5576574207b22d523a8f44a8c9,619,native,30.0,,0.7864907180893952,0.7933568282023468,0.7899088528872062,0.2100911471127937,0.6527680619529217,0.4220164022660956,24,5,6,30,1861.5796920648693,400.9344320544593,384.682732122383,619,e5b97b5576574207b22d523a8f44a8c9,ohare_filtered_vid_619_sr_1.0,graphium,online,native,30.0,,graphium,online,1768189312.8086634,1768189324.452499,13,362,11.643835544586182,31.089411956553477,985.1981161543965,1042.4720689989044,1050.322975999734,1143.4887730007174,1161.1141017990303,1165.5204339986085,970.3196287155151,1042.1357154846191,1049.3943095207214,1088.4118556976318,1120.8415126800537,1128.9489269256592,27.846153846153847,331.88671875,99.99999999999636
16.0,0.4273449244209581,0.6316201978284474,6.880096763719073,275.66221217105266,372.62890625,18216.663017485585,1288070.6165686315,26621.967861020632,2439923.780854907,309683.27129725495,21897200.48166674,barefoot,online,ohare_filtered_vid_619_sr_1.0,dea625a9fa9c49439f81d03fe7995c19,619,native,,,0.9268078465211508,1.0,0.9620137765107208,0.0379862234892792,0.9268078465211508,0.0789723066691572,30,10,0,30,1861.5796920648693,147.0132423308223,0.0,619,dea625a9fa9c49439f81d03fe7995c19,ohare_filtered_vid_619_sr_1.0,barefoot,online,native,,,barefoot,online,1768189326.347803,1768189338.8859344,362,362,12.53813123703003,28.871926219026303,34.54767150552114,34.59612299775472,35.70377725191065,37.92697509743448,39.90789713214326,42.01260099944193,34.73166547653748,34.743309020996094,35.85171699523926,38.071393966674805,40.06857872009277,42.16647148132324,1.0,333.29296875,1150.0000000000073
22.0,0.295497562463988,0.8516126252557042,6.2656094388747166,351.38330078125,385.10546875,5727.81796514164,3454.274601685993,10941.396810053166,6732.841952634122,131739.81319825773,79448.31583877784,graphhopper,offline,ohare_filtered_vid_619_sr_1.0,5823a5b273554d3ba4301e272e001212,619,batches,5.0,50.0,0.689947450284702,0.9748455724074736,0.8080190245105696,0.1919809754894303,0.6778791282124238,0.4632361324801726,29,18,1,30,1861.5796920648693,815.5240052839974,46.82697157176342,619,5823a5b273554d3ba4301e272e001212,ohare_filtered_vid_619_sr_1.0,graphhopper,offline,batches,5.0,50.0,graphhopper,offline,1768189355.1092298,1768189368.0211203,73,362,12.911890506744385,28.036173309471085,180.19469757534463,180.1225449962658,181.0775240010116,185.08635820326163,210.96373123902603,252.9017749984632,179.33181590504117,180.23061752319336,181.2117099761963,184.3698501586914,189.9719142913819,194.85116004943848,4.958904109589041,333.60546875,300.0
22.0,0.2815641265269598,0.784715258282675,5.997208208068405,345.1552734375,403.95703125,3875.9657985993977,1597.710650594454,8212.928202721727,3517.7714333971403,89147.21336778614,36747.34496367244,graphhopper,offline,ohare_filtered_vid_619_sr_1.0,d508fe1fb3524cb480b9e4931d497470,619,batches,10.0,50.0,0.6907929799860203,0.9563647215514628,0.8021697440838534,0.1978302559161465,0.6696856588167606,0.4717153171359772,27,20,3,30,1861.5796920648693,796.9051065988824,81.23054821739233,619,d508fe1fb3524cb480b9e4931d497470,ohare_filtered_vid_619_sr_1.0,graphhopper,offline,batches,10.0,50.0,graphhopper,offline,1768189374.3655746,1768189386.8361793,37,362,12.470604658126831,29.02826365873865,348.2450050535074,353.6511439961032,355.39834500377765,359.8281574028078,402.0750796399079,419.82154099969193,346.40568494796753,353.75022888183594,355.45802116394043,357.17910528182983,366.0439372062683,370.7292079925537,9.783783783783784,333.60546875,210.0
21.0,0.2782881544816009,0.6333135414595028,5.567448409463145,361.7887228260869,406.04296875,3235.2162190800327,601.2169217975862,6629.6433878157495,1257.553244180287,71174.75681976072,13226.772279546898,graphhopper,offline,ohare_filtered_vid_619_sr_1.0,3d012b5a26254687b7ee2acf021d6bad,619,batches,30.0,50.0,0.894813304487632,0.9921757325838848,0.9409827280010584,0.0590172719989415,0.8885433249118894,0.1244560677644798,29,11,1,30,1861.5796920648693,217.1193909774802,14.5654973271248,619,3d012b5a26254687b7ee2acf021d6bad,ohare_filtered_vid_619_sr_1.0,graphhopper,offline,batches,30.0,50.0,graphhopper,offline,1768189393.8760717,1768189405.4801164,13,362,11.604044675827026,31.196019156501574,978.1762154609448,1046.9872289977502,1050.931902995217,1082.3881519972929,1107.7451287957956,1114.0843729954213,967.0037428538004,1046.9073057174683,1048.3628511428835,1057.0755600929263,1060.611355304718,1061.495304107666,27.846153846153847,333.60546875,170.00000000000364
16.0,0.0026067719001599,0.0041002298263534,0.0421146845249419,15.944444444444445,20.86328125,2335.9443158387558,4685.0540975353,3811.1443978430193,7589.694427801078,39711.05336925884,79645.91965810009,osrm,offline,ohare_filtered_vid_619_sr_1.0,916fb79ee54842f8857b98b9e73bfd66,619,batches,10.0,,0.858210010835318,0.9958486176676192,0.9219204180710836,0.0780795819289164,0.8551506155246626,0.1686814657921627,29,12,1,30,1861.5796920648693,306.28586210246857,7.728129043956619,619,916fb79ee54842f8857b98b9e73bfd66,ohare_filtered_vid_619_sr_1.0,osrm,offline,batches,10.0,,osrm,offline,1768189455.8205178,1768189468.0480547,37,362,12.227536916732788,29.605308286137387,338.8057057295432,347.10507900308585,347.6246299978812,348.1185078038834,348.39895708253607,348.5225350013934,339.65380324257745,347.24414348602295,347.77939319610596,348.27929735183716,348.5808730125427,348.7069606781006,9.783783783783784,333.60546875,140.00000000000364
16.0,0.0016263618651181,0.0023923057768924,0.0267138566263633,11.43012152777778,17.08984375,1358.0410539667964,3153.759437286112,2182.709005209625,5394.319027536591,23086.69791743554,53613.91043386391,osrm,offline,ohare_filtered_vid_619_sr_1.0,718979c9009848d9ae2557530fd9e8f2,619,batches,30.0,,0.9530394109840228,0.9958486176676192,0.9739738415529536,0.0260261584470464,0.9492680411064008,0.0532213757843117,29,5,1,30,1861.5796920648693,91.34770329987111,7.728129043956619,619,718979c9009848d9ae2557530fd9e8f2,ohare_filtered_vid_619_sr_1.0,osrm,offline,batches,30.0,,osrm,offline,1768189469.9781585,1768189481.448785,13,362,11.470626592636108,31.55886882695633,959.4275273070357,1036.1741339947912,1036.355600997922,1037.313959999301,1037.877628801216,1038.0185460016946,955.8855493863424,1036.3553762435913,1036.5585684776306,1037.5229597091675,1038.052306175232,1038.184642791748,27.846153846153847,333.60546875,109.99999999999636
23.0,1.0815462383066443,2.585503907267517,24.675541933681387,1451.4020182291667,1493.46484375,742.4211603062405,813.4655934552521,1942.778984821056,2453.404575619979,17818.107847349773,19523.17424292605,graphium,online,ohare_filtered_vid_619_sr_5.0,c7fef16112b240fd9d3cf3e5eb2795f9,619,native,5.0,,0.7687635042087655,0.716024859316166,0.7414575618597798,0.2585424381402201,0.5891398965897807,0.4993483711522763,19,5,11,30,1861.5796920648693,400.9344320544593,528.6423549482894,619,c7fef16112b240fd9d3cf3e5eb2795f9,ohare_filtered_vid_619_sr_5.0,graphium,online,native,5.0,,graphium,online,1768189497.4924076,1768189504.845152,15,73,7.3527443408966064,9.928265776081405,830.6295360001968,842.947886994807,844.4918154964398,2125.9814036980924,4512.261741540276,5108.831826000824,525.1960243497576,591.9981002807617,844.3456888198853,846.856963634491,847.5726866722107,847.7516174316406,4.866666666666666,331.29296875,50.0
23.0,1.1088802508583886,2.7802100445324096,25.31462174121844,1446.8860677083333,1480.65234375,410.74188554024266,790.3571991505318,987.9912663755458,2285.061790393014,9857.805252965823,18968.57277961276,graphium,online,ohare_filtered_vid_619_sr_5.0,718f6d9b521b46c1bce768d4b72280e6,619,native,10.0,,0.983072008065853,0.9698710059046368,0.9764268906147688,0.0235731093852312,0.953939568812257,0.0468296715944798,29,2,1,30,1861.5796920648693,31.089642076080118,56.08752355027056,619,718f6d9b521b46c1bce768d4b72280e6,ohare_filtered_vid_619_sr_5.0,graphium,online,native,10.0,,graphium,online,1768189521.3142755,1768189528.666108,6,73,7.351832389831543,9.92949731837843,2074.2130578316087,1710.6149009960063,1729.5546057503088,4253.117136249784,4926.047640049365,5094.280265999259,1470.3664779663086,1692.0723915100098,1729.5053005218506,1729.7097682952883,1729.7506618499758,1729.7608852386477,12.166666666666666,331.44921875,30.000000000003638
22.0,1.1196067945169168,2.652687099073414,24.459816710114826,1449.3709239130435,1491.40625,398.44024960364,777.660126465614,972.6272352132048,2268.219325997249,9164.12574088372,17886.18290870912,graphium,online,ohare_filtered_vid_619_sr_5.0,e8f2b871a9954c7f935c66f40aaa8845,619,native,30.0,,0.9835736536143592,1.0,0.9917188119756936,0.0082811880243063,0.9835736536143592,0.0167006774991165,30,2,0,30,1861.5796920648693,31.089642076080118,0.0,619,e8f2b871a9954c7f935c66f40aaa8845,ohare_filtered_vid_619_sr_5.0,graphium,online,native,30.0,,graphium,online,1768189545.1115544,1768189552.38919,3,73,7.27763557434082,10.030730345633177,4122.12938599987,5086.878101006732,5087.95305950116,5088.813026296702,5088.985019655811,5089.028017995588,3638.81778717041,3638.81778717041,4362.9162311553955,4942.194986343384,5058.050737380981,5087.014675140381,24.333333333333332,331.44921875,30.0
15.0,0.1844658106392439,0.2988108946594694,2.756779507453034,181.94053819444449,227.015625,8241.721991291934,75044.29350125219,16408.765759162303,131314.72081218273,131867.55186067094,1200708.696020035,barefoot,online,ohare_filtered_vid_619_sr_5.0,bd763f02d9ee418b83b8ef8b4149c2f4,619,native,,,0.964748365973793,1.0,0.9820579395118952,0.0179420604881048,0.964748365973793,0.0365397188215239,30,5,0,30,1861.5796920648693,68.02159851190947,0.0,619,bd763f02d9ee418b83b8ef8b4149c2f4,ohare_filtered_vid_619_sr_5.0,barefoot,online,native,,,barefoot,online,1768189554.2676957,1768189566.3589234,73,73,12.091227769851685,6.037434856865279,165.79962195868424,167.91665199707495,168.72282899566926,170.73850220040185,171.6141450003488,171.7324950004695,167.93371902571783,168.04814338684082,168.90621185302734,170.87024450302124,171.7788600921631,171.9048023223877,1.0,331.60546875,130.00000000000364
22.0,0.2772928523842692,0.7737903376060321,5.955975804461189,352.6678059895833,401.30078125,1165.9203660075618,648.8727675101536,2434.326936164421,1519.531781679597,26816.16841817392,14924.073652733532,graphhopper,offline,ohare_filtered_vid_619_sr_5.0,1e716b2198df4e2aac60bcd1a7304da2,619,batches,5.0,50.0,0.932138266866576,0.9630585609827363,0.947346180337574,0.0526538196624258,0.8999598563575035,0.1070542381376803,27,8,3,30,1861.5796920648693,130.5205629963918,68.76943267019031,619,1e716b2198df4e2aac60bcd1a7304da2,ohare_filtered_vid_619_sr_5.0,graphhopper,offline,batches,5.0,50.0,graphhopper,offline,1768189583.0932117,1768189594.6330354,15,73,11.539823770523071,6.325919827863289,821.3149544006834,847.3510260009789,849.2084969984717,853.8705077997292,856.5645591597422,857.2380719997454,824.2731264659336,847.7751016616821,849.609375,854.2757868766785,856.7777800559998,857.4032783508301,4.866666666666666,331.60546875,70.00000000000364
21.0,0.2499140828123127,0.618437399688716,4.879672422182165,349.9977921195652,388.1796875,924.2425231082524,354.05434487753865,1877.0230661399264,820.6958073148976,20333.335508381555,7789.19558730585,graphhopper,offline,ohare_filtered_vid_619_sr_5.0,3e111e5a25864cc9874978d13b268d07,619,batches,10.0,50.0,0.93589115333193,0.9722469524600316,0.9537227089583408,0.0462772910416593,0.9115391465763604,0.0943522782056869,27,6,3,30,1861.5796920648693,123.9797753144458,51.66450969331588,619,3e111e5a25864cc9874978d13b268d07,ohare_filtered_vid_619_sr_5.0,graphhopper,offline,batches,10.0,50.0,graphhopper,offline,1768189602.1783488,1768189612.82917,8,73,10.650821208953857,6.853931595305616,1535.9081184997194,1689.7960215028434,1691.8523464992177,1694.0038093969633,1694.4182418768469,1694.5218499968178,1521.5458869934082,1691.3855075836182,1692.4492120742798,1694.277262687683,1694.62956905365,1694.7176456451416,9.125,331.60546875,59.999999999992724
21.0,0.2571586424634648,0.5936195917715393,5.063870542424688,344.93291440217394,373.1875,718.7367956573436,139.0748099074868,1699.1239048811017,363.4875,15812.20950446156,3059.6458179647097,graphhopper,offline,ohare_filtered_vid_619_sr_5.0,f93906ce9219474e93b3d05042c3e712,619,batches,30.0,50.0,0.9479245184177212,0.9826843596413182,0.9649915205053118,0.0350084794946882,0.9323513184901054,0.0713006995879908,28,5,2,30,1861.5796920648693,100.49748993620078,32.23444444682092,619,f93906ce9219474e93b3d05042c3e712,ohare_filtered_vid_619_sr_5.0,graphhopper,offline,batches,30.0,50.0,graphhopper,offline,1768189623.74996,1768189631.0026624,3,73,7.252702474594116,10.065213657352642,4080.366176334792,4988.778235005157,5022.5215805039625,5049.516256903007,5054.915192182816,5056.264926002768,3626.351237297058,3626.351237297058,4341.411411762238,4913.459551334381,5027.86917924881,5056.471586227417,24.333333333333332,331.60546875,40.0
15.0,0.0012630082141715,0.0020178671918964,0.0188655531104188,8.108940972222221,11.42578125,964.7903587619172,1711.9948525255445,1424.8828735033835,2681.2077043206664,15436.645740190675,27391.917640408712,osrm,offline,ohare_filtered_vid_619_sr_5.0,9ac7581ee16b41a994532c2375f44ed3,619,batches,5.0,,0.9810225665322396,0.9226046718909032,0.950917264519475,0.049082735480525,0.9064273315716268,0.095242694087379,23,2,7,30,1861.5796920648693,33.22429406201978,144.07757106859182,619,9ac7581ee16b41a994532c2375f44ed3,ohare_filtered_vid_619_sr_5.0,osrm,offline,batches,5.0,,osrm,offline,1768189632.6122675,1768189644.0488026,15,73,11.436535120010376,6.383052142451145,807.2266030663741,840.8226479950827,841.0813874979794,841.4733947000059,841.4874837415118,841.4910060018883,816.8953657150269,841.0652875900269,841.3568139076233,841.6391730308533,841.6655802726746,841.6721820831299,4.866666666666666,331.60546875,50.0
15.0,0.0010295647516091,0.0014790132547864,0.0153338002071852,6.237630208333333,9.15625,657.7616628006795,1276.0068761521516,965.0851532809728,1986.6138019717107,10524.186604810871,20416.110018434425,osrm,offline,ohare_filtered_vid_619_sr_5.0,75a3d206a3374e6c94fef82392f3d47b,619,batches,10.0,,0.9905362192413322,0.941491839942161,0.9653915357492252,0.0346084642507749,0.9330984320221328,0.0675033610269783,24,1,6,30,1861.5796920648693,16.745283450192424,108.91760258375372,619,75a3d206a3374e6c94fef82392f3d47b,ohare_filtered_vid_619_sr_5.0,osrm,offline,batches,10.0,,osrm,offline,1768189646.466416,1768189657.0487614,8,73,10.582345485687256,6.898281680439685,1511.8369716246889,1679.4983870022406,1679.6871759961505,1680.2404263507924,1680.272497270198,1680.2805150000495,1511.763606752668,1679.6464920043943,1680.0169944763184,1680.401873588562,1680.4212713241577,1680.4261207580566,9.125,331.60546875,30.0
16.0,0.0006557156459494,0.0011467719936708,0.0103590965191153,4.034505208333333,5.78125,379.41232165921815,776.6846574925253,608.9406942487511,1797.9855258101704,6450.009468206708,13203.63917737293,osrm,offline,ohare_filtered_vid_619_sr_5.0,3a69670346f54dc5bdd0c54987e561ec,619,batches,30.0,,0.9906390133095324,0.9519292471234476,0.9708984433840882,0.0291015566159118,0.9434427896278592,0.0570659538456918,25,1,5,30,1861.5796920648693,16.745283450192424,89.48753733725876,619,3a69670346f54dc5bdd0c54987e561ec,ohare_filtered_vid_619_sr_5.0,osrm,offline,batches,30.0,,osrm,offline,1768189662.8044028,1768189670.0219207,3,73,7.217517852783203,10.114280489358249,4027.892857334033,4866.425443004118,4950.6129615001555,5017.962976296985,5031.432979256351,5034.800479996193,3608.7589263916016,3608.7589263916016,4321.855545043945,4892.33283996582,5006.428298950195,5034.952163696289,24.333333333333332,331.60546875,40.0
22.0,1.1506438109242878,2.845325365356293,25.08320604991091,1456.788722826087,1498.265625,241.78429299745108,651.6617189660284,628.7134465388366,2291.6,5561.038738941375,14988.219536218652,graphium,online,ohare_filtered_vid_619_sr_10.0,d2f8bfc65c9041989eb9be50361ddfe5,619,native,5.0,,0.9834032722929044,0.9895625928187134,0.9864733182918192,0.0135266817081809,0.9733076948988,0.027138084680403,29,2,1,30,1861.5796920648693,31.089642076080118,19.43006524649496,619,d2f8bfc65c9041989eb9be50361ddfe5,ohare_filtered_vid_619_sr_10.0,graphium,online,native,5.0,,graphium,online,1768189690.9338264,1768189693.32271,4,37,2.388883590698242,15.488406443942855,3092.083096997157,1024.4810359981784,3757.4648314966903,8735.443893495172,9731.03970589487,9979.938658994795,796.2945302327474,365.8194541931152,1024.62899684906,1551.676630973816,1657.086157798767,1683.4385395050049,9.25,331.4375,19.99999999999636
22.0,1.129550065232508,2.5732178949691087,24.665657160351454,1453.4660326086955,1477.94921875,227.39548538708465,621.8218354988755,478.6102300538424,2139.6666666666665,5230.0961639029465,14301.902216474136,graphium,online,ohare_filtered_vid_619_sr_10.0,f7768b1c286d4f9580db3d89eb636e22,619,native,10.0,,0.9835736536143592,1.0,0.9917188119756936,0.0082811880243063,0.9835736536143592,0.0167006774991165,30,2,0,30,1861.5796920648693,31.089642076080118,0.0,619,f7768b1c286d4f9580db3d89eb636e22,ohare_filtered_vid_619_sr_10.0,graphium,online,native,10.0,,graphium,online,1768189714.649614,1768189717.0045722,2,37,2.3549580574035645,15.71153247663102,6168.6875545019575,6168.6875545019575,8075.61390875162,9601.15499215135,9906.263208831297,9982.540263001283,2354.958295822144,2354.958295822144,2354.958295822144,2354.958295822144,2354.958295822144,2354.958295822144,18.5,331.59375,20.0
23.0,1.0919704730322384,2.695645540179091,24.91301405961252,1442.4469401041667,1474.58984375,232.00673022623835,625.0690063331166,616.6653952843274,2291.6,5568.16152542972,15001.656151994795,graphium,online,ohare_filtered_vid_619_sr_10.0,53794cb762e442cf9d1151ead43a5007,619,native,30.0,,0.9835736536143592,1.0,0.9917188119756936,0.0082811880243063,0.9835736536143592,0.0167006774991165,30,2,0,30,1861.5796920648693,31.089642076080118,0.0,619,53794cb762e442cf9d1151ead43a5007,ohare_filtered_vid_619_sr_10.0,graphium,online,native,30.0,,graphium,online,1768189738.3673794,1768189740.72269,2,37,2.3553106784820557,15.709180252961644,6172.937704999639,6172.937704999639,8081.814887998915,9608.916634398336,9914.33698367822,9990.692070998191,2355.310440063477,2355.310440063477,2355.310440063477,2355.310440063477,2355.310440063477,2355.310440063477,18.5,331.59375,10.0
15.0,0.1431592924031991,0.2448418728866381,2.087322360965413,156.70876736111111,206.359375,6984.756238969659,25285.321477435256,14331.910708742887,44515.05986137366,111756.09982351454,404565.1436389641,barefoot,online,ohare_filtered_vid_619_sr_10.0,2696c90869704d36bc419c0f2e3c3a5e,619,native,,,0.9835736536143592,1.0,0.9917188119756936,0.0082811880243063,0.9835736536143592,0.0167006774991165,30,2,0,30,1861.5796920648693,31.089642076080118,0.0,619,2696c90869704d36bc419c0f2e3c3a5e,ohare_filtered_vid_619_sr_10.0,barefoot,online,native,,,barefoot,online,1768189742.6017244,1768189754.6456156,37,37,12.043891191482544,3.072096834133345,325.9462032972904,334.9307349999435,335.6385360020795,339.64636260061525,341.19210771867074,341.6479029983748,334.5525330967373,335.1243734359741,335.8305096626282,339.83314037323,341.3721203804016,341.8304920196533,1.0,331.75,60.000000000007276
21.0,0.2783783654260591,0.6800049315576143,5.67872385593381,360.4220448369565,401.96875,739.8169836639225,391.8980733151191,1294.9612403100773,821.0594315245478,16275.973640606297,8621.75761293262,graphhopper,offline,ohare_filtered_vid_619_sr_10.0,e48d7765eaea46e49dd02fb7523a20c3,619,batches,5.0,50.0,0.9830951010626896,0.9712187156335348,0.977120821889106,0.0228791781108939,0.9552651405943204,0.0454819618655817,27,2,3,30,1861.5796920648693,31.089642076080118,53.57865448815578,619,e48d7765eaea46e49dd02fb7523a20c3,ohare_filtered_vid_619_sr_10.0,graphhopper,offline,batches,5.0,50.0,graphhopper,offline,1768189772.0645912,1768189782.8596454,8,37,10.795054197311401,3.4274955293151894,1530.9038947498266,1684.7464784987096,1689.429490495968,1691.3981441535723,1692.1659072351028,1692.3578480054855,1542.1505996159144,1685.605764389038,1689.6512508392334,1691.7304277420044,1692.3988199234009,1692.56591796875,4.625,331.75,29.999999999996362
21.0,0.25369618758922,0.797740504524887,5.076510614896476,335.50730298913044,378.984375,518.2841017256883,188.5869289524302,1039.842025786967,480.1594377976537,11402.250237965143,4148.912436953465,graphhopper,offline,ohare_filtered_vid_619_sr_10.0,663474c4bb4846afb0530ce3da67b38b,619,batches,10.0,50.0,0.9746300485916916,0.9816561228148212,0.9781304685003872,0.0218695314996126,0.9571970181603936,0.043896719693438,28,3,2,30,1861.5796920648693,47.56865268790747,34.148589241660815,619,663474c4bb4846afb0530ce3da67b38b,ohare_filtered_vid_619_sr_10.0,graphhopper,offline,batches,10.0,50.0,graphhopper,offline,1768189791.9274766,1768189801.014421,4,37,9.086944341659546,4.071775792702027,3056.3663709999673,3252.179911996791,3365.953371496289,3367.227415103116,3367.4822238244815,3367.545926004823,3028.9814472198486,3365.5874729156494,3366.6309118270874,3367.465662956238,3367.632613182068,3367.6743507385254,9.25,331.75,20.0
21.0,0.2541278493704086,0.7253461978708792,5.149024111904483,344.5755774456522,373.44921875,399.99081865882494,71.27029467594181,1035.5999999999997,232.725,8799.798010494149,1567.9464828707198,graphhopper,offline,ohare_filtered_vid_619_sr_10.0,f67ac3f552b841219ee3ab0abc2ae962,619,batches,30.0,50.0,0.9748510860084268,0.9905086270574334,0.9826174866293264,0.0173825133706736,0.9658289519581305,0.0350442154508259,29,3,1,30,1861.5796920648693,47.56865268790747,17.668947119696114,619,f67ac3f552b841219ee3ab0abc2ae962,ohare_filtered_vid_619_sr_10.0,graphhopper,offline,batches,30.0,50.0,graphhopper,offline,1768189816.8014405,1768189819.1564095,2,37,2.354969024658203,15.711459306930854,6101.781598998059,6101.781598998059,7975.27144599735,9474.063323596783,9773.82169911667,9848.761292996642,2354.969024658203,2354.969024658203,2354.969024658203,2354.969024658203,2354.969024658203,2354.969024658203,18.5,331.75,20.0
16.0,0.0008228920759793,0.0011954670823839,0.0130654451224593,5.225043402777778,7.203125,502.1338008072349,826.7839687949349,840.1405104408352,1404.688609992896,8536.274613722993,14055.327469513892,osrm,offline,ohare_filtered_vid_619_sr_10.0,2709b44665b24e8aabe42040bf129693,619,batches,5.0,,0.9899029747071127,0.88188114213323,0.9327750546461684,0.0672249453538315,0.8740191641012597,0.1271140588359094,21,1,9,30,1861.5796920648693,16.745283450192424,219.8876670546757,619,2709b44665b24e8aabe42040bf129693,ohare_filtered_vid_619_sr_10.0,osrm,offline,batches,5.0,,osrm,offline,1768189821.4359145,1768189832.1684277,8,37,10.732513189315796,3.4474683932215853,1509.3360887503877,1676.885372500692,1676.9858955012749,1677.368198550539,1677.4275605101138,1677.4424010000075,1533.2162039620537,1677.0060062408447,1677.194356918335,1677.5296211242676,1677.5820350646973,1677.5951385498047,4.625,331.75,30.0
16.0,0.0006435125733718,0.0011638713815789,0.0101542140762687,4.526258680555555,6.19140625,353.2662843392723,632.1630812131315,592.5792894519417,1189.9497223129697,6005.52683376763,10746.772380623235,osrm,offline,ohare_filtered_vid_619_sr_10.0,539370e3d3cf4d95b41f7ddce13442aa,619,batches,10.0,,0.9900199004327752,0.8923185493145165,0.9386336675694812,0.0613663324305187,0.8843635217069861,0.116676651654623,22,1,8,30,1861.5796920648693,16.745283450192424,200.45760180818075,619,539370e3d3cf4d95b41f7ddce13442aa,ohare_filtered_vid_619_sr_10.0,osrm,offline,batches,10.0,,osrm,offline,1768189836.0528238,1768189845.102058,4,37,9.04923415184021,4.088743796343898,3016.5968872497615,3184.0325630000734,3350.827080250383,3351.6083168495243,3351.7645641693525,3351.8036259993096,3016.411383946737,3350.6460189819336,3351.298213005066,3351.819968223572,3351.924319267273,3351.9504070281982,9.25,331.75,20.000000000003638
15.0,0.0005538025635372,0.0011880721749696,0.007672768841626,2.9351128472222223,4.46875,290.4145058130383,501.8889775034054,467.3648577171269,1230.6,4646.632093008613,8030.223640054486,osrm,offline,ohare_filtered_vid_619_sr_10.0,418d37d8681f44eab9f90fbb783def78,619,batches,30.0,,0.9900199004327752,0.8923185493145165,0.9386336675694812,0.0613663324305187,0.8843635217069861,0.116676651654623,22,1,8,30,1861.5796920648693,16.745283450192424,200.45760180818075,619,418d37d8681f44eab9f90fbb783def78,ohare_filtered_vid_619_sr_10.0,osrm,offline,batches,30.0,,osrm,offline,1768189855.6935976,1768189858.039961,2,37,2.3463635444641113,15.769082368883494,6030.480462501146,6030.480462501146,7872.59355425158,9346.284027651927,9641.022122331997,9714.706646002014,2346.3637828826904,2346.3637828826904,2346.3637828826904,2346.3637828826904,2346.3637828826904,2346.3637828826904,18.5,331.75,10.0
22.0,1.0862979144443825,2.8391775507986527,23.6717604311075,1448.280910326087,1482.4375,90.12714428583848,2.453269109987987,294.93254698120745,11.538310412573672,2072.924318574285,56.425189529723696,graphium,online,ohare_filtered_vid_619_sr_20.0,f0e1384da3ce4a7cb45bd56a12da347c,619,native,5.0,,0.9835736536143592,1.0,0.9917188119756936,0.0082811880243063,0.9835736536143592,0.0167006774991165,30,2,0,30,1861.5796920648693,31.089642076080118,0.0,619,f0e1384da3ce4a7cb45bd56a12da347c,ohare_filtered_vid_619_sr_20.0,graphium,online,native,5.0,,graphium,online,1768189881.2035024,1768189881.2035024,1,19,0.0,,12228.7921429961,12228.7921429961,12228.7921429961,12228.7921429961,12228.7921429961,12228.7921429961,,,,,,,19.0,331.7265625,0.0
22.0,1.026982052136279,2.728792162423749,22.22927095440553,1450.0643682065215,1475.43359375,97.60760243518476,2.182900388823142,289.5145981772991,11.433944769199758,2244.9748560092494,50.206708942932266,graphium,online,ohare_filtered_vid_619_sr_20.0,bcd77822b7ad476d9357b3dd674da695,619,native,10.0,,0.9835736536143592,1.0,0.9917188119756936,0.0082811880243063,0.9835736536143592,0.0167006774991165,30,2,0,30,1861.5796920648693,31.089642076080118,0.0,619,bcd77822b7ad476d9357b3dd674da695,ohare_filtered_vid_619_sr_20.0,graphium,online,native,10.0,,graphium,online,1768189904.8152208,1768189904.8152208,1,19,0.0,,12237.238270005037,12237.238270005037,12237.238270005037,12237.238270005037,12237.238270005037,12237.238270005037,,,,,,,19.0,331.7265625,10.0
22.0,1.1169907656351628,2.5994130254424777,24.438331520257996,1452.03515625,1474.234375,92.23410523778968,2.375450256681759,305.9517586318167,10.774172313649563,2121.3844204691627,54.63535590368045,graphium,online,ohare_filtered_vid_619_sr_20.0,0ae6ac1c64b74f66ab184d20c4a48f4e,619,native,30.0,,0.9835736536143592,1.0,0.9917188119756936,0.0082811880243063,0.9835736536143592,0.0167006774991165,30,2,0,30,1861.5796920648693,31.089642076080118,0.0,619,0ae6ac1c64b74f66ab184d20c4a48f4e,ohare_filtered_vid_619_sr_20.0,graphium,online,native,30.0,,graphium,online,1768189928.4240742,1768189928.4240742,1,19,0.0,,12250.06541100447,12250.06541100447,12250.06541100447,12250.06541100447,12250.06541100447,12250.06541100447,,,,,,,19.0,331.7265625,10.000000000003638
15.0,0.1254476012278521,0.1965721132491187,1.8273919088105743,127.6953125,189.4296875,6441.155933701124,10264.324782933323,14081.165286404415,19517.319366742056,103058.49493921798,164229.19652693317,barefoot,online,ohare_filtered_vid_619_sr_20.0,2250fa662f494f95bd70482764fa50c5,619,native,,,0.9835736536143592,1.0,0.9917188119756936,0.0082811880243063,0.9835736536143592,0.0167006774991165,30,2,0,30,1861.5796920648693,31.089642076080118,0.0,619,2250fa662f494f95bd70482764fa50c5,ohare_filtered_vid_619_sr_20.0,barefoot,online,native,,,barefoot,online,1768189930.3066304,1768189942.3227894,19,19,12.016159057617188,1.581204102650062,633.7679722116599,667.6808690026519,668.8292955004727,671.4589130038803,674.3759714048065,675.105236005038,667.5643920898438,667.88649559021,669.0616011619568,671.841311454773,674.6133184432983,675.3063201904297,1.0,331.7265625,40.0
20.0,0.2466395031987348,0.8341252948148148,4.605935630383309,311.8997961956522,354.0390625,410.2926875445924,187.8310837441423,699.0634993147556,453.8602101416172,8616.146438436439,3944.452758626988,graphhopper,offline,ohare_filtered_vid_619_sr_20.0,55a899079c994bf881d35d0eb8c6c561,619,batches,5.0,50.0,1.0,0.797529093617157,0.8873615414060353,0.1126384585939647,0.797529093617157,0.202470906382843,23,0,7,30,1861.5796920648693,0.0,376.915727556268,619,55a899079c994bf881d35d0eb8c6c561,ohare_filtered_vid_619_sr_20.0,graphhopper,offline,batches,5.0,50.0,graphhopper,offline,1768189961.093474,1768189970.4777184,4,19,9.384244441986084,2.0246701924122976,3041.500696750518,3068.2972265021817,3354.8574050000752,3356.185533797543,3356.4511595570366,3356.51756599691,3128.0814011891684,3354.4816970825195,3355.609178543091,3356.511163711548,3356.6915607452393,3356.736660003662,4.75,331.7265625,20.000000000003638
21.0,0.2335573293693723,0.6394096456609486,4.705334597437999,342.0958658854167,414.3671875,263.48962160939203,72.60044293025484,410.6268656716417,175.89942942197965,5796.771675406624,1597.2097444656065,graphhopper,offline,ohare_filtered_vid_619_sr_20.0,e859ded4b11648578e14084af9c72136,619,batches,10.0,50.0,0.8005699411860202,0.797529093617157,0.7990466243537437,0.2009533756462562,0.6653435849861875,0.4011434593521689,23,3,7,30,1861.5796920648693,369.8447899783792,376.915727556268,619,e859ded4b11648578e14084af9c72136,ohare_filtered_vid_619_sr_20.0,graphhopper,offline,batches,10.0,50.0,graphhopper,offline,1768189982.540518,1768189988.5772436,2,19,6.0367255210876465,3.1474016722524003,6079.86954649823,6079.86954649823,6101.543630247761,6118.882897247386,6122.350750647311,6123.217713997292,6036.725521087647,6036.725521087647,6036.725521087647,6036.725521087647,6036.725521087647,6036.725521087647,9.5,331.7265625,20.0
21.0,0.2173233622021091,0.6212293000000001,4.192358896062061,327.62466032608694,353.90234375,127.37986581889332,4.343439882120748,294.0446813046259,13.2916,2802.3570480156527,95.55567740665646,graphhopper,offline,ohare_filtered_vid_619_sr_20.0,e8e087c27ebf484fb3c40b00cba4a6d4,619,batches,30.0,50.0,0.8023265186204783,0.8063815978597688,0.8043489474100517,0.1956510525899483,0.6727288414690215,0.3922909551095568,24,3,6,30,1861.5796920648693,369.8447899783792,360.4360854343032,619,e8e087c27ebf484fb3c40b00cba4a6d4,ohare_filtered_vid_619_sr_20.0,graphhopper,offline,batches,30.0,50.0,graphhopper,offline,1768190006.6642656,1768190006.6642656,1,19,0.0,,12157.642389000102,12157.642389000102,12157.642389000102,12157.642389000102,12157.642389000102,12157.642389000102,,,,,,,19.0,331.7265625,9.999999999996362
16.0,0.0006100601424673,0.0010186656362329,0.0094473438734548,4.163411458333333,5.546875,320.0473645017017,450.34786381773046,537.0696154812767,926.5882867132868,5440.805196528929,7655.913684901418,osrm,offline,ohare_filtered_vid_619_sr_20.0,241c6391693d40f7ad9f946361d4122c,619,batches,5.0,,0.989292184954064,0.7119069277673663,0.8279853366820309,0.1720146633179691,0.7064632914557635,0.2957985487626104,16,1,14,30,1861.5796920648693,14.34435862588769,536.308212692848,619,241c6391693d40f7ad9f946361d4122c,ohare_filtered_vid_619_sr_20.0,osrm,offline,batches,5.0,,osrm,offline,1768190010.2463243,1768190019.6070724,4,19,9.360748052597046,2.0297523118068157,3009.067644999959,3009.7704535000958,3343.56691100038,3343.8653437995526,3343.925030359387,3343.939951999346,3120.249350865682,3343.6474800109863,3343.877673149109,3344.061827659607,3344.0986585617065,3344.1078662872314,4.75,331.7265625,9.999999999996362
15.0,0.0005739650476695,0.0012343298887122,0.0079491108739999,3.078342013888889,3.71484375,230.2796178347278,273.0956045516043,418.6866962558324,597.8499999999999,3684.4738853556446,4369.529672825669,osrm,offline,ohare_filtered_vid_619_sr_20.0,8a1dc27d8da545fd866e18a3eca32123,619,batches,10.0,,0.991473785203576,0.8960339569650307,0.9413409642096174,0.0586590357903825,0.8891823829820931,0.1116715195649461,21,1,9,30,1861.5796920648693,14.34435862588769,193.5410743782408,619,8a1dc27d8da545fd866e18a3eca32123,ohare_filtered_vid_619_sr_20.0,osrm,offline,batches,10.0,,osrm,offline,1768190026.5358653,1768190032.5536964,2,19,6.017831087112427,3.157283699884785,6017.493032002676,6017.493032002676,6017.570056001205,6017.6316752000275,6017.643999039792,6017.647079999733,6017.831087112427,6017.831087112427,6017.831087112427,6017.831087112427,6017.831087112427,6017.831087112427,9.5,331.7265625,10.0
15.0,0.0003984117315059,0.0011868479262672,0.0054895830958003,2.123263888888889,2.2109375,165.55662976444856,6.0488453205074695,320.19288464500227,13.909439200444195,2648.906076231177,96.78152512811953,osrm,offline,ohare_filtered_vid_619_sr_20.0,9fbf54b7a3ab4e4db573d1b08bd0d2ab,619,batches,30.0,,0.991473785203576,0.8960339569650307,0.9413409642096174,0.0586590357903825,0.8891823829820931,0.1116715195649461,21,1,9,30,1861.5796920648693,14.34435862588769,193.5410743782408,619,9fbf54b7a3ab4e4db573d1b08bd0d2ab,ohare_filtered_vid_619_sr_20.0,osrm,offline,batches,30.0,,osrm,offline,1768190045.4719589,1768190045.4719589,1,19,0.0,,12031.476878997635,12031.476878997635,12031.476878997635,12031.476878997635,12031.476878997635,12031.476878997635,,,,,,,19.0,331.7265625,9.999999999996362
21.0,1.4497758204716729,2.704502269103397,30.542748976247186,1448.7056107954545,1498.4375,11923.180533040051,2665.440204321598,30291.5150928382,7480.833230617528,262309.9717268811,58639.68449507515,graphium,online,ohare_filtered_vid_803_sr_1.0,e5cf537252ca487dabb7ae8634cd3301,803,native,5.0,,1.0,0.8726374707690225,0.9319876210857436,0.0680123789142563,0.8726374707690225,0.1273625292309775,11,0,6,17,1128.1561351487449,0.0,143.68481873998869,803,e5cf537252ca487dabb7ae8634cd3301,ohare_filtered_vid_803_sr_1.0,graphium,online,native,5.0,,graphium,online,1768190057.5923424,1768190066.6301503,92,265,9.037807941436768,29.321269241075747,110.47802372812167,51.85231650102651,176.32447899995896,177.7804217505036,266.5695966466625,1139.740244994755,99.31657078501942,51.943302154541016,176.4383316040039,177.537202835083,178.85749340057376,180.3889274597168,2.880434782608696,332.046875,150.00000000000364
20.0,1.481953162226164,2.781163291735343,29.79284809595745,1450.9613095238096,1494.3046875,11475.603907144514,1616.4314395191277,29491.979345828742,4171.764277839031,240987.6820500348,33945.06022990168,graphium,online,ohare_filtered_vid_803_sr_1.0,0c38d2a3e7c84cb9b4935a57af21ae85,803,native,10.0,,1.0,0.879203453176668,0.9357192822208082,0.0642807177791917,0.879203453176668,0.1207965468233319,12,0,5,17,1128.1561351487449,0.0,136.27736540352453,803,0c38d2a3e7c84cb9b4935a57af21ae85,ohare_filtered_vid_803_sr_1.0,graphium,online,native,10.0,,graphium,online,1768190079.177257,1768190088.0535102,65,265,8.876253128051758,29.85493948595455,154.33992798431203,49.56553199735936,348.3880909989239,350.8228363993112,647.5707445244184,1165.6914050035994,138.69145512580872,49.71039295196533,348.44595193862915,350.39806365966797,353.0996632575989,356.28533363342285,4.076923076923077,332.046875,140.00000000000364
20.0,1.4498656169561788,2.65118545244624,29.067022121128044,1440.9925595238096,1472.609375,10683.74285373616,1193.5395317445343,26897.325744759102,2931.465531914894,224358.59992845933,25064.330166635227,graphium,online,ohare_filtered_vid_803_sr_1.0,c154631ce2044963bae2833ccddafee9,803,native,30.0,,1.0,0.9853929699104508,0.992642751177764,0.0073572488222358,0.9853929699104506,0.0146070300895492,16,0,1,17,1128.1561351487449,0.0,16.47901061182736,803,c154631ce2044963bae2833ccddafee9,ohare_filtered_vid_803_sr_1.0,graphium,online,native,30.0,,graphium,online,1768190100.546275,1768190109.3837223,52,265,8.83744740486145,29.986034186095907,191.70894028852322,47.481727498961845,55.07730250064924,1041.4752562985086,1090.4986846931572,1139.0648020023946,173.28328712313782,47.58691787719727,54.073452949523926,1040.7723188400269,1043.218731880188,1043.9555644989014,5.096153846153846,332.046875,130.00000000000728
13.0,0.5341032210591691,0.7853895972830849,7.2769397510017875,345.15651041666666,544.9453125,18146.489216021782,1295647.835982422,25994.75013146363,2534775.044114921,254050.84902430495,18139069.703753907,barefoot,online,ohare_filtered_vid_803_sr_1.0,f4f917a404994a96bf11775e4ea64e04,803,native,,,0.9464433733491476,1.0,0.9724848781196752,0.0275151218803247,0.9464433733491476,0.0565872488084873,17,4,0,17,1128.1561351487449,63.8392519144835,0.0,803,f4f917a404994a96bf11775e4ea64e04,ohare_filtered_vid_803_sr_1.0,barefoot,online,native,,,barefoot,online,1768190111.2975996,1768190120.4657156,265,265,9.168116092681885,28.90452054937727,34.516407754810366,34.45056000055047,35.87693700683303,38.66902699810453,41.9387669954449,47.498296000412665,34.72771247227987,34.590959548950195,36.032021045684814,38.82460594177246,42.113001346588135,47.67632484436035,1.0,333.765625,739.9999999999964
18.0,0.3010307765698082,0.6457969656470587,5.073787789179299,342.6084449404762,391.8984375,4795.037906927309,2859.4710076244064,10229.497354497356,6271.104761904763,91105.72023161888,54329.94914486372,graphhopper,offline,ohare_filtered_vid_803_sr_1.0,b965c07df3fe4f9b87032b0feef25c3c,803,batches,5.0,50.0,0.841704917201193,0.9497924166015952,0.8924880124459859,0.1075119875540141,0.8058495280191796,0.2288301221944934,16,7,1,17,1128.1561351487449,201.51411301865195,56.641993241902775,803,b965c07df3fe4f9b87032b0feef25c3c,ohare_filtered_vid_803_sr_1.0,graphhopper,offline,batches,5.0,50.0,graphhopper,offline,1768190136.693085,1768190146.0921323,54,265,9.399047374725342,28.194346664599486,178.13710300038952,180.07172649595304,181.71476999850714,184.20679569499043,205.62546277709765,228.0907710010069,177.34051650425172,180.20987510681152,181.66017532348636,183.74691009521484,185.09961128234863,185.82773208618164,4.907407407407407,333.765625,209.99999999999636
19.0,0.2844881640823449,0.5778816500000001,5.167595945885928,327.07403273809524,354.45703125,3279.766236149728,1318.1077988164177,7435.039407825167,3033.5502996122664,65595.32472299456,26362.15597632835,graphhopper,offline,ohare_filtered_vid_803_sr_1.0,3268accbe144401d94dc0c25dd702fc0,803,batches,10.0,50.0,0.970090841090142,1.0,0.9848183858906182,0.0151816141093817,0.9700908410901424,0.0308312970734238,17,2,0,17,1128.1561351487449,34.78251694797665,0.0,803,3268accbe144401d94dc0c25dd702fc0,ohare_filtered_vid_803_sr_1.0,graphhopper,offline,batches,10.0,50.0,graphhopper,offline,1768190152.4568615,1768190161.512309,27,265,9.055447578430176,29.264152622474743,350.2360358157872,354.11882900370983,356.7367345058301,361.3792392025062,393.6700480998843,404.774547998386,348.2864361542922,354.1351556777954,356.74446821212763,359.79169607162476,361.64671182632446,362.2119426727295,9.814814814814815,333.765625,160.0
18.0,0.2889458508143634,0.6676730805235601,5.040575153012173,334.0747767857143,390.5390625,2573.830415023822,478.5928516531746,5446.114211886305,1023.3338501291992,48902.77788545261,9093.264181410315,graphhopper,offline,ohare_filtered_vid_803_sr_1.0,4408ebac20ca4450a58ca008861fef28,803,batches,30.0,50.0,0.8892778054972871,0.9578350449854748,0.9222841437224114,0.0777158562775885,0.8557767229183807,0.1614230737900081,14,5,3,17,1128.1561351487449,134.5417783628588,47.56865268790747,803,4408ebac20ca4450a58ca008861fef28,ohare_filtered_vid_803_sr_1.0,graphhopper,offline,batches,30.0,50.0,graphhopper,offline,1768190168.5639403,1768190176.7927818,9,265,8.228841543197632,32.203803975185565,1037.5135437772972,1050.2779329981422,1054.5100210001692,1088.3995262018288,1105.7504980426165,1110.0882410028134,1028.6051630973816,1050.2923727035522,1052.3304343223572,1055.5800795555115,1055.9709429740906,1056.0686588287354,29.444444444444443,333.765625,130.0
13.0,0.0035357650613519,0.0053849876209768,0.0478401681833818,14.784114583333333,20.1953125,3440.162292648951,6218.163671501904,5632.830306099482,10241.872124690526,48162.27209708531,87054.29140102665,osrm,offline,ohare_filtered_vid_803_sr_1.0,ee8c2bdbc33f4f0ab86e084fb7c03acb,803,batches,5.0,,0.920944452155604,1.0,0.9588454794954204,0.0411545205045795,0.9209444521556038,0.0858418199483748,17,4,0,17,1128.1561351487449,96.84297582709304,0.0,803,ee8c2bdbc33f4f0ab86e084fb7c03acb,ohare_filtered_vid_803_sr_1.0,osrm,offline,batches,5.0,,osrm,offline,1768190177.8944373,1768190186.9859228,54,265,9.091485500335693,29.14815186035496,170.84685290737306,174.6511669989559,174.9046785007522,175.2021430987952,175.53752549225464,175.5621530028293,171.53746227048478,174.76797103881836,175.08745193481445,175.34523010253906,175.69533348083496,175.70996284484863,4.907407407407407,333.765625,140.0
13.0,0.0026649686734522,0.0040254695137638,0.0358037888715692,12.7328125,18.40625,2244.048325855153,4542.523896728303,3903.728231542801,8049.810497915135,31416.67656197215,63595.33455419625,osrm,offline,ohare_filtered_vid_803_sr_1.0,6e8aa597f4cf4c518264f953b86a23bb,803,batches,10.0,,0.9884728014609612,1.0,0.9942029890825916,0.0057970109174083,0.9884728014609612,0.0116616243987711,17,1,0,17,1128.1561351487449,13.156133111274018,0.0,803,6e8aa597f4cf4c518264f953b86a23bb,ohare_filtered_vid_803_sr_1.0,osrm,offline,batches,10.0,,osrm,offline,1768190188.2123947,1768190197.0707242,27,265,8.85832953453064,29.915346789369703,339.53579822237197,347.045951995824,347.4823409997043,348.4385032039427,348.7574222855619,348.7936330056982,340.7049820973323,347.18501567840576,347.6819396018982,348.6352562904358,348.92868995666504,348.9649295806885,9.814814814814815,333.765625,120.0
12.0,0.0015582352647942,0.002285428907168,0.0187090822955367,8.972916666666666,12.45703125,1304.816654977347,3013.4270717653662,1965.391010575793,4556.053113983549,16962.61651470551,39174.55193294976,osrm,offline,ohare_filtered_vid_803_sr_1.0,11cc08d8ed5e4552afe5c7f382933081,803,batches,30.0,,0.9884728014609612,1.0,0.9942029890825916,0.0057970109174083,0.9884728014609612,0.0116616243987711,17,1,0,17,1128.1561351487449,13.156133111274018,0.0,803,11cc08d8ed5e4552afe5c7f382933081,ohare_filtered_vid_803_sr_1.0,osrm,offline,batches,30.0,,osrm,offline,1768190198.9818156,1768190207.1013446,9,265,8.119529008865356,32.63736107237971,1013.5642523342135,1036.2005179995322,1036.5128990015364,1036.9140424008947,1037.0593748812098,1037.0957080012886,1014.9411261081696,1036.3911390304565,1036.6546511650085,1037.0667815208435,1037.2015643119812,1037.2352600097656,29.444444444444443,333.765625,80.0
19.0,1.265508246663385,2.8447014569203715,24.032528905761662,1445.4470703125,1509.74609375,399.50376765853537,606.6031759368994,982.3000000000002,1651.3496879875197,7990.075353170707,12132.063518737988,graphium,online,ohare_filtered_vid_803_sr_5.0,08cc355604b84b67ba616b5d0f3e1354,803,native,5.0,,1.0,0.9830792055358129,0.9914674136983777,0.0085325863016224,0.9830792055358129,0.0169207944641872,16,0,1,17,1128.1561351487449,0.0,19.089298086363737,803,08cc355604b84b67ba616b5d0f3e1354,ohare_filtered_vid_803_sr_5.0,graphium,online,native,5.0,,graphium,online,1768190223.1033845,1768190227.0525887,7,53,3.949204206466675,13.420425288014854,1286.1596215724214,845.7427320026909,862.1486630036088,3800.1482123021533,4803.867226462606,5054.79698000272,658.200740814209,845.1451063156128,850.3224849700928,867.5796985626221,871.7852115631104,872.8365898132324,7.571428571428571,327.78515625,30.0
19.0,1.316219100296298,2.8625342942942944,25.106968914833008,1443.8681640625,1488.32421875,386.0525708008129,538.4810463326746,874.8330714972747,1453.1,7721.0514160162575,10769.620926653492,graphium,online,ohare_filtered_vid_803_sr_5.0,e3941695045e46c6b8e8aa89f5c0c4ea,803,native,10.0,,1.0,0.9830792055358129,0.9914674136983777,0.0085325863016224,0.9830792055358129,0.0169207944641872,16,0,1,17,1128.1561351487449,0.0,19.089298086363737,803,e3941695045e46c6b8e8aa89f5c0c4ea,ohare_filtered_vid_803_sr_5.0,graphium,online,native,10.0,,graphium,online,1768190243.4979775,1768190247.4212494,4,53,3.923271894454956,13.509132536775933,2241.2639297490387,1705.112313000427,2541.1744080010976,4541.967583199584,4942.126218239281,5042.165876999206,1307.757298151652,1702.843427658081,1705.2384614944458,1707.1544885635374,1707.5376939773557,1707.6334953308103,13.25,327.78515625,19.999999999996362
19.0,1.2385413017544906,2.762348470131132,23.39335561281801,1443.5560546875,1471.78125,277.49213753750087,264.2921400381162,482.374042361424,695.1264199340418,5549.842750750017,5285.842800762324,graphium,online,ohare_filtered_vid_803_sr_5.0,d6adb78a83be4e0297206467be2d666e,803,native,30.0,,1.0,1.0,1.0,0.0,1.0,0.0,17,0,0,17,1128.1561351487449,0.0,0.0,803,d6adb78a83be4e0297206467be2d666e,ohare_filtered_vid_803_sr_5.0,graphium,online,native,30.0,,graphium,online,1768190263.8360858,1768190267.731382,2,53,3.895296096801758,13.606154367447388,4466.261977500835,4466.261977500835,4751.8129262516595,4980.253685252319,5025.941837052451,5037.363875002484,3895.296335220337,3895.296335220337,3895.296335220337,3895.296335220337,3895.296335220337,3895.296335220337,26.5,327.78515625,19.999999999996362
12.0,0.1898810178518072,0.2719079409304047,2.2853561660201365,171.06808035714286,224.5546875,10071.50243114069,69124.83797152634,16414.1986200552,126523.88484162895,130929.53160482895,898622.8936298426,barefoot,online,ohare_filtered_vid_803_sr_5.0,2fc4e098bc5349ceae457367d9ff84b7,803,native,,,1.0,1.0,1.0,0.0,1.0,0.0,17,0,0,17,1128.1561351487449,0.0,0.0,803,2fc4e098bc5349ceae457367d9ff84b7,ohare_filtered_vid_803_sr_5.0,barefoot,online,native,,,barefoot,online,1768190269.5992975,1768190278.3368733,53,53,8.737575769424438,6.065755696844872,165.03002162199613,167.9258439980913,169.32791200088104,171.84882319706958,173.29282236169092,173.96345700399252,168.0303032581623,168.05875301361084,169.60889101028442,172.0506191253662,173.45702171325684,174.1321086883545,1.0,328.09765625,90.00000000000364
17.0,0.2823170505774536,0.5674496111702128,4.606276904574625,339.729296875,391.01171875,1084.5085936364196,576.5733079015544,2198.349113862588,1320.522505462491,19521.154685455556,10378.31954222798,graphhopper,offline,ohare_filtered_vid_803_sr_5.0,7ba028607cac4d09bbf43492b3fc89ef,803,batches,5.0,50.0,1.0,1.0,1.0,0.0,1.0,0.0,17,0,0,17,1128.1561351487449,0.0,0.0,803,7ba028607cac4d09bbf43492b3fc89ef,ohare_filtered_vid_803_sr_5.0,graphhopper,offline,batches,5.0,50.0,graphhopper,offline,1768190295.0899396,1768190303.229813,11,53,8.139873504638672,6.511157694256167,809.6394287290009,847.2675960001652,849.466523501178,851.5590320021147,851.8419255997287,851.9126489991322,813.9873504638672,847.5172519683838,850.4431247711182,851.7335534095764,851.9772267341614,852.0381450653076,4.818181818181818,328.25390625,50.0
17.0,0.2651611489441089,0.7694925302024745,4.231548926944468,304.41015625,346.9375,773.2392208360033,276.24441710230934,1429.2122425566786,583.5145607562832,13918.30597504806,4972.399507841568,graphhopper,offline,ohare_filtered_vid_803_sr_5.0,68182db9e12b42c39c96b7aa9eb98111,803,batches,10.0,50.0,1.0,1.0,1.0,0.0,1.0,0.0,17,0,0,17,1128.1561351487449,0.0,0.0,803,68182db9e12b42c39c96b7aa9eb98111,ohare_filtered_vid_803_sr_5.0,graphhopper,offline,batches,10.0,50.0,graphhopper,offline,1768190310.748298,1768190318.0207005,6,53,7.27240252494812,7.287825421954087,1480.039286333825,1690.894599501917,1691.5921485015133,1694.0426874953118,1694.6758270936698,1694.8341119932593,1454.480504989624,1691.5662288665771,1691.8776035308838,1694.3750858306885,1694.8745822906494,1694.9994564056396,8.833333333333334,328.25390625,30.0
17.0,0.2819377938617209,0.6872476533071382,4.387632636203838,340.2404296875,395.4140625,539.6268057001894,84.19323275560977,1120.925,192.475,9713.28250260341,1515.4781896009758,graphhopper,offline,ohare_filtered_vid_803_sr_5.0,11cac0608ca448658ea671748fe5993e,803,batches,30.0,50.0,1.0,1.0,1.0,0.0,1.0,0.0,17,0,0,17,1128.1561351487449,0.0,0.0,803,11cac0608ca448658ea671748fe5993e,ohare_filtered_vid_803_sr_5.0,graphhopper,offline,batches,30.0,50.0,graphhopper,offline,1768190328.978252,1768190332.8587396,2,53,3.8804876804351807,13.658077119331628,4433.58379649726,4433.58379649726,4710.2174607462075,4931.524392145366,4975.785778425197,4986.851124995155,3880.4876804351807,3880.4876804351807,3880.4876804351807,3880.4876804351807,3880.4876804351807,3880.4876804351807,26.5,328.25390625,30.00000000000364
13.0,0.0011587295944246,0.0018396042182007,0.0152133152106877,6.0265625,7.609375,789.2757454187725,1289.01137860928,1213.9795599531312,1988.0090743392784,11049.860435862816,18046.15930052992,osrm,offline,ohare_filtered_vid_803_sr_5.0,a2e2694c50274ce68b5d3496909d5fb6,803,batches,5.0,,0.988301156543824,0.9851569450996386,0.9867265460648283,0.0132734539351716,0.973800845401362,0.0265046792991326,16,1,1,17,1128.1561351487449,13.156133111274018,16.745283450192424,803,a2e2694c50274ce68b5d3496909d5fb6,ohare_filtered_vid_803_sr_5.0,osrm,offline,batches,5.0,,osrm,offline,1768190334.5019453,1768190342.5753062,11,53,8.073360919952393,6.564800028822758,795.0963186363383,840.8329590020003,841.3080255013483,841.4612009983102,841.4778945974831,841.4820679972763,807.3360919952393,841.0247564315796,841.4860367774963,841.6240692138672,841.6295623779297,841.6309356689453,4.818181818181818,328.25390625,30.0
12.0,0.0009926426562837,0.0015322354142729,0.0116935039292789,5.143229166666667,6.89453125,578.5794933200735,1023.3062000479068,870.4747095621092,1554.9836078130986,7521.533413160956,13302.980600622788,osrm,offline,ohare_filtered_vid_803_sr_5.0,18ba6afa22ea4c91a71f2438e38b9a74,803,batches,10.0,,1.0,0.9851569450996386,0.992522981652911,0.007477018347089,0.9851569450996386,0.0148430549003614,16,0,1,17,1128.1561351487449,0.0,16.745283450192424,803,18ba6afa22ea4c91a71f2438e38b9a74,ohare_filtered_vid_803_sr_5.0,osrm,offline,batches,10.0,,osrm,offline,1768190345.0071497,1768190352.2311745,6,53,7.224024772644043,7.33663043359161,1455.882506666967,1679.685901002813,1679.9679222513078,1680.248032000236,1680.3029216003779,1680.3166440004134,1444.8050022125244,1679.9001693725586,1680.1905632019043,1680.4362297058105,1680.4853630065918,1680.497646331787,8.833333333333334,328.25390625,30.0
12.0,0.0006962313992218,0.0011045936316695,0.0079464145582142,3.072395833333333,4.0078125,361.0100362370219,526.4435770642384,556.6840612449798,917.975,4693.130471081285,6843.7665018351,osrm,offline,ohare_filtered_vid_803_sr_5.0,1a80dd16bfe944bab3fa6bcce7b22f94,803,batches,30.0,,1.0,0.9851569450996386,0.992522981652911,0.007477018347089,0.9851569450996386,0.0148430549003614,16,0,1,17,1128.1561351487449,0.0,16.745283450192424,803,1a80dd16bfe944bab3fa6bcce7b22f94,ohare_filtered_vid_803_sr_5.0,osrm,offline,batches,30.0,,osrm,offline,1768190358.023528,1768190361.8832822,2,53,3.8597540855407715,13.731444756686987,4362.923168500856,4362.923168500856,4614.561516251342,4815.872194451731,4856.134330091809,4866.199864001828,3859.754323959351,3859.754323959351,3859.754323959351,3859.754323959351,3859.754323959351,3859.754323959351,26.5,328.25390625,10.000000000003638
19.0,1.156485900364634,2.5659900943945924,21.8487226500934,1456.7150390625,1487.55078125,101.64010220879098,3.0044642987403924,310.12,11.235955056179774,2032.80204417582,60.08928597480785,graphium,online,ohare_filtered_vid_803_sr_10.0,87d83d5421ec4021a015897c58b65e11,803,native,5.0,,1.0,1.0,1.0,0.0,1.0,0.0,17,0,0,17,1128.1561351487449,0.0,0.0,803,87d83d5421ec4021a015897c58b65e11,ohare_filtered_vid_803_sr_10.0,graphium,online,native,5.0,,graphium,online,1768190381.7667966,1768190381.7667966,1,27,0.0,,8946.995264006546,8946.995264006546,8946.995264006546,8946.995264006546,8946.995264006546,8946.995264006546,,,,,,,27.0,328.0703125,10.000000000003638
19.0,1.226265728627692,2.512416986301369,23.234035140374708,1449.2947265625,1473.3203125,109.7518540677896,3.14603462779674,309.2680826822917,11.775900277008311,2195.037081355792,62.9206925559348,graphium,online,ohare_filtered_vid_803_sr_10.0,16bd37a2dfdb457eac87353817ef1606,803,native,10.0,,1.0,1.0,1.0,0.0,1.0,0.0,17,0,0,17,1128.1561351487449,0.0,0.0,803,16bd37a2dfdb457eac87353817ef1606,ohare_filtered_vid_803_sr_10.0,graphium,online,native,10.0,,graphium,online,1768190402.079769,1768190402.079769,1,27,0.0,,8927.804438004387,8927.804438004387,8927.804438004387,8927.804438004387,8927.804438004387,8927.804438004387,,,,,,,27.0,328.0703125,10.0
19.0,1.2094564115459752,2.6067820345188286,22.993249929328595,1448.908203125,1479.4765625,117.11658986097363,3.1279962239837475,307.0655013799448,11.059418939522278,2342.3317972194727,62.55992447967495,graphium,online,ohare_filtered_vid_803_sr_10.0,0fd4f30c071f470bb241195a63f7d04e,803,native,30.0,,1.0,1.0,1.0,0.0,1.0,0.0,17,0,0,17,1128.1561351487449,0.0,0.0,803,0fd4f30c071f470bb241195a63f7d04e,ohare_filtered_vid_803_sr_10.0,graphium,online,native,30.0,,graphium,online,1768190422.4189208,1768190422.4189208,1,27,0.0,,8950.00288799929,8950.00288799929,8950.00288799929,8950.00288799929,8950.00288799929,8950.00288799929,,,,,,,27.0,328.0703125,10.0
12.0,0.169866646241336,0.2556563828741834,2.0269646267042174,146.18828125,216.21484375,8177.772871422463,24890.98331277345,16012.712900703676,44819.94459833796,106311.04732849202,323582.7830660548,barefoot,online,ohare_filtered_vid_803_sr_10.0,7fdbf44f9163429285c1288cd6939747,803,native,,,1.0,1.0,1.0,0.0,1.0,0.0,17,0,0,17,1128.1561351487449,0.0,0.0,803,7fdbf44f9163429285c1288cd6939747,ohare_filtered_vid_803_sr_10.0,barefoot,online,native,,,barefoot,online,1768190424.30336,1768190433.007188,27,27,8.70382809638977,3.1020833248302817,322.8117308508782,335.1920040004188,336.17434249754297,338.163589497708,339.40335537598,339.6758839953691,334.76261909191425,335.36744117736816,336.3490104675293,338.3784890174866,339.54960107803345,339.810848236084,1.0,328.0703125,60.0
18.0,0.2778141698047854,0.6641850170923378,4.875546291713319,346.946484375,384.52734375,575.3305792947968,269.1595958398049,1129.3579216583655,639.7171361176635,10931.28100660114,5114.032320956293,graphhopper,offline,ohare_filtered_vid_803_sr_10.0,abaa0eec8cc9472b8b95dbbb4166f079,803,batches,5.0,50.0,0.9569914648124184,0.9222344916766192,0.9392915567631394,0.0607084432368606,0.8855322711458719,0.1192120165158549,14,1,3,17,1128.1561351487449,46.758132497832406,87.73163531798289,803,abaa0eec8cc9472b8b95dbbb4166f079,ohare_filtered_vid_803_sr_10.0,graphhopper,offline,batches,5.0,50.0,graphhopper,offline,1768190450.4126885,1768190457.827411,6,27,7.414722442626953,3.6414040051962084,1476.1897978338918,1683.4700555009476,1686.1395517480557,1689.3201864986622,1689.9997444990734,1690.169633999176,1482.9444885253906,1684.4069957733154,1686.896562576294,1689.643907546997,1690.1933765411377,1690.3307437896729,4.5,328.0703125,20.0
18.0,0.2698199342328498,0.6870341825775658,4.689947670471878,344.402734375,382.37890625,462.3684360714212,150.31003229026783,788.3936740295386,361.85,8785.000285357002,2855.8906135150887,graphhopper,offline,ohare_filtered_vid_803_sr_10.0,67ddf22da22546269ed8fbb44fa81677,803,batches,10.0,50.0,1.0,1.0,1.0,0.0,1.0,0.0,17,0,0,17,1128.1561351487449,0.0,0.0,803,67ddf22da22546269ed8fbb44fa81677,ohare_filtered_vid_803_sr_10.0,graphhopper,offline,batches,10.0,50.0,graphhopper,offline,1768190466.8789055,1768190472.6066215,3,27,5.727715969085693,4.713920897217599,2945.802205661797,3110.064322994731,3239.1425054956926,3342.405051496462,3363.057560696616,3368.2206879966543,2863.8579845428467,2863.8579845428467,3116.124153137207,3317.9370880126953,3358.299674987793,3368.3903217315674,9.0,328.0703125,20.0
17.0,0.2519783767756831,0.6810442384948094,3.8545665434674863,302.0719572368421,320.3046875,152.05961523873964,5.390644199123544,298.5220081135903,12.678241996744438,2737.0730742973133,97.0315955842238,graphhopper,offline,ohare_filtered_vid_803_sr_10.0,bfbec4e4e85e4a21bbd441a5507f8e04,803,batches,30.0,50.0,1.0,1.0,1.0,0.0,1.0,0.0,17,0,0,17,1128.1561351487449,0.0,0.0,803,bfbec4e4e85e4a21bbd441a5507f8e04,ohare_filtered_vid_803_sr_10.0,graphhopper,offline,batches,30.0,50.0,graphhopper,offline,1768190487.3764713,1768190487.3764713,1,27,0.0,,8822.756849003781,8822.756849003781,8822.756849003781,8822.756849003781,8822.756849003781,8822.756849003781,,,,,,,27.0,328.0703125,10.0
12.0,0.0007384953505355,0.0011074704257475,0.008758199744494,4.61484375,5.9609375,488.5587996912428,767.6688827444755,755.8782432432432,1193.9158599508598,6351.264395986157,9979.695475678182,osrm,offline,ohare_filtered_vid_803_sr_10.0,6c9981ce1a4c4f419bb83167224be038,803,batches,5.0,,0.95629930039932,0.9319805925113056,0.943983349026202,0.056016650973798,0.8939095308352522,0.110608797536343,15,1,2,17,1128.1561351487449,48.047481674497845,76.73651186755299,803,6c9981ce1a4c4f419bb83167224be038,ohare_filtered_vid_803_sr_10.0,osrm,offline,batches,5.0,,osrm,offline,1768190489.6579745,1768190497.0359502,6,27,7.377975702285767,3.659540379298775,1453.4389971668134,1676.463606498146,1676.7814389950217,1677.5531195035,1677.7537911057152,1677.803959006269,1475.5951404571533,1676.8584251403809,1676.9120693206787,1677.7480602264404,1677.9152584075928,1677.9570579528809,4.5,328.0703125,20.0
12.0,0.0006935751097668,0.0011480526530058,0.0080350574369632,3.801041666666667,5.06640625,383.7387367421929,619.8401644031962,594.5055095671055,1003.2005563848556,4988.603577648508,8057.922137241551,osrm,offline,ohare_filtered_vid_803_sr_10.0,8f15ea98a4514328966c021c703bc14a,803,batches,10.0,,0.95629930039932,0.9319805925113056,0.943983349026202,0.056016650973798,0.8939095308352522,0.110608797536343,15,1,2,17,1128.1561351487449,48.047481674497845,76.73651186755299,803,8f15ea98a4514328966c021c703bc14a,ohare_filtered_vid_803_sr_10.0,osrm,offline,batches,10.0,,osrm,offline,1768190500.9342425,1768190506.6324155,3,27,5.6981730461120605,4.7383608362723315,2905.184866334215,3017.609260001336,3184.5208430022467,3318.050109402975,3344.7559626831207,3351.432426003157,2849.0865230560303,2849.0865230560303,3100.319504737854,3301.305890083313,3341.503167152405,3351.5524864196777,9.0,328.0703125,10.0
12.0,0.0005772713579884,0.0010571596153846,0.0064473680384652,2.141741071428572,2.1953125,201.0010726317943,7.418302881388291,309.8094013237064,12.241454545454546,2613.013944213326,96.43793745804778,osrm,offline,ohare_filtered_vid_803_sr_10.0,8aafcf9acb4b40c79dc33a13161c9ad2,803,batches,30.0,,0.95629930039932,0.9319805925113056,0.943983349026202,0.056016650973798,0.8939095308352522,0.110608797536343,15,1,2,17,1128.1561351487449,48.047481674497845,76.73651186755299,803,8aafcf9acb4b40c79dc33a13161c9ad2,ohare_filtered_vid_803_sr_10.0,osrm,offline,batches,30.0,,osrm,offline,1768190516.2446442,1768190516.2446442,1,27,0.0,,8710.41163100017,8710.41163100017,8710.41163100017,8710.41163100017,8710.41163100017,8710.41163100017,,,,,,,27.0,328.0703125,10.0
19.0,1.2744313356321118,2.799298934911242,23.993459941250705,1453.8630859375,1503.59765625,111.85874562880278,3.364126040722892,306.5857937526744,14.950475367329297,2237.174912576056,67.28252081445784,graphium,online,ohare_filtered_vid_803_sr_20.0,ef567f453e4944ada3ffbebd13b815dd,803,native,5.0,,1.0,1.0,1.0,0.0,1.0,0.0,17,0,0,17,1128.1561351487449,0.0,0.0,803,ef567f453e4944ada3ffbebd13b815dd,ohare_filtered_vid_803_sr_20.0,graphium,online,native,5.0,,graphium,online,1768190536.1253169,1768190536.1253169,1,14,0.0,,8932.035400997847,8932.035400997847,8932.035400997847,8932.035400997847,8932.035400997847,8932.035400997847,,,,,,,14.0,330.71875,0.0
18.0,1.2072245760639753,2.5777841095249245,21.529874170094036,1455.6846217105262,1491.796875,109.3358250011899,2.890297223097823,298.3583654092892,10.77752117013087,2077.380675022608,54.91564723885864,graphium,online,ohare_filtered_vid_803_sr_20.0,254ac087b3eb42bcbb7fad4855711a21,803,native,10.0,,1.0,1.0,1.0,0.0,1.0,0.0,17,0,0,17,1128.1561351487449,0.0,0.0,803,254ac087b3eb42bcbb7fad4855711a21,ohare_filtered_vid_803_sr_20.0,graphium,online,native,10.0,,graphium,online,1768190556.465488,1768190556.465488,1,14,0.0,,8933.72771700524,8933.72771700524,8933.72771700524,8933.72771700524,8933.72771700524,8933.72771700524,,,,,,,14.0,330.71875,10.000000000007276
19.0,1.245797284510506,2.907296669534226,23.607703114012164,1453.44921875,1503.7578125,104.7646132852296,2.7761894721946474,284.9191370412844,10.5,2095.292265704592,55.52378944389295,graphium,online,ohare_filtered_vid_803_sr_20.0,f1ab6b9f5d924631bceeda7f12248f43,803,native,30.0,,1.0,1.0,1.0,0.0,1.0,0.0,17,0,0,17,1128.1561351487449,0.0,0.0,803,f1ab6b9f5d924631bceeda7f12248f43,ohare_filtered_vid_803_sr_20.0,graphium,online,native,30.0,,graphium,online,1768190576.7848854,1768190576.7848854,1,14,0.0,,8921.742419996008,8921.742419996008,8921.742419996008,8921.742419996008,8921.742419996008,8921.742419996008,,,,,,,14.0,330.71875,10.0
11.0,0.1606812227349775,0.2469042951082504,1.7620021228197305,110.62890625,162.59375,7891.487243106986,10096.53973011876,14144.079807692306,16644.428526341348,94697.84691728384,121158.4767614251,barefoot,online,ohare_filtered_vid_803_sr_20.0,2656852e8d5b469a80ccb9878b78e002,803,native,,,1.0,1.0,1.0,0.0,1.0,0.0,17,0,0,17,1128.1561351487449,0.0,0.0,803,2656852e8d5b469a80ccb9878b78e002,ohare_filtered_vid_803_sr_20.0,barefoot,online,native,,,barefoot,online,1768190578.6586845,1768190587.345421,14,14,8.686736583709717,1.6116524157362242,621.4501695716796,667.1322725014761,671.0430895000172,674.6953605979797,675.4796225184691,675.6756879985915,668.210506439209,667.4485206604004,671.6551780700684,674.9968528747559,675.7172584533691,675.8973598480225,1.0,330.875,30.000000000003638
17.0,0.2506213597505102,0.7299681769784175,4.008862507717264,298.1291015625,343.03515625,341.9150364727923,140.09986052515532,527.2958538363404,319.725,6154.470656510261,2521.797489452796,graphhopper,offline,ohare_filtered_vid_803_sr_20.0,d9a1261296b1464daf3269b43ff2e25e,803,batches,5.0,50.0,1.0,0.7622869380436421,0.8651110345173136,0.1348889654826863,0.7622869380436421,0.2377130619563579,12,0,5,17,1128.1561351487449,0.0,268.17744925105893,803,d9a1261296b1464daf3269b43ff2e25e,ohare_filtered_vid_803_sr_20.0,graphhopper,offline,batches,5.0,50.0,graphhopper,offline,1768190606.0703523,1768190612.101652,3,14,6.031299591064453,2.3212244373901454,2932.0097036713073,2765.009706003184,3061.548623503768,3298.779757504235,3346.2259843043284,3358.087541004352,3015.649914741516,3015.649914741516,3186.942756175995,3323.977029323578,3351.3838839530945,3358.2355976104736,4.666666666666667,330.875,20.0
17.0,0.2693195239561975,0.8398467521505377,4.250880963409882,316.9275390625,362.3671875,285.3593529967419,76.36565727945083,395.7146326276463,194.48333333333332,5136.4683539413545,1374.581831030115,graphhopper,offline,ohare_filtered_vid_803_sr_20.0,3b797cec6ac945de9d4a7528c4c0c001,803,batches,10.0,50.0,1.0,0.8150052501364569,0.8980748128141036,0.1019251871858963,0.8150052501364569,0.184994749863543,13,0,4,17,1128.1561351487449,0.0,208.7029620288636,803,3b797cec6ac945de9d4a7528c4c0c001,ohare_filtered_vid_803_sr_20.0,graphhopper,offline,batches,10.0,50.0,graphhopper,offline,1768190624.172752,1768190626.8459496,2,14,2.6731977462768555,5.237173351465956,4394.987190997199,4394.987190997199,5255.962046498098,5944.741930898817,6082.497907778961,6116.936901998997,2673.1977462768555,2673.1977462768555,2673.1977462768555,2673.1977462768555,2673.1977462768555,2673.1977462768555,7.0,330.875,10.0
17.0,0.232674434546943,0.5952888821543407,3.592850939690634,322.1197265625,367.16015625,146.65427366686794,5.317767738365248,301.1667518028847,14.292220520673812,2639.776926003623,95.71981929057446,graphhopper,offline,ohare_filtered_vid_803_sr_20.0,b8e65825429e4637a86ae05cd2d9e57a,803,batches,30.0,50.0,1.0,1.0,1.0,0.0,1.0,0.0,17,0,0,17,1128.1561351487449,0.0,0.0,803,b8e65825429e4637a86ae05cd2d9e57a,ohare_filtered_vid_803_sr_20.0,graphhopper,offline,batches,30.0,50.0,graphhopper,offline,1768190641.556583,1768190641.556583,1,14,0.0,,8792.976801996701,8792.976801996701,8792.976801996701,8792.976801996701,8792.976801996701,8792.976801996701,,,,,,,14.0,330.875,10.0
12.0,0.0006690142052976,0.0011272516574585,0.0078518516452629,3.3091145833333333,4.20703125,329.5874695912878,380.79865201688784,485.6620910623946,668.0428736964079,4284.637104686742,4950.382476219542,osrm,offline,ohare_filtered_vid_803_sr_20.0,dda98075ea2b4958a7aefd8ea1339711,803,batches,5.0,,1.0,0.7343137557329532,0.8468061252534073,0.1531938747465927,0.7343137557329532,0.2656862442670468,10,0,7,17,1128.1561351487449,0.0,299.7355664944969,803,dda98075ea2b4958a7aefd8ea1339711,ohare_filtered_vid_803_sr_20.0,osrm,offline,batches,5.0,,osrm,offline,1768190645.1770537,1768190651.1938157,3,14,6.016762018203735,2.3268329306764914,2897.5155433339146,2676.0588320030365,3009.9262860021554,3277.0202492014505,3330.4390418413095,3343.7937400012743,3008.3810091018677,3008.3810091018677,3176.1606335639954,3310.3843331336975,3337.229073047638,3343.940258026123,4.666666666666667,330.875,20.00000000000364
12.0,0.0005774267735624,0.001037725,0.0064688230563119,2.8640625,3.63671875,298.2723571222375,346.0212103328234,444.6829335161069,603.475,3877.540642589088,4498.275734326704,osrm,offline,ohare_filtered_vid_803_sr_20.0,bd793251d781412981d0473aa85a5457,803,batches,10.0,,1.0,0.7343137557329532,0.8468061252534073,0.1531938747465927,0.7343137557329532,0.2656862442670468,10,0,7,17,1128.1561351487449,0.0,299.7355664944969,803,bd793251d781412981d0473aa85a5457,ohare_filtered_vid_803_sr_20.0,osrm,offline,batches,10.0,,osrm,offline,1768190658.1418102,1768190660.815045,2,14,2.6732349395751953,5.237100485535605,4344.995171501068,4344.995171501068,5180.955538751732,5849.723832552263,5983.477491312369,6016.915906002396,2673.2349395751958,2673.2349395751958,2673.2349395751958,2673.2349395751958,2673.2349395751958,2673.2349395751958,7.0,330.875,0.0
12.0,0.0004843256600091,0.0009605110949963,0.0053357224851221,2.158482142857143,2.21875,195.4182787213946,7.354453682882468,282.1281141868512,11.776436303080766,2540.43762337813,95.60789787747208,osrm,offline,ohare_filtered_vid_803_sr_20.0,598a43f71b154ad188ae6d2d3e391d00,803,batches,30.0,,1.0,0.8646552503289415,0.9274156712629948,0.0725843287370051,0.8646552503289416,0.1353447496710585,13,0,4,17,1128.1561351487449,0.0,152.69000970157572,803,598a43f71b154ad188ae6d2d3e391d00,ohare_filtered_vid_803_sr_20.0,osrm,offline,batches,30.0,,osrm,offline,1768190670.4277668,1768190670.4277668,1,14,0.0,,8691.466856995248,8691.466856995248,8691.466856995248,8691.466856995248,8691.466856995248,8691.466856995248,,,,,,,14.0,330.875,0.0
19.0,1.3445542552870309,2.855472969606378,25.61886942900191,1445.6048828125,1486.796875,1540.4682600144893,1602.957309994854,3578.0533799220534,3869.490983319725,30809.365200289783,32059.14619989708,graphium,online,ohare_filtered_vid_1077_sr_1.0,d0f3ce116e5f4be4901491a8d082c00e,1077,native,10.0,,0.9820304507955584,0.8445277925766154,0.9081035459589286,0.0918964540410713,0.8316755151993291,0.1709256831388576,24,1,5,29,1787.3452705725713,27.62069673395864,277.8825146436644,1077,d0f3ce116e5f4be4901491a8d082c00e,ohare_filtered_vid_1077_sr_1.0,graphium,online,native,10.0,,graphium,online,1768190737.3726473,1768190745.475679,24,257,8.103031635284424,31.71652432910427,385.6441669998579,351.38710499813897,354.91941250256787,404.6217311493819,983.87663682799,1155.5139249976492,352.3057232732358,351.362943649292,354.9637794494629,378.2944917678833,402.6107597351075,409.4276428222656,10.708333333333334,332.18359375,80.00000000000364
19.0,1.2959298380259352,2.8014042605895466,24.60803614482917,1449.3931640625,1493.90625,1357.31453981415,1157.3463396468346,3146.688624867663,2956.1497000352897,27146.290796283,23146.92679293669,graphium,online,ohare_filtered_vid_1077_sr_1.0,fdb4ad83523b497cabc9b48ec7d30988,1077,native,30.0,,1.0,1.0,1.0,0.0,1.0,0.0,29,0,0,29,1787.3452705725713,0.0,0.0,1077,fdb4ad83523b497cabc9b48ec7d30988,ohare_filtered_vid_1077_sr_1.0,graphium,online,native,30.0,,graphium,online,1768190757.968964,1768190766.0633943,9,257,8.094430208206177,31.75022742668805,1023.9864026653878,1054.946710995864,1095.112214999972,1130.6839999975637,1134.9692591978237,1136.0405739978887,1011.8037760257721,1050.868272781372,1090.7779932022095,1121.894359588623,1133.3592414855957,1136.2254619598389,28.555555555555557,332.33984375,70.0
13.0,0.4623753557849784,0.6924742424964937,6.140598407371159,234.48567708333331,292.47265625,17911.80283634946,818017.8796556601,27339.23375409069,1531682.846027684,250765.2397088924,11452250.315179242,barefoot,online,ohare_filtered_vid_1077_sr_1.0,e2e23d28016d4229876932f78354de66,1077,native,,,0.957796215432579,1.0,0.9784432188423166,0.0215567811576834,0.957796215432579,0.0440634279895959,29,5,0,29,1787.3452705725713,78.75655962241939,0.0,1077,e2e23d28016d4229876932f78354de66,ohare_filtered_vid_1077_sr_1.0,barefoot,online,native,,,barefoot,online,1768190767.977115,1768190776.8515458,257,257,8.874430894851685,28.959603499655756,34.47674596887163,34.55587299686158,35.67765199841233,37.29960820201086,38.88249416020699,40.36561799875926,34.66574568301439,34.688472747802734,35.82274913787842,37.44131326675415,39.03257846832275,40.52925109863281,1.0,332.96484375,610.0
17.0,0.3295037037113815,0.6257442436554133,5.328614645218965,334.7693359375,390.79296875,4595.30744528258,2724.6618342563656,9964.316146341464,6007.19443902439,82715.53401508645,49043.91301661458,graphhopper,offline,ohare_filtered_vid_1077_sr_1.0,769daacf56594c6a95e33020ea29f0ba,1077,batches,5.0,50.0,0.8328839088404881,0.9918507646133428,0.9054429159873028,0.0945570840126971,0.8272231108019574,0.207161631996063,28,10,1,29,1787.3452705725713,355.70386586513405,14.5654973271248,1077,769daacf56594c6a95e33020ea29f0ba,ohare_filtered_vid_1077_sr_1.0,graphhopper,offline,batches,5.0,50.0,graphhopper,offline,1768190793.1089704,1768190802.235624,52,257,9.126653671264648,28.159280417220916,180.0963353268274,180.18890799794463,182.15544624581526,185.95286885065434,216.1560232723424,245.91927800065605,178.95399355420878,180.3133487701416,182.2962760925293,185.02557277679443,187.42847442626953,187.7615451812744,4.9423076923076925,332.96484375,210.0
17.0,0.3448644061998095,0.8374275020974707,5.622835017395461,343.930078125,423.5,3399.8247671898425,1373.627163866484,7170.425185838478,2931.644815421444,61196.845809417166,24725.28894959671,graphhopper,offline,ohare_filtered_vid_1077_sr_1.0,83c9bd6a29be48c3a0c36ecc047598a5,1077,batches,10.0,50.0,0.8609040609099056,1.0,0.9252535678695428,0.0747464321304572,0.8609040609099056,0.1615696166458795,29,7,0,29,1787.3452705725713,288.78069018023626,0.0,1077,83c9bd6a29be48c3a0c36ecc047598a5,ohare_filtered_vid_1077_sr_1.0,graphhopper,offline,batches,10.0,50.0,graphhopper,offline,1768190808.6230357,1768190817.3932433,26,257,8.770207643508911,29.303753166005514,353.5211521918357,354.06000899820356,355.80022074827866,362.6708307474473,409.800229501343,425.0050960035878,350.80830574035645,354.1412353515625,355.38220405578613,358.2237720489502,362.9223918914795,364.3791675567627,9.884615384615385,332.96484375,150.00000000000364
17.0,0.3103792830145694,0.7643206967817436,5.06473471813586,336.098828125,395.13671875,2649.7110531712624,498.7857220025041,5606.544754491018,1079.395808383233,47694.79895708273,8978.142996045073,graphhopper,offline,ohare_filtered_vid_1077_sr_1.0,d1f2649305db4fffb3295c091dd41959,1077,batches,30.0,50.0,0.8347873885917609,0.9918507646133428,0.9065665339481648,0.0934334660518353,0.829100774847866,0.2044462293140121,28,10,1,29,1787.3452705725713,350.8505037236702,14.5654973271248,1077,d1f2649305db4fffb3295c091dd41959,ohare_filtered_vid_1077_sr_1.0,graphhopper,offline,batches,30.0,50.0,graphhopper,offline,1768190824.4740224,1768190832.42527,9,257,7.951247692108154,32.32197133728836,1007.529494114149,1049.8034650008776,1052.3708710024948,1093.2103896018816,1112.8179083223222,1117.7197880024323,993.9059615135193,1049.168825149536,1050.95773935318,1055.202054977417,1056.3561534881592,1056.6446781158447,28.555555555555557,332.96484375,140.0
12.0,0.0037937824160225,0.0055487285697848,0.0471269114745188,12.85625,17.703125,3654.722648788016,6611.676290492384,5911.090043644299,10687.090616475723,47511.39443424421,85951.79177640099,osrm,offline,ohare_filtered_vid_1077_sr_1.0,14bd2ff8348142afaa91db90937d3816,1077,batches,5.0,,0.8729194033095546,0.9948612203943328,0.9299097033786504,0.0700902966213496,0.8690011546826483,0.1499718043185602,28,4,1,29,1787.3452705725713,258.8666217433095,9.184773424704307,1077,14bd2ff8348142afaa91db90937d3816,ohare_filtered_vid_1077_sr_1.0,osrm,offline,batches,5.0,,osrm,offline,1768190833.5109937,1768190842.3170185,52,257,8.80602478981018,29.184564674106465,171.9265498850291,174.54295899733552,174.86251749505755,175.24851439957274,175.50375234401145,175.53576300269924,172.6671574162502,174.6816635131836,175.03273487091064,175.47667026519775,175.6875514984131,175.71759223937988,4.9423076923076925,332.96484375,149.99999999999636
13.0,0.0024014034779487,0.0037835422469823,0.0325416168139587,13.398697916666666,18.80078125,2073.6284494632414,4152.277193116453,3408.6799999999994,6839.43,29030.798292485382,58131.88070363035,osrm,offline,ohare_filtered_vid_1077_sr_1.0,04682a65fe8540099bd895fb53ca535a,1077,batches,10.0,,0.8676525090682771,0.9948612203943328,0.9269127205831956,0.0730872794168042,0.8637812956714477,0.1568900682475359,28,5,1,29,1787.3452705725713,271.2319480573371,9.184773424704307,1077,04682a65fe8540099bd895fb53ca535a,ohare_filtered_vid_1077_sr_1.0,osrm,offline,batches,10.0,,osrm,offline,1768190843.5273664,1768190852.113941,26,257,8.58657455444336,29.930445298120457,342.127210038038,347.25670400075614,347.8878847527085,348.23208599482314,348.53966249465884,348.63748999487143,343.4629821777344,347.50890731811523,348.04344177246094,348.4112739562989,348.7196159362793,348.8130569458008,9.884615384615385,332.96484375,99.99999999999272
12.0,0.0016490229649215,0.0023146794487717,0.0199586441465859,9.548958333333331,13.80078125,1304.7479922410846,3034.017101098877,1975.5022887956864,4592.743199520671,16961.7238991341,39442.222314285405,osrm,offline,ohare_filtered_vid_1077_sr_1.0,5b4f3151aaf24c21a54c1d1511f3f36d,1077,batches,30.0,,0.8936804557627087,0.9948612203943328,0.9415604009034532,0.0584395990965467,0.8895740500517383,0.1234956160449393,28,3,1,29,1787.3452705725713,211.5445318496641,9.184773424704307,1077,5b4f3151aaf24c21a54c1d1511f3f36d,ohare_filtered_vid_1077_sr_1.0,osrm,offline,batches,30.0,,osrm,offline,1768190854.049796,1768190861.8911283,9,257,7.841332197189331,32.77504300763074,982.6119391105344,1035.730210998736,1035.9782969972002,1036.46067379741,1036.592773955781,1036.6257989953738,980.1665544509888,1035.9399318695068,1036.1451506614685,1036.5926861763,1036.7094445228577,1036.738634109497,28.555555555555557,332.96484375,49.99999999999636
19.0,1.3383435832631516,2.651727389023922,25.390013901970534,1447.4494140625,1475.44140625,548.5923045850197,922.4857457963724,1369.874685636272,2467.3833333333337,10971.846091700394,18449.71491592745,graphium,online,ohare_filtered_vid_1077_sr_5.0,a86e6def22254e2aa3a05b7b797f0b9e,1077,native,5.0,,1.0,0.9588798891863672,0.9790083552132886,0.0209916447867114,0.9588798891863672,0.0411201108136328,26,0,3,29,1787.3452705725713,0.0,73.49583558816666,1077,a86e6def22254e2aa3a05b7b797f0b9e,ohare_filtered_vid_1077_sr_5.0,graphium,online,native,5.0,,graphium,online,1768190877.9668567,1768190881.7935956,7,52,3.8267388343811035,13.58859390476537,1277.2419428583817,844.7427790015354,884.182989000692,3851.033737598479,4862.1326075181405,5114.907324998057,637.789805730184,844.5454835891724,861.1289858818054,893.2435512542723,900.3676891326903,902.1487236022948,7.428571428571429,332.01953125,20.0
19.0,1.2727082200788746,2.529019640227704,24.206676868832773,1450.3443359375,1488.83203125,338.173835178112,639.5116351640075,673.0863200114597,1774.5,6763.476703562239,12790.232703280151,graphium,online,ohare_filtered_vid_1077_sr_5.0,9bf5413b28a0406f85caf4c4795e96d2,1077,native,10.0,,1.0,0.9006928070617752,0.9477521077739328,0.0522478922260671,0.9006928070617753,0.0993071929382247,24,0,5,29,1787.3452705725713,0.0,177.49624163197376,1077,9bf5413b28a0406f85caf4c4795e96d2,ohare_filtered_vid_1077_sr_5.0,graphium,online,native,10.0,,graphium,online,1768190898.2935302,1768190902.0611403,5,52,3.7676100730895996,13.801852896459055,1775.7892683977843,1681.6817439976148,1694.7651180016692,4428.513013197516,4975.262592236686,5111.949986996478,941.9025182723999,950.366735458374,1685.1035356521606,1692.9327249526978,1694.4985628128052,1694.890022277832,10.4,332.01953125,29.999999999996362
19.0,1.2486094771570198,2.6499987559375704,23.72685065690699,1445.631640625,1482.9140625,297.5730265693349,505.95729220587583,548.1117689530686,1369.35,5951.460531386698,10119.145844117516,graphium,online,ohare_filtered_vid_1077_sr_5.0,a349def7df6645b0bc822aa5bf435bf3,1077,native,30.0,,1.0,1.0,1.0,0.0,1.0,0.0,29,0,0,29,1787.3452705725713,0.0,0.0,1077,a349def7df6645b0bc822aa5bf435bf3,ohare_filtered_vid_1077_sr_5.0,graphium,online,native,30.0,,graphium,online,1768190918.541002,1768190922.2632642,2,52,3.722262144088745,13.969999421609847,4409.222918500745,4409.222918500745,4752.769870750853,5027.60743255094,5082.574944910957,5096.316823000961,3722.262144088745,3722.262144088745,3722.262144088745,3722.262144088745,3722.262144088745,3722.262144088745,26.0,332.01953125,20.0
13.0,0.2020110171925644,0.3045661093289689,2.676287866075329,179.684375,229.10546875,9555.480961372905,48121.18818127928,18454.422006745364,93505.90219224284,133776.73345922068,673696.6345379099,barefoot,online,ohare_filtered_vid_1077_sr_5.0,dd7b45621fd44f3183edead0bc6f2e33,1077,native,,,0.987616165628628,1.0,0.9937695040996736,0.0062304959003265,0.987616165628628,0.0125391167159455,29,1,0,29,1787.3452705725713,22.41173095940276,0.0,1077,dd7b45621fd44f3183edead0bc6f2e33,ohare_filtered_vid_1077_sr_5.0,barefoot,online,native,,,barefoot,online,1768190924.1808662,1768190932.7452466,52,52,8.564380407333374,6.071659305963832,164.97838144221953,167.78210099801072,168.7874634972104,171.92779740289552,172.93458683292556,173.65310900640907,167.92902759477204,168.02978515625,168.94614696502686,172.1198558807373,173.07674884796143,173.7802028656006,1.0,332.17578125,90.0
18.0,0.3091561318905012,0.6171701369685767,5.256796368950945,355.953125,409.19140625,980.1838415605108,535.5592158540768,1868.889226047505,1151.525,18623.492989649705,10175.62510122746,graphhopper,offline,ohare_filtered_vid_1077_sr_5.0,8457cb27e79f44daadf3d4b1644fdf52,1077,batches,5.0,50.0,0.9180228261278592,0.811462092576235,0.8614596351388216,0.1385403648611783,0.7566351283855088,0.2609994706447521,23,6,6,29,1787.3452705725713,129.51383232132662,336.9823371575157,1077,8457cb27e79f44daadf3d4b1644fdf52,ohare_filtered_vid_1077_sr_5.0,graphhopper,offline,batches,5.0,50.0,graphhopper,offline,1768190949.5194345,1768190957.5017052,11,52,7.98227071762085,6.514437036720652,797.0257290011928,847.3697340014041,849.6793100021023,855.575506499008,856.4167932978307,856.6271149975364,798.227071762085,848.2654094696045,849.8846888542175,855.8804035186768,856.648759841919,856.8408489227295,4.7272727272727275,332.17578125,40.0
17.0,0.2878836477012516,0.6803398496434448,4.723481826532567,314.2216796875,380.09375,744.1884133304435,271.8902149308617,1490.318382861092,604.73,13395.391439947984,4894.02386875551,graphhopper,offline,ohare_filtered_vid_1077_sr_5.0,c2d0a6de4d0348418132833de5021a5b,1077,batches,10.0,50.0,0.9547435936545666,0.851244724088789,0.900028465268859,0.0999715347311409,0.8182288694305597,0.1891056667269331,25,4,4,29,1787.3452705725713,72.12008019023567,265.8770388726211,1077,c2d0a6de4d0348418132833de5021a5b,ohare_filtered_vid_1077_sr_5.0,graphhopper,offline,batches,10.0,50.0,graphhopper,offline,1768190965.0757885,1768190972.1808028,6,52,7.105014324188232,7.318774829625856,1455.4531761690062,1688.8180275018385,1691.5721512541495,1697.2723654980655,1698.7754802961717,1699.1512589956983,1421.0029125213623,1691.5597915649414,1691.83349609375,1697.7956771850584,1698.98811340332,1699.2862224578855,8.666666666666666,332.17578125,29.999999999996362
17.0,0.2824663431614471,0.6722606094678646,4.412133567438184,329.08984375,383.66796875,506.888628037527,82.59895931639994,916.0655639097744,185.96666666666667,9123.995304675484,1486.781267695199,graphhopper,offline,ohare_filtered_vid_1077_sr_5.0,15c977f1a175476aa5372486cb821233,1077,batches,30.0,50.0,0.9931292695973348,1.0,0.9965527923815732,0.0034472076184267,0.9931292695973348,0.0069182639289757,29,1,0,29,1787.3452705725713,12.365326314027568,0.0,1077,15c977f1a175476aa5372486cb821233,ohare_filtered_vid_1077_sr_5.0,graphhopper,offline,batches,30.0,50.0,graphhopper,offline,1768190983.1192982,1768190986.830947,2,52,3.71164870262146,14.009946567215126,4355.8129894991,4355.8129894991,4677.997850247266,4935.745738845799,4987.295316565505,5000.182710995432,3711.64870262146,3711.64870262146,3711.64870262146,3711.64870262146,3711.64870262146,3711.64870262146,26.0,332.17578125,30.0
12.0,0.0012493656122184,0.0019803596127247,0.0149692729281182,6.075055803571429,7.546875,813.8404186349151,1348.0374479364605,1296.382213001383,2166.75142461964,10579.925442253896,17524.486823173986,osrm,offline,ohare_filtered_vid_1077_sr_5.0,0fd2da2040d54a40bf4438e43cbafd9e,1077,batches,5.0,,0.9682052908587296,0.8524240928429051,0.906633194140744,0.0933668058592559,0.8292122911379576,0.1755684995885134,21,2,8,29,1787.3452705725713,50.0324276933614,263.7690997076905,1077,0fd2da2040d54a40bf4438e43cbafd9e,ohare_filtered_vid_1077_sr_5.0,osrm,offline,batches,5.0,,osrm,offline,1768190988.4513216,1768190996.3539145,11,52,7.902592897415161,6.580118788228171,779.613332726347,840.5697790003615,840.7094164977025,841.1568660012563,841.275620397937,841.3053089971072,790.2592658996582,840.7038450241089,840.8461213111877,841.2851572036743,841.396222114563,841.4239883422852,4.7272727272727275,332.17578125,29.999999999996362
12.0,0.000952009997402,0.00138785414651,0.0113256194805751,5.038541666666666,6.796875,568.0090772360948,1038.3883915755005,863.7742501727712,1562.673821700069,7384.118004069232,13499.049090481509,osrm,offline,ohare_filtered_vid_1077_sr_5.0,4c23d50e1bfb4ff79174be44bd8d619e,1077,batches,10.0,,0.9855032947328004,0.8524240928429051,0.9141457466547476,0.0858542533452523,0.8418678140629715,0.1601150238730404,21,1,8,29,1787.3452705725713,22.41173095940276,263.7690997076905,1077,4c23d50e1bfb4ff79174be44bd8d619e,ohare_filtered_vid_1077_sr_5.0,osrm,offline,batches,10.0,,osrm,offline,1768190998.7669995,1768191005.8214128,6,52,7.054413318634033,7.371272089011778,1427.6989249992766,1679.2411690003064,1679.5339774980675,1679.6900237495722,1679.7209047501385,1679.72862500028,1410.8826160430908,1679.523229598999,1679.708480834961,1679.8694610595705,1679.9016571044924,1679.9097061157229,8.666666666666666,332.17578125,30.000000000003638
12.0,0.0006713287492329,0.0010125036585365,0.0079542955222062,3.282366071428572,4.18359375,371.88554341566544,605.3151941524674,562.4698708751793,1040.85,4834.512064403651,7869.097523982076,osrm,offline,ohare_filtered_vid_1077_sr_5.0,ac740e6e103b408fa8e16cacd211f124,1077,batches,30.0,,1.0,0.9662979265680844,0.982860138854574,0.0171398611454258,0.9662979265680844,0.0337020734319157,24,0,5,29,1787.3452705725713,0.0,60.23724155702407,1077,ac740e6e103b408fa8e16cacd211f124,ohare_filtered_vid_1077_sr_5.0,osrm,offline,batches,30.0,,osrm,offline,1768191011.5865223,1768191015.2800202,2,52,3.693497896194458,14.078795077581455,4280.536428501364,4280.536428501364,4574.127115749434,4808.99966554789,4855.974175507581,4867.717802997504,3693.497896194458,3693.497896194458,3693.497896194458,3693.497896194458,3693.497896194458,3693.497896194458,26.0,332.17578125,20.0
19.0,1.16258551199621,2.730263575819672,21.993005406481146,1446.65703125,1498.734375,103.99042639193284,3.1930885483934093,299.0037359900374,11.2,2079.8085278386566,63.86177096786818,graphium,online,ohare_filtered_vid_1077_sr_10.0,7d86a772a68b4ca39e6109ca24294415,1077,native,5.0,,1.0,1.0,1.0,0.0,1.0,0.0,29,0,0,29,1787.3452705725713,0.0,0.0,1077,7d86a772a68b4ca39e6109ca24294415,ohare_filtered_vid_1077_sr_10.0,graphium,online,native,5.0,,graphium,online,1768191035.3216305,1768191035.3216305,1,27,0.0,,9120.284932003417,9120.284932003417,9120.284932003417,9120.284932003417,9120.284932003417,9120.284932003417,,,,,,,27.0,328.4375,20.00000000000364
19.0,1.3171941254868391,2.8063677669302804,24.953330774224245,1459.9845703125,1506.2421875,116.41312265952396,3.117290715146128,307.2184080584633,12.658621370728817,2328.2624531904794,62.34581430292256,graphium,online,ohare_filtered_vid_1077_sr_10.0,d19fe5a9b539488090858c26a71880b0,1077,native,10.0,,1.0,1.0,1.0,0.0,1.0,0.0,29,0,0,29,1787.3452705725713,0.0,0.0,1077,d19fe5a9b539488090858c26a71880b0,ohare_filtered_vid_1077_sr_10.0,graphium,online,native,10.0,,graphium,online,1768191055.7957418,1768191055.7957418,1,27,0.0,,9078.17874000466,9078.17874000466,9078.17874000466,9078.17874000466,9078.17874000466,9078.17874000466,,,,,,,27.0,328.4375,10.0
19.0,1.2617666242567585,2.63548531701891,23.978302089025437,1451.0166015625,1493.875,109.47709178014064,2.9991843052879537,264.43569553805776,11.432021587587135,2189.541835602813,59.98368610575908,graphium,online,ohare_filtered_vid_1077_sr_10.0,3e3eae57de7d4741824ea2943246c664,1077,native,30.0,,1.0,1.0,1.0,0.0,1.0,0.0,29,0,0,29,1787.3452705725713,0.0,0.0,1077,3e3eae57de7d4741824ea2943246c664,ohare_filtered_vid_1077_sr_10.0,graphium,online,native,30.0,,graphium,online,1768191076.2780418,1768191076.2780418,1,27,0.0,,9085.596247001376,9085.596247001376,9085.596247001376,9085.596247001376,9085.596247001376,9085.596247001376,,,,,,,27.0,328.4375,10.0
12.0,0.1655639931710022,0.2569416796096558,1.982698432159378,138.30572916666668,186.078125,8375.616558134381,17993.427489045916,16564.514518674383,30632.7729253112,108883.01525574696,233914.55735759693,barefoot,online,ohare_filtered_vid_1077_sr_10.0,ce754eda645642eaaa99ee0358124149,1077,native,,,1.0,1.0,1.0,0.0,1.0,0.0,29,0,0,29,1787.3452705725713,0.0,0.0,1077,ce754eda645642eaaa99ee0358124149,ohare_filtered_vid_1077_sr_10.0,barefoot,online,native,,,barefoot,online,1768191078.1979678,1768191086.8890188,27,27,8.691051006317139,3.1066438317270144,322.61234399926184,334.3255309955566,335.75675900283386,337.6676443971519,338.2806572146365,338.4256859935704,334.2711925506592,334.56361293792725,336.06642484664917,337.87816762924194,338.4421467781067,338.5729789733887,1.0,328.4375,40.0
18.0,0.3100032486894116,0.7545373759133966,5.420336527805182,350.504296875,394.38671875,554.2301480791051,266.69119426435054,1045.6268958543983,629.5480283114257,10530.372813502998,5067.132691022661,graphhopper,offline,ohare_filtered_vid_1077_sr_10.0,39b2969275b541b996aadf9494035b7c,1077,batches,5.0,50.0,1.0,0.812473783674753,0.8965357634332004,0.1034642365667996,0.812473783674753,0.1875262163252469,23,0,6,29,1787.3452705725713,0.0,335.17409585729905,1077,39b2969275b541b996aadf9494035b7c,ohare_filtered_vid_1077_sr_10.0,graphhopper,offline,batches,5.0,50.0,graphhopper,offline,1768191104.305142,1768191111.7134297,6,27,7.408287763595581,3.644566850207728,1475.2233141662145,1682.592659497459,1683.5944212489267,1687.3199412511894,1688.2435674517183,1688.4744740018505,1481.6575050354004,1682.9688549041748,1683.9823722839355,1687.7467155456543,1688.499584197998,1688.687801361084,4.5,328.59375,30.0
18.0,0.2903853180005871,0.7052748878185208,5.0599393797986005,331.79140625,381.390625,484.0072118866592,160.79868375632358,833.2675352020002,339.21444926964074,9196.137025846523,3055.1749913701483,graphhopper,offline,ohare_filtered_vid_1077_sr_10.0,9499e2fac3d44d5e8ec514b89aabfb6d,1077,batches,10.0,50.0,1.0,0.9172082082186992,0.9568164837671838,0.0431835162328162,0.9172082082186992,0.0827917917813007,26,0,3,29,1787.3452705725713,0.0,147.97751748253702,1077,9499e2fac3d44d5e8ec514b89aabfb6d,ohare_filtered_vid_1077_sr_10.0,graphhopper,offline,batches,10.0,50.0,graphhopper,offline,1768191120.8028264,1768191126.5253494,3,27,5.722522974014282,4.718198620190042,2952.3281729998416,3134.791841999686,3249.3720819984446,3341.0362739974516,3359.369112397253,3363.9523219972034,2861.261487007141,2861.261487007141,3112.687647342682,3313.8285756111145,3354.056761264801,3364.1138076782227,9.0,328.59375,20.0
17.0,0.2337259024571908,0.6952181760984183,3.511848068131017,290.13984375,325.76953125,148.6065169566622,5.396487347979675,292.99658914728684,14.298260869565215,2674.91730521992,97.13677226363414,graphhopper,offline,ohare_filtered_vid_1077_sr_10.0,0d4e85c6673349d7a50243e1a5ea3b42,1077,batches,30.0,50.0,1.0,1.0,1.0,0.0,1.0,0.0,29,0,0,29,1787.3452705725713,0.0,0.0,1077,0d4e85c6673349d7a50243e1a5ea3b42,ohare_filtered_vid_1077_sr_10.0,graphhopper,offline,batches,30.0,50.0,graphhopper,offline,1768191141.3331144,1768191141.3331144,1,27,0.0,,8837.434660999861,8837.434660999861,8837.434660999861,8837.434660999861,8837.434660999861,8837.434660999861,,,,,,,27.0,328.59375,20.00000000000364
12.0,0.0008496663471849,0.0011670339356544,0.0099465388770407,4.47421875,6.20703125,559.4054513817664,836.9649072583827,891.3711944693382,1391.6789399564718,7272.270867962963,10880.543794358977,osrm,offline,ohare_filtered_vid_1077_sr_10.0,478d7aa84cfc413b81b8cb21e8a17c79,1077,batches,5.0,,1.0,0.7656038484618387,0.8672430671566769,0.1327569328433231,0.7656038484618387,0.2343961515381613,18,0,11,29,1787.3452705725713,0.0,418.9468528921445,1077,478d7aa84cfc413b81b8cb21e8a17c79,ohare_filtered_vid_1077_sr_10.0,osrm,offline,batches,5.0,,osrm,offline,1768191143.6279426,1768191151.004499,6,27,7.376556396484375,3.660244502823573,1453.1446625005628,1676.3178065011743,1676.5200202498818,1676.7829520031228,1676.835352803755,1676.8484530039132,1475.311279296875,1676.4309406280518,1676.6948699951172,1676.9052505493164,1676.9473266601562,1676.9578456878662,4.5,328.59375,20.0
13.0,0.0003435649936996,0.0005273214068394,0.0045549582520438,3.579427083333333,4.6484375,360.42882129982297,499.1247702633902,595.9905074844835,917.4676159182184,5046.003498197521,6987.746783687463,osrm,offline,ohare_filtered_vid_1077_sr_10.0,4bc9e211fdb942e8b6c447ac038187cd,1077,batches,10.0,,1.0,0.8609694712829772,0.9252913436451092,0.0747086563548908,0.8609694712829772,0.1390305287170228,20,0,9,29,1787.3452705725713,0.0,248.49555796757485,1077,4bc9e211fdb942e8b6c447ac038187cd,ohare_filtered_vid_1077_sr_10.0,osrm,offline,batches,10.0,,osrm,offline,1768191154.9209914,1768191160.6187346,3,27,5.69774317741394,4.73871832395482,2904.9414833328533,3017.3060769957374,3184.1773804990225,3317.674423301651,3344.3738318621768,3351.048684002308,2848.87158870697,2848.87158870697,3100.0190377235413,3300.936996936798,3341.1205887794495,3351.1664867401123,9.0,328.59375,20.0
12.0,0.0005557957014743,0.0009831255395683,0.0062819361736495,2.1556919642857144,2.20703125,207.1150113295892,7.803349676145417,311.12311320754714,13.989928057553955,2692.495147284659,101.44354578989042,osrm,offline,ohare_filtered_vid_1077_sr_10.0,31cba1690d1d4781812110a8b7aaa080,1077,batches,30.0,,1.0,0.9192791365239664,0.9579420929765182,0.0420579070234817,0.9192791365239666,0.0807208634760334,21,0,8,29,1787.3452705725713,0.0,144.27605357042256,1077,31cba1690d1d4781812110a8b7aaa080,ohare_filtered_vid_1077_sr_10.0,osrm,offline,batches,30.0,,osrm,offline,1768191170.2790062,1768191170.2790062,1,27,0.0,,8709.987843998533,8709.987843998533,8709.987843998533,8709.987843998533,8709.987843998533,8709.987843998533,,,,,,,27.0,328.59375,10.0
19.0,1.2255383727079718,2.4876734489659773,23.278872097119805,1452.169140625,1479.42578125,101.090005470849,3.1459155426302496,294.0281172584641,12.236416184971098,2021.80010941698,62.918310852605,graphium,online,ohare_filtered_vid_1077_sr_20.0,508dc93ea4d34eb0a954c8fabbebf3d2,1077,native,5.0,,1.0,1.0,1.0,0.0,1.0,0.0,29,0,0,29,1787.3452705725713,0.0,0.0,1077,508dc93ea4d34eb0a954c8fabbebf3d2,ohare_filtered_vid_1077_sr_20.0,graphium,online,native,5.0,,graphium,online,1768191190.215474,1768191190.215474,1,14,0.0,,8961.20267999504,8961.20267999504,8961.20267999504,8961.20267999504,8961.20267999504,8961.20267999504,,,,,,,14.0,328.67578125,0.0
19.0,1.203074132183466,2.779625867141839,22.66239323729989,1454.080078125,1489.046875,104.92316899776426,2.840728389811513,289.68250531848327,11.938343949044585,2098.4633799552853,56.81456779623026,graphium,online,ohare_filtered_vid_1077_sr_20.0,abc285a6c69145819d5df8299eda4e71,1077,native,10.0,,1.0,1.0,1.0,0.0,1.0,0.0,29,0,0,29,1787.3452705725713,0.0,0.0,1077,abc285a6c69145819d5df8299eda4e71,ohare_filtered_vid_1077_sr_20.0,graphium,online,native,10.0,,graphium,online,1768191210.5461938,1768191210.5461938,1,14,0.0,,8951.954982003372,8951.954982003372,8951.954982003372,8951.954982003372,8951.954982003372,8951.954982003372,,,,,,,14.0,328.67578125,0.0
19.0,1.2151274131257674,2.633128085907229,22.906425262586215,1443.251953125,1477.4375,104.54917884062768,2.9286530506000896,309.49252518687035,12.492841956059532,2090.9835768125536,58.573061012001794,graphium,online,ohare_filtered_vid_1077_sr_20.0,4875f45faf7a48dbbe3a06e833c354e1,1077,native,30.0,,1.0,1.0,1.0,0.0,1.0,0.0,29,0,0,29,1787.3452705725713,0.0,0.0,1077,4875f45faf7a48dbbe3a06e833c354e1,ohare_filtered_vid_1077_sr_20.0,graphium,online,native,30.0,,graphium,online,1768191230.8834124,1768191230.8834124,1,14,0.0,,8969.89709600166,8969.89709600166,8969.89709600166,8969.89709600166,8969.89709600166,8969.89709600166,,,,,,,14.0,328.67578125,9.999999999996362
12.0,0.1492923634268923,0.2242694948186528,1.797822418509332,117.76255580357144,166.328125,7732.092720147504,7450.777239385421,12440.679584585952,13981.01474833689,100517.20536191756,96860.10411201048,barefoot,online,ohare_filtered_vid_1077_sr_20.0,24cc99eddca6456ba3c8c7e7c43e3ddf,1077,native,,,1.0,1.0,1.0,0.0,1.0,0.0,29,0,0,29,1787.3452705725713,0.0,0.0,1077,24cc99eddca6456ba3c8c7e7c43e3ddf,ohare_filtered_vid_1077_sr_20.0,barefoot,online,native,,,barefoot,online,1768191232.7510262,1768191241.429245,14,14,8.678218841552734,1.6132342656497327,621.5337579290333,666.5785615005007,669.6327350000502,673.1999743518827,677.2221228694252,678.2276599988109,667.5552955040565,667.1755313873291,669.9185371398926,673.7217903137207,677.4371147155762,678.36594581604,1.0,328.67578125,20.000000000003638
18.0,0.2909537404125148,0.716307886746988,5.15304107729098,344.425,398.828125,356.18991667827004,146.87770427719389,573.2099241547756,328.6681523710806,6767.60841688713,2790.676381266684,graphhopper,offline,ohare_filtered_vid_1077_sr_20.0,c059582d172441378b8eaa3c8a845b85,1077,batches,5.0,50.0,1.0,0.4888698289343799,0.6566992216966018,0.3433007783033982,0.4888698289343799,0.5111301710656201,15,0,14,29,1787.3452705725713,0.0,913.5660939010852,1077,c059582d172441378b8eaa3c8a845b85,ohare_filtered_vid_1077_sr_20.0,graphhopper,offline,batches,5.0,50.0,graphhopper,offline,1768191260.1981685,1768191266.223511,3,14,6.0253424644470215,2.3235193821111473,2937.746571330839,2788.195774999622,3070.2273819988477,3295.8526675982284,3340.9777247181046,3352.2589889980736,3012.6713514328003,3012.6713514328003,3182.5485825538635,3318.450367450714,3345.6307244300842,3352.4258136749268,4.666666666666667,328.67578125,9.999999999996362
17.0,0.2735047488308934,0.676605600140351,4.24647987881573,314.0306640625,368.31640625,315.596439739448,85.00108647706048,455.4536745586424,199.85,5680.735915310064,1530.0195565870886,graphhopper,offline,ohare_filtered_vid_1077_sr_20.0,66743102c79041a6a7526d8517cf3f7b,1077,batches,10.0,50.0,1.0,0.6167278991176846,0.7629334527526351,0.2370665472473648,0.6167278991176846,0.3832721008823155,18,0,11,29,1787.3452705725713,0.0,685.03957685442,1077,66743102c79041a6a7526d8517cf3f7b,ohare_filtered_vid_1077_sr_20.0,graphhopper,offline,batches,10.0,50.0,graphhopper,offline,1768191278.3250165,1768191280.9985218,2,14,2.6735053062438965,5.236570867206956,4402.013028997317,4402.013028997317,5266.364379496736,5957.845459896271,6096.141675976178,6130.715729996155,2673.505544662476,2673.505544662476,2673.505544662476,2673.505544662476,2673.505544662476,2673.505544662476,7.0,328.67578125,9.999999999996362
17.0,0.2154949644894646,0.5319612519602107,3.3481881608103623,281.0912109375,313.40625,143.2156545659155,5.27575922824811,305.5836271583024,13.316383850204796,2577.881782186478,94.963666108466,graphhopper,offline,ohare_filtered_vid_1077_sr_20.0,4067a1358e914266bcb284c014df6285,1077,batches,30.0,50.0,1.0,1.0,1.0,0.0,1.0,0.0,29,0,0,29,1787.3452705725713,0.0,0.0,1077,4067a1358e914266bcb284c014df6285,ohare_filtered_vid_1077_sr_20.0,graphhopper,offline,batches,30.0,50.0,graphhopper,offline,1768191295.7551808,1768191295.7551808,1,14,0.0,,8814.328874999774,8814.328874999774,8814.328874999774,8814.328874999774,8814.328874999774,8814.328874999774,,,,,,,14.0,328.67578125,9.999999999996362
11.0,0.0008247180533487,0.0012454067613805,0.0087188546446067,3.6275111607142856,4.33203125,389.93276066086855,483.6995123264074,550.6586236612089,689.561319709467,4679.193127930423,5804.394147916889,osrm,offline,ohare_filtered_vid_1077_sr_20.0,0479fa42320b4ef6a26edf959dc10432,1077,batches,5.0,,1.0,0.3751291949315276,0.5455912016328133,0.4544087983671867,0.3751291949315277,0.6248708050684724,9,0,20,29,1787.3452705725713,0.0,1116.8598781580092,1077,0479fa42320b4ef6a26edf959dc10432,ohare_filtered_vid_1077_sr_20.0,osrm,offline,batches,5.0,,osrm,offline,1768191299.4137378,1768191305.4307373,3,14,6.0169994831085205,2.3267411006602376,2897.683533335415,2676.4020070040715,3010.134478499822,3277.120455696422,3330.517651135742,3343.866949995572,3008.4997415542603,3008.4997415542603,3176.2720942497253,3310.4899764060974,3337.333552837372,3344.0444469451904,4.666666666666667,328.67578125,10.0
12.0,0.0006737727758895,0.0014586085385878,0.0073004375479767,2.788802083333333,3.66796875,281.2567402178502,312.2859724707874,435.9951397494148,612.5999999999999,3656.3376228320526,4059.717642120236,osrm,offline,ohare_filtered_vid_1077_sr_20.0,d02ca82527eb4c81893dad5e8ba1680f,1077,batches,10.0,,1.0,0.495054047525421,0.6622557202461316,0.3377442797538684,0.495054047525421,0.5049459524745791,11,0,18,29,1787.3452705725713,0.0,902.5127600502012,1077,d02ca82527eb4c81893dad5e8ba1680f,ohare_filtered_vid_1077_sr_20.0,osrm,offline,batches,10.0,,osrm,offline,1768191312.3473885,1768191315.0206811,2,14,2.673292636871338,5.236987453937989,4345.013106500119,4345.013106500119,5180.956216749109,5849.710704948302,5983.4616025881405,6016.8993269981,2673.292636871338,2673.292636871338,2673.292636871338,2673.292636871338,2673.292636871338,2673.292636871338,7.0,328.67578125,0.0
13.0,0.0005072768186437,0.0010535854748603,0.0060482899861526,2.15234375,2.203125,184.11533773640343,7.034678142769363,287.02928870292885,13.810664605873264,2577.614728309648,98.48549399877108,osrm,offline,ohare_filtered_vid_1077_sr_20.0,f14e7f2663544826a7ca3590c3ba7ab1,1077,batches,30.0,,1.0,0.8465279848431371,0.9168861688441184,0.0831138311558816,0.8465279848431371,0.1534720151568628,17,0,12,29,1787.3452705725713,0.0,274.30748045586085,1077,f14e7f2663544826a7ca3590c3ba7ab1,ohare_filtered_vid_1077_sr_20.0,osrm,offline,batches,30.0,,osrm,offline,1768191324.5842838,1768191324.5842838,1,14,0.0,,8689.919703996566,8689.919703996566,8689.919703996566,8689.919703996566,8689.919703996566,8689.919703996566,,,,,,,14.0,328.67578125,10.0
15.0,1.5451972600623782,2.6976610716591347,23.36846713947657,1447.351318359375,1499.5078125,1822.6001641398807,2124.072156484747,3860.98603236246,4709.270265372169,29161.6026262381,33985.154503755955,graphium,online,ohare_filtered_vid_770_sr_1.0,9105b9f3a96b43fa9f3f6a8370734d55,770,native,5.0,,0.6316097563318416,0.942405740425616,0.7563237608551606,0.2436762391448393,0.6081355718231092,0.607258157051076,15,3,3,18,1126.5608449980466,619.229824806262,64.88343773315462,770,9105b9f3a96b43fa9f3f6a8370734d55,ohare_filtered_vid_770_sr_1.0,graphium,online,native,5.0,,graphium,online,1768191336.6627345,1768191340.7502725,29,141,4.087538003921509,34.49509212262423,179.67881241402839,177.88089799432782,178.3852480002679,206.20066559786204,871.7695521624399,1126.7832560042734,145.98349162510462,177.94859409332275,178.472638130188,188.63217830657956,209.5158553123474,216.1400318145752,4.862068965517241,331.3515625,60.00000000000364
15.0,1.6303364465467358,2.4681305274374004,24.71547907349926,1434.77978515625,1477.30078125,895.357027053,921.8892175137404,1892.8333333333333,2098.1333333333337,14325.712432848,14750.227480219846,graphium,online,ohare_filtered_vid_770_sr_1.0,bc93c6d51f434736b339859854c60d89,770,native,10.0,,1.0,0.942405740425616,0.970349006710738,0.029650993289262,0.942405740425616,0.0575942595743837,15,0,3,18,1126.5608449980466,0.0,64.88343773315462,770,bc93c6d51f434736b339859854c60d89,ohare_filtered_vid_770_sr_1.0,graphium,online,native,10.0,,graphium,online,1768191353.289688,1768191357.264877,13,141,3.975188970565796,35.47001187717906,395.0909140772777,352.34150199539727,354.56687999976566,709.887021005851,1072.2091794048895,1162.7897190046497,331.2657872835795,352.3508310317993,353.71434688568115,381.3355684280395,402.7563714981079,408.111572265625,10.846153846153847,331.3515625,39.99999999999636
15.0,1.5760158296589628,2.592504566130773,23.80541826207751,1449.66748046875,1479.83203125,879.1965789244005,854.9423810494059,1839.2833333333333,1905.1134434266544,14067.145262790407,13679.078096790494,graphium,online,ohare_filtered_vid_770_sr_1.0,7cd64f1f525a43d2960058e3a68b166e,770,native,30.0,,0.9999999999999998,0.9999999999999998,0.9999999999999998,2.220446049250313e-16,0.9999999999999996,0.0,18,0,0,18,1126.5608449980466,0.0,0.0,770,7cd64f1f525a43d2960058e3a68b166e,ohare_filtered_vid_770_sr_1.0,graphium,online,native,30.0,,graphium,online,1768191369.8218422,1768191373.7391317,5,141,3.9172894954681396,35.994276185898705,1017.3912496000412,1048.3826659983606,1093.0223499963176,1154.883338000218,1167.255535600998,1170.348585001193,979.3223738670349,1047.0924377441406,1059.7086548805237,1086.5142941474915,1091.875422000885,1093.2157039642334,28.2,331.3515625,40.00000000000364
8.0,0.4827024508173608,0.5459238752306023,3.9653474671362,208.189453125,240.03125,18554.293452628663,286193.5483655185,20594.828855721396,391889.7492042871,166988.64107365796,2575741.9352896665,barefoot,online,ohare_filtered_vid_770_sr_1.0,10e2d67c45b341bb86b894b7bbd44844,770,native,,,0.9999999999999998,0.9999999999999998,0.9999999999999998,2.220446049250313e-16,0.9999999999999996,0.0,18,0,0,18,1126.5608449980466,0.0,0.0,770,10e2d67c45b341bb86b894b7bbd44844,ohare_filtered_vid_770_sr_1.0,barefoot,online,native,,,barefoot,online,1768191375.6186152,1768191380.4381518,141,141,4.8195366859436035,29.255924207659394,34.191523687889244,34.320601997023914,35.50478899705922,37.76709399971878,38.87522339937277,40.678006000234745,34.425262042454314,34.453511238098145,35.65990924835205,37.900495529174805,39.00688648223877,40.80080986022949,1.0,331.3515625,240.00000000000364
14.0,0.3430591124765931,0.6546395220183486,4.701724229350733,302.79480698529414,351.65234375,2509.144037249752,1429.1659327141897,4602.424999999999,2719.95,37637.16055874628,21437.488990712845,graphhopper,offline,ohare_filtered_vid_770_sr_1.0,b96ba789bd874ca8882c310c7a21dbfa,770,batches,5.0,50.0,0.435289456846415,0.4378329058340897,0.4365574767433772,0.5634425232566228,0.2792283504186875,1.130177309380746,13,8,5,18,1126.5608449980466,639.8980680199477,633.3154366336441,770,b96ba789bd874ca8882c310c7a21dbfa,ohare_filtered_vid_770_sr_1.0,graphhopper,offline,batches,5.0,50.0,graphhopper,offline,1768191396.6506896,1768191401.5787246,29,141,4.928035020828247,28.61180965720945,178.29568972379565,180.2819630029262,181.684139999561,190.13832060300047,231.12929875816914,246.13081199640877,176.00125074386597,180.33313751220703,181.7275285720825,186.28236055374146,191.10033512115479,192.74377822875977,4.862068965517241,331.3515625,109.99999999999636
14.0,0.3592915750792553,0.8515379124478444,4.820089190792446,313.3798253676471,370.46875,2322.0139363456437,887.6949570156729,4303.916666666667,1753.9666666666667,34830.20904518465,13315.424355235094,graphhopper,offline,ohare_filtered_vid_770_sr_1.0,41619b3c04144ef88c631755ed3fcd52,770,batches,10.0,50.0,0.3666049132899531,0.3533253181618479,0.3598426402143425,0.6401573597856576,0.2193951928255031,1.25712618540809,10,8,8,18,1126.5608449980466,687.7107616920773,728.5183760104314,770,41619b3c04144ef88c631755ed3fcd52,ohare_filtered_vid_770_sr_1.0,graphhopper,offline,batches,10.0,50.0,graphhopper,offline,1768191407.9124792,1768191412.5759203,15,141,4.663441181182861,30.235183531195727,338.6096570665056,355.67069899843773,357.85469849724905,378.5445764995529,409.95420650084264,417.80661400116514,333.1029415130615,355.68833351135254,357.55276679992676,359.8659634590149,361.48449182510376,361.889123916626,9.4,331.3515625,80.00000000000364
14.0,0.3688850567846501,0.6099409316841983,4.954279713734664,356.239501953125,392.91015625,1089.511043657698,191.0218788120896,1941.55,358.8499999999999,16342.665654865468,2865.3281821813443,graphhopper,offline,ohare_filtered_vid_770_sr_1.0,62f1fcaef14c4510a9c3817f728a6d4e,770,batches,30.0,50.0,0.5226833398862205,0.4378329058340897,0.4765103485820449,0.523489651417955,0.3127755729345081,0.9619979752231312,13,4,5,18,1126.5608449980466,450.43381522013647,633.3154366336441,770,62f1fcaef14c4510a9c3817f728a6d4e,ohare_filtered_vid_770_sr_1.0,graphhopper,offline,batches,30.0,50.0,graphhopper,offline,1768191419.6301577,1768191423.5391192,5,141,3.908961534500122,36.07096124010109,1003.4524200003943,1054.4977940007811,1058.1585710024228,1098.9902949979298,1107.1566397970312,1109.1982259968065,977.2404432296753,1054.0728569030762,1055.6474924087524,1057.883381843567,1058.3305597305298,1058.4423542022705,28.2,331.3515625,70.0
8.0,0.0034063502961943,0.0042980821563498,0.0282229612912755,9.465909090909092,12.921875,2471.0608121537434,4576.542274915007,3383.91695727986,6326.502746294681,22239.54730938369,41188.88047423506,osrm,offline,ohare_filtered_vid_770_sr_1.0,c4cbdfbd78314e67ac5d8c909facb7f8,770,batches,5.0,,0.9273516533990908,0.9883218619130182,0.956866507168036,0.0431334928319639,0.9173001478173948,0.0891028657125152,17,3,1,18,1126.5608449980466,87.22366657756466,13.156133111274018,770,c4cbdfbd78314e67ac5d8c909facb7f8,ohare_filtered_vid_770_sr_1.0,osrm,offline,batches,5.0,,osrm,offline,1768191424.5950692,1768191429.3531375,29,141,4.758068323135376,29.63387459453013,168.79740813777155,174.82125400420043,175.07167399890022,175.30785039416514,175.36359391757287,175.3835679992335,169.93101154054915,174.9866008758545,175.2767562866211,175.48155784606934,175.51281452178955,175.5237579345703,4.862068965517241,331.3515625,79.99999999999636
8.0,0.0025947593229781,0.0031884948044991,0.0213501849982793,7.773792613636363,10.07421875,1509.9126551832576,3217.41795499096,1877.721237279057,4043.363042313873,13589.213896649318,28956.76159491864,osrm,offline,ohare_filtered_vid_770_sr_1.0,530407fa19d145f69b4197f9a9527b7c,770,batches,10.0,,0.9854153039966038,0.988321861913018,0.9868664428322385,0.0131335571677615,0.9740733942236074,0.0263058527683453,17,1,1,18,1126.5608449980466,16.47901061182736,13.156133111274018,770,530407fa19d145f69b4197f9a9527b7c,ohare_filtered_vid_770_sr_1.0,osrm,offline,batches,10.0,,osrm,offline,1768191430.5566628,1768191435.1116593,15,141,4.554996490478516,30.955018361646978,324.4092256674776,347.56822400231613,347.9619325044041,348.11369760063826,348.1369555222045,348.1427700025961,325.35689217703685,347.75984287261963,348.1023907661438,348.2733726501465,348.3110618591308,348.3204841613769,9.4,331.3515625,70.0
8.0,0.0014533487744548,0.0017700419923126,0.0116184303073032,4.942116477272728,5.87890625,745.2332940443433,1756.7830809188847,900.735073670724,2121.421716848174,6707.09964639909,15811.047728269965,osrm,offline,ohare_filtered_vid_770_sr_1.0,a632cb8b3f64415f8169d708ae5ff0bb,770,batches,30.0,,0.9854153039966038,0.988321861913018,0.9868664428322385,0.0131335571677615,0.9740733942236074,0.0263058527683453,17,1,1,18,1126.5608449980466,16.47901061182736,13.156133111274018,770,a632cb8b3f64415f8169d708ae5ff0bb,ohare_filtered_vid_770_sr_1.0,osrm,offline,batches,30.0,,osrm,offline,1768191437.001479,1768191440.8389158,5,141,3.8374369144439697,36.743275041025754,968.3126602001721,1036.1354189954,1036.9965120044071,1037.5675728020724,1037.6817849616054,1037.7103380014887,959.3592286109924,1036.6891622543335,1037.317097187042,1037.762987613678,1037.8521656990051,1037.874460220337,28.2,331.3515625,30.0
15.0,1.44978926070445,2.5898416517457474,21.776882788363267,1445.943115234375,1489.66796875,118.23823979305826,3.63228080697544,311.16477554392725,12.399635369188696,1891.811836688932,58.11649291160703,graphium,online,ohare_filtered_vid_770_sr_5.0,79cde87557e042c6ab8e3c86ced45f74,770,native,5.0,,1.0000000000000002,0.9083966819936594,0.951999854710162,0.0480001452898378,0.9083966819936594,0.0916033180063404,17,0,1,18,1126.5608449980466,0.0,103.19671133784765,770,79cde87557e042c6ab8e3c86ced45f74,ohare_filtered_vid_770_sr_5.0,graphium,online,native,5.0,,graphium,online,1768191456.733687,1768191456.733687,1,29,0.0,,4976.3921890044,4976.3921890044,4976.3921890044,4976.3921890044,4976.3921890044,4976.3921890044,,,,,,,29.0,331.3203125,9.999999999996362
15.0,1.4994515866241436,2.690680246582686,22.74363704362365,1449.981689453125,1500.1328125,129.8254156260925,3.816403691343057,307.8720903954802,11.051355932203387,2077.20665001748,61.06245906148891,graphium,online,ohare_filtered_vid_770_sr_5.0,2d1373ec3da24ae1a4269ce8b80aa38f,770,native,10.0,,1.0000000000000002,0.9083966819936594,0.951999854710162,0.0480001452898378,0.9083966819936594,0.0916033180063404,17,0,1,18,1126.5608449980466,0.0,103.19671133784765,770,2d1373ec3da24ae1a4269ce8b80aa38f,ohare_filtered_vid_770_sr_5.0,graphium,online,native,10.0,,graphium,online,1768191473.1089249,1768191473.1089249,1,29,0.0,,4981.516268002451,4981.516268002451,4981.516268002451,4981.516268002451,4981.516268002451,4981.516268002451,,,,,,,29.0,331.3203125,9.999999999996362
15.0,1.6126858451960675,2.8728686056117416,24.676806989803747,1436.658447265625,1494.2890625,139.3907316200233,3.844549652712288,290.6096430342092,11.200000000000005,2230.251705920373,61.5127944433966,graphium,online,ohare_filtered_vid_770_sr_5.0,587abf2c9a234d039ea218289db32d52,770,native,30.0,,1.0000000000000002,0.9083966819936594,0.951999854710162,0.0480001452898378,0.9083966819936594,0.0916033180063404,17,0,1,18,1126.5608449980466,0.0,103.19671133784765,770,587abf2c9a234d039ea218289db32d52,ohare_filtered_vid_770_sr_5.0,graphium,online,native,30.0,,graphium,online,1768191489.4489102,1768191489.4489102,1,29,0.0,,4971.52803499921,4971.52803499921,4971.52803499921,4971.52803499921,4971.52803499921,4971.52803499921,,,,,,,29.0,331.3203125,10.0
8.0,0.2295503320164206,0.2920706259440559,1.8493568460346912,153.8185369318182,209.33203125,11586.0155258828,29114.432944184096,15234.117261904765,41836.44229163668,104274.1397329452,262029.89649765688,barefoot,online,ohare_filtered_vid_770_sr_5.0,c2ff24bdb7004b5daee7c8e57c5eb910,770,native,,,1.0000000000000002,0.9083966819936594,0.951999854710162,0.0480001452898378,0.9083966819936594,0.0916033180063404,17,0,1,18,1126.5608449980466,0.0,103.19671133784765,770,c2ff24bdb7004b5daee7c8e57c5eb910,ohare_filtered_vid_770_sr_5.0,barefoot,online,native,,,barefoot,online,1768191491.3504343,1768191496.042302,29,29,4.6918675899505615,6.180907590426177,162.32744744850388,167.5876950030215,168.80309400585247,171.88187100255163,172.1918757169624,172.29771599522792,167.56669964109147,167.84441471099854,168.95294189453125,172.0356822013855,172.39306688308716,172.51157760620117,1.0,331.4765625,50.0
14.0,0.3612957738578563,0.6856607418010753,5.007809804238813,329.2421875,369.99609375,757.6675829304819,376.8036906017,1409.9842883548984,768.5999999999998,11365.013743957228,5652.0553590255,graphhopper,offline,ohare_filtered_vid_770_sr_5.0,1aec558b90a64b3da2700deaaa7dbb09,770,batches,5.0,50.0,0.4044559257127899,0.2820930332761854,0.3323701752570294,0.6676298247429706,0.199306926708544,1.1332769086260517,8,6,10,18,1126.5608449980466,467.9395127361737,808.765879062365,770,1aec558b90a64b3da2700deaaa7dbb09,ohare_filtered_vid_770_sr_5.0,graphhopper,offline,batches,5.0,50.0,graphhopper,offline,1768191512.7836132,1768191516.853542,6,29,4.069928884506226,7.125431628645854,807.2246951669513,848.2125375012401,849.0368177535856,851.9872587476129,852.7205453454371,852.9038669948932,813.9857769012451,848.5879898071289,849.3614196777344,852.2989273071289,852.8864288330078,853.0333042144775,4.833333333333333,331.4765625,20.0
13.0,0.3781435802769807,0.6277996943100604,4.706781012859891,336.834228515625,402.24609375,603.2287663771313,196.92762643415037,992.668046088932,362.725,8445.202729279838,2756.9867700781047,graphhopper,offline,ohare_filtered_vid_770_sr_5.0,af955b1fa7e3437da0f021fa445b3dc6,770,batches,10.0,50.0,0.3905015500006823,0.3105951323075316,0.3459947355318903,0.6540052644681096,0.2091859941226694,1.1741846380120555,8,4,10,18,1126.5608449980466,546.133907689193,776.6565302933936,770,af955b1fa7e3437da0f021fa445b3dc6,ohare_filtered_vid_770_sr_5.0,graphhopper,offline,batches,10.0,50.0,graphhopper,offline,1768191524.381666,1768191527.5963895,3,29,3.214723587036133,9.020993318662594,1608.806889669116,1611.993947000883,1651.0132325020095,1682.2286609029106,1688.4717465830909,1690.032518003136,1607.3617935180664,1607.3617935180664,1648.7807035446167,1681.915831565857,1688.542857170105,1690.199613571167,9.666666666666666,331.4765625,20.0
13.0,0.3319668475991298,0.7114464073461891,3.936089459041627,333.58802083333336,366.23046875,191.73238446367597,7.041304106046048,285.73620066048124,12.380442804428045,2684.253382491463,98.57825748464468,graphhopper,offline,ohare_filtered_vid_770_sr_5.0,9ae334d3ca8f49758485b5e06067b1a7,770,batches,30.0,50.0,0.5273045266979802,0.4378329058340897,0.4784215499298325,0.5215784500701675,0.314424504308516,0.9546568646339404,13,3,5,18,1126.5608449980466,442.1636074715534,633.3154366336441,770,9ae334d3ca8f49758485b5e06067b1a7,ohare_filtered_vid_770_sr_5.0,graphhopper,offline,batches,30.0,50.0,graphhopper,offline,1768191538.3351474,1768191538.3351474,1,29,0.0,,4817.350791003264,4817.350791003264,4817.350791003264,4817.350791003264,4817.350791003264,4817.350791003264,,,,,,,29.0,331.4765625,20.0
9.0,0.0012708875228968,0.0015149698717948,0.0117206681776868,4.842329545454546,5.88671875,612.5181490002258,939.4341006733276,798.0739560704804,1272.514265025344,6125.181490002258,9394.341006733275,osrm,offline,ohare_filtered_vid_770_sr_5.0,ade9acdb31164ba486453f670899e047,770,batches,5.0,,1.0,0.8341568028284199,0.9095806874767542,0.0904193125232457,0.83415680282842,0.16584319717158,13,0,5,18,1126.5608449980466,0.0,186.83245234279283,770,ade9acdb31164ba486453f670899e047,ohare_filtered_vid_770_sr_5.0,osrm,offline,batches,5.0,,osrm,offline,1768191539.925693,1768191543.96248,6,29,4.036787033081055,7.183931122040371,784.9652858337018,840.9049754991429,841.5134604983905,841.8115327494888,841.863508949973,841.8765030000941,807.3574066162109,841.350793838501,841.7618274688721,841.9975757598877,842.0447254180908,842.0565128326416,4.833333333333333,331.4765625,20.0
9.0,0.0008461540259193,0.0010543947612732,0.0077146388666208,2.9865056818181817,3.37890625,344.7109732108118,399.9309367061085,470.95,581.25,3447.109732108118,3999.309367061085,osrm,offline,ohare_filtered_vid_770_sr_5.0,6cee0a0cf1b043b6b588f0874fdf159c,770,batches,10.0,,1.0,0.8341568028284199,0.9095806874767542,0.0904193125232457,0.83415680282842,0.16584319717158,13,0,5,18,1126.5608449980466,0.0,186.83245234279283,770,6cee0a0cf1b043b6b588f0874fdf159c,ohare_filtered_vid_770_sr_5.0,osrm,offline,batches,10.0,,osrm,offline,1768191546.3405905,1768191549.5326755,3,29,3.192085027694702,9.084971029403802,1568.1312519979354,1512.5628739988315,1596.363113996631,1663.4033059948706,1676.8113443945185,1680.1633539944305,1596.0426330566406,1596.0426330566406,1638.1756067276,1671.8819856643677,1678.6232614517212,1680.3085803985596,9.666666666666666,331.4765625,10.0
8.0,0.0005027963508288,0.0007688748945147,0.0037562922629451,2.132102272727273,2.2109375,235.5742686834134,10.551340970827583,293.9670201484624,12.70392364793213,2120.1684181507208,94.96206873744826,osrm,offline,ohare_filtered_vid_770_sr_5.0,c693e2721dd44fa0a616787f5d483fbf,770,batches,30.0,,1.0,0.8341568028284199,0.9095806874767542,0.0904193125232457,0.83415680282842,0.16584319717158,13,0,5,18,1126.5608449980466,0.0,186.83245234279283,770,c693e2721dd44fa0a616787f5d483fbf,ohare_filtered_vid_770_sr_5.0,osrm,offline,batches,30.0,,osrm,offline,1768191555.1262193,1768191555.1262193,1,29,0.0,,4698.871718996088,4698.871718996088,4698.871718996088,4698.871718996088,4698.871718996088,4698.871718996088,,,,,,,29.0,331.4765625,10.0
15.0,1.5060515145447717,2.5184210944595824,22.760819825642837,1439.207275390625,1482.63671875,124.36289915636009,3.910360494373169,305.13836740369914,12.040776699029127,1989.8063865017607,62.5657679099707,graphium,online,ohare_filtered_vid_770_sr_10.0,306db9f854884482b4c301ad4f280ad2,770,native,5.0,,1.0000000000000002,0.9083966819936594,0.951999854710162,0.0480001452898378,0.9083966819936594,0.0916033180063404,17,0,1,18,1126.5608449980466,0.0,103.19671133784765,770,306db9f854884482b4c301ad4f280ad2,ohare_filtered_vid_770_sr_10.0,graphium,online,native,5.0,,graphium,online,1768191570.983054,1768191570.983054,1,15,0.0,,4960.057611002412,4960.057611002412,4960.057611002412,4960.057611002412,4960.057611002412,4960.057611002412,,,,,,,15.0,331.42578125,0.0
15.0,1.58822914814092,2.883601335180753,24.15764943195594,1450.01708984375,1499.60546875,138.37271305300993,4.005604542354939,302.2291592128802,12.412096601838,2213.963408848159,64.08967267767902,graphium,online,ohare_filtered_vid_770_sr_10.0,22dede54f2714b2d82d5fdeb6dbeaf09,770,native,10.0,,1.0000000000000002,0.9083966819936594,0.951999854710162,0.0480001452898378,0.9083966819936594,0.0916033180063404,17,0,1,18,1126.5608449980466,0.0,103.19671133784765,770,22dede54f2714b2d82d5fdeb6dbeaf09,ohare_filtered_vid_770_sr_10.0,graphium,online,native,10.0,,graphium,online,1768191587.3298368,1768191587.3298368,1,15,0.0,,4959.949003001384,4959.949003001384,4959.949003001384,4959.949003001384,4959.949003001384,4959.949003001384,,,,,,,15.0,331.42578125,20.0
15.0,1.4588304306592812,2.6436793471879767,21.978159056365342,1443.58349609375,1478.96484375,126.60933554346316,3.518124288532939,296.3553094462541,11.285376300224351,2025.7493686954108,56.28998861652703,graphium,online,ohare_filtered_vid_770_sr_10.0,dbb51d59a089431486b01e6c0b360891,770,native,30.0,,1.0000000000000002,0.9083966819936594,0.951999854710162,0.0480001452898378,0.9083966819936594,0.0916033180063404,17,0,1,18,1126.5608449980466,0.0,103.19671133784765,770,dbb51d59a089431486b01e6c0b360891,ohare_filtered_vid_770_sr_10.0,graphium,online,native,30.0,,graphium,online,1768191603.7017193,1768191603.7017193,1,15,0.0,,4968.852583995613,4968.852583995613,4968.852583995613,4968.852583995613,4968.852583995613,4968.852583995613,,,,,,,15.0,331.42578125,10.000000000007276
8.0,0.2065088846554944,0.237243088331018,1.702978671956921,127.677734375,171.23046875,11606.866635475446,10126.879058575483,12713.786781609198,14575.729815440602,104461.799719279,91141.91152717936,barefoot,online,ohare_filtered_vid_770_sr_10.0,088a4a9bc68c41b8a22fa2fb7233cf58,770,native,,,1.0000000000000002,0.9083966819936594,0.951999854710162,0.0480001452898378,0.9083966819936594,0.0916033180063404,17,0,1,18,1126.5608449980466,0.0,103.19671133784765,770,088a4a9bc68c41b8a22fa2fb7233cf58,ohare_filtered_vid_770_sr_10.0,barefoot,online,native,,,barefoot,online,1768191605.607755,1768191610.2851815,15,15,4.67742657661438,3.206891600393077,313.00779926677933,332.4997780000558,337.2094764999929,342.4651920016913,343.31610080160317,343.52882800158113,334.10189832959855,333.3628177642822,337.4655842781067,342.6837921142578,343.4722900390625,343.6694145202637,1.0,331.58203125,19.999999999996362
13.0,0.3600692417903968,0.6243112811307421,4.416658103934815,317.439453125,397.51171875,452.3652407063399,168.34366790858172,708.254329414739,349.725,6333.113369888758,2356.811350720144,graphhopper,offline,ohare_filtered_vid_770_sr_10.0,616ce6d73f834b28b21e4e4719c45b3c,770,batches,5.0,50.0,0.5068985301455669,0.4034716988496251,0.4493099721152896,0.5506900278847104,0.2897484113754129,0.9890180716184048,10,3,8,18,1126.5608449980466,442.1636074715534,672.0254270092154,770,616ce6d73f834b28b21e4e4719c45b3c,ohare_filtered_vid_770_sr_10.0,graphhopper,offline,batches,5.0,50.0,graphhopper,offline,1768191627.7127678,1768191631.0846028,4,15,3.3718349933624268,4.44861626667023,1205.7572185021854,1567.7246915001888,1684.6977680015698,1686.8519264022325,1687.282758082365,1687.3904660023982,1123.9449977874756,1683.9656829833984,1685.785412788391,1687.2411966323853,1687.532353401184,1687.6051425933838,3.75,331.58203125,9.999999999996362
13.0,0.3361683598971461,0.5420475602276494,4.181938676775623,331.358642578125,404.83203125,373.6437923702937,101.92713265877582,657.8090576652601,209.975,5231.013093184111,1426.9798572228617,graphhopper,offline,ohare_filtered_vid_770_sr_10.0,a0af3bda161b4b188f09c4da6943e043,770,batches,10.0,50.0,0.522810925379284,0.4300139106566742,0.471893599020117,0.528106400979883,0.3088093857322501,0.9624758598113556,12,3,6,18,1126.5608449980466,442.1636074715534,642.1240104477488,770,a0af3bda161b4b188f09c4da6943e043,ohare_filtered_vid_770_sr_10.0,graphhopper,offline,batches,10.0,50.0,graphhopper,offline,1768191640.155305,1768191641.8417518,2,15,1.6864469051361084,8.894439519155448,2404.2429635010194,2404.2429635010194,2763.2422557508107,3050.441689550644,3107.8815763106104,3122.241548000602,1686.4469051361084,1686.4469051361084,1686.4469051361084,1686.4469051361084,1686.4469051361084,1686.4469051361084,7.5,331.58203125,19.999999999996362
13.0,0.2937136750728933,0.6357250664945495,3.4762663845259567,292.26953125,337.6953125,188.66935230460936,6.75377288607157,294.39462656302805,13.02046332046332,2641.370932264531,94.55282040500198,graphhopper,offline,ohare_filtered_vid_770_sr_10.0,85ccc2ef97d74e149105723ea9317d40,770,batches,30.0,50.0,0.522810925379284,0.4300139106566742,0.471893599020117,0.528106400979883,0.3088093857322501,0.9624758598113556,12,3,6,18,1126.5608449980466,442.1636074715534,642.1240104477488,770,85ccc2ef97d74e149105723ea9317d40,ohare_filtered_vid_770_sr_10.0,graphhopper,offline,batches,30.0,50.0,graphhopper,offline,1768191652.6012492,1768191652.6012492,1,15,0.0,,4812.7749979976215,4812.7749979976215,4812.7749979976215,4812.7749979976215,4812.7749979976215,4812.7749979976215,,,,,,,15.0,331.58203125,10.0
8.0,0.0011007248519071,0.0011931480396732,0.0087814714817834,3.703515625,4.47265625,424.029415904566,511.7423139211389,499.51666666666665,665.5833333333333,3816.264743141094,4605.68082529025,osrm,offline,ohare_filtered_vid_770_sr_10.0,c63b2d6f5e7f40eb993f0fe49ff1de2d,770,batches,5.0,,1.0,0.7550883131810989,0.8604562032693395,0.1395437967306605,0.7550883131810989,0.2449116868189009,10,0,8,18,1126.5608449980466,0.0,275.907916852598,770,c63b2d6f5e7f40eb993f0fe49ff1de2d,ohare_filtered_vid_770_sr_10.0,osrm,offline,batches,5.0,,osrm,offline,1768191654.8893,1768191658.244948,4,15,3.3556478023529053,4.470075789682795,1174.610482499702,1510.2781015011715,1677.3358642512903,1677.5545096486894,1677.5982387281692,1677.6091709980392,1118.5493469238281,1677.4485111236572,1677.6188611984253,1677.7551412582397,1677.7823972702026,1677.7892112731934,3.75,331.58203125,20.0
9.0,0.0008373873029397,0.0010436217726396,0.0075510292793971,3.075284090909091,3.640625,333.0673965096343,414.7855438793154,448.6770231213873,644.1508670520232,3330.673965096343,4147.8554387931545,osrm,offline,ohare_filtered_vid_770_sr_10.0,fcf9014f70dc4da3955333d2eeb33f7a,770,batches,10.0,,1.0,0.7550883131810989,0.8604562032693395,0.1395437967306605,0.7550883131810989,0.2449116868189009,10,0,8,18,1126.5608449980466,0.0,275.907916852598,770,fcf9014f70dc4da3955333d2eeb33f7a,ohare_filtered_vid_770_sr_10.0,osrm,offline,batches,10.0,,osrm,offline,1768191662.149466,1768191663.825948,2,15,1.6764819622039795,8.947307718289029,2346.1662380032067,2346.1662380032067,2681.0943630025577,2949.0368630020384,3002.6253630019346,3016.0224880019086,1676.4819622039795,1676.4819622039795,1676.4819622039795,1676.4819622039795,1676.4819622039795,1676.4819622039795,7.5,331.58203125,0.0
8.0,0.0006962828157605,0.0009362503079291,0.005330295033916,2.15,2.23046875,236.90875517297843,10.908806373759091,284.79019767127,12.52493907392364,2132.178796556806,98.17925736383182,osrm,offline,ohare_filtered_vid_770_sr_10.0,4b611e4af7914389a729e1d1f52218dd,770,batches,30.0,,1.0,0.7550883131810989,0.8604562032693395,0.1395437967306605,0.7550883131810989,0.2449116868189009,10,0,8,18,1126.5608449980466,0.0,275.907916852598,770,4b611e4af7914389a729e1d1f52218dd,ohare_filtered_vid_770_sr_10.0,osrm,offline,batches,30.0,,osrm,offline,1768191669.3923686,1768191669.3923686,1,15,0.0,,4690.462183993077,4690.462183993077,4690.462183993077,4690.462183993077,4690.462183993077,4690.462183993077,,,,,,,15.0,331.58203125,10.0
15.0,1.481464242854877,2.507656797235023,22.50855867178252,1450.834228515625,1507.5390625,122.59818827916484,3.807367761468119,301.1945996237527,10.947791591689844,1961.5710124666373,60.9178841834899,graphium,online,ohare_filtered_vid_770_sr_20.0,3206b7bed01545c88b67d01c8a6a428f,770,native,5.0,,1.0,0.7133090159717954,0.8326682569486203,0.1673317430513796,0.7133090159717954,0.2866909840282043,10,0,8,18,1126.5608449980466,0.0,322.9748372201353,770,3206b7bed01545c88b67d01c8a6a428f,ohare_filtered_vid_770_sr_20.0,graphium,online,native,5.0,,graphium,online,1768191685.2156134,1768191685.2156134,1,8,0.0,,4915.569265001977,4915.569265001977,4915.569265001977,4915.569265001977,4915.569265001977,4915.569265001977,,,,,,,8.0,331.578125,10.0
14.0,1.6325830081783224,2.7936002906292536,23.09809550328753,1452.6544270833333,1508.90625,125.38288011012575,3.8091474342410527,292.11249999999995,12.28507658643326,1880.7432016518865,57.13721151361579,graphium,online,ohare_filtered_vid_770_sr_20.0,3e4231b803a040eebb1cb0876cda70fb,770,native,10.0,,1.0,0.7133090159717954,0.8326682569486203,0.1673317430513796,0.7133090159717954,0.2866909840282043,10,0,8,18,1126.5608449980466,0.0,322.9748372201353,770,3e4231b803a040eebb1cb0876cda70fb,ohare_filtered_vid_770_sr_20.0,graphium,online,native,10.0,,graphium,online,1768191701.4933,1768191701.4933,1,8,0.0,,4912.9809429941815,4912.9809429941815,4912.9809429941815,4912.9809429941815,4912.9809429941815,4912.9809429941815,,,,,,,8.0,331.578125,0.0
15.0,1.5004300153262071,2.769421351639247,22.623189768012583,1444.75830078125,1487.5546875,121.975956884965,3.5881699886764054,295.9410915353027,12.266374740723668,1951.61531015944,57.410719818822486,graphium,online,ohare_filtered_vid_770_sr_20.0,c1b720db3da946d9968578aafefbae6f,770,native,30.0,,1.0,0.7133090159717954,0.8326682569486203,0.1673317430513796,0.7133090159717954,0.2866909840282043,10,0,8,18,1126.5608449980466,0.0,322.9748372201353,770,c1b720db3da946d9968578aafefbae6f,ohare_filtered_vid_770_sr_20.0,graphium,online,native,30.0,,graphium,online,1768191717.8110404,1768191717.8110404,1,8,0.0,,4921.705200998986,4921.705200998986,4921.705200998986,4921.705200998986,4921.705200998986,4921.705200998986,,,,,,,8.0,331.578125,10.0
7.0,0.1612011942823091,0.1769643398171737,1.1209873820918943,90.602734375,123.875,10894.208197597916,5022.573245355056,13596.95155508698,6542.012003596584,87153.66558078333,40180.58596284045,barefoot,online,ohare_filtered_vid_770_sr_20.0,0463bf51591f40dc87524bcaf73c0ad0,770,native,,,1.0000000000000002,0.9083966819936594,0.951999854710162,0.0480001452898378,0.9083966819936594,0.0916033180063404,17,0,1,18,1126.5608449980466,0.0,103.19671133784765,770,0463bf51591f40dc87524bcaf73c0ad0,ohare_filtered_vid_770_sr_20.0,barefoot,online,native,,,barefoot,online,1768191719.7528694,1768191724.4214392,8,8,4.668569803237915,1.7135868878840692,585.6836401262626,665.5767994961934,667.9758795035013,673.4853557059978,674.8367807463364,675.1746370064211,666.9385433197021,667.116641998291,668.9261198043823,673.8916873931885,675.0560092926025,675.347089767456,1.0,331.578125,10.0
13.0,0.3373189310654987,0.736256755276382,3.9862082796406,307.363037109375,367.6171875,313.5488065437712,93.35220695350436,493.0950948255677,186.9,4389.683291612797,1306.9308973490608,graphhopper,offline,ohare_filtered_vid_770_sr_20.0,7786542702ca446fad59ee9f8ce195a3,770,batches,5.0,50.0,0.6547918565230513,0.2320003618339631,0.3426100150511741,0.6573899849488258,0.2067165954678751,0.890310893867891,7,3,11,18,1126.5608449980466,137.79107157625307,865.1983213305243,770,7786542702ca446fad59ee9f8ce195a3,ohare_filtered_vid_770_sr_20.0,graphhopper,offline,batches,5.0,50.0,graphhopper,offline,1768191743.152036,1768191745.1568503,2,8,2.004814386367798,3.9903943499198045,2390.6502984973486,2390.6502984973486,2583.6674182464776,2738.081114045781,2768.9638532056415,2776.6845379956067,2004.8143863677976,2004.8143863677976,2004.8143863677976,2004.8143863677976,2004.8143863677976,2004.8143863677976,4.0,331.578125,9.999999999996362
14.0,0.3368604953627822,0.837263468918919,4.562360684495786,342.76611328125,372.203125,173.80235329098528,6.688296595482134,297.04317703822835,14.002025072324011,2607.03529936478,100.32444893223202,graphhopper,offline,ohare_filtered_vid_770_sr_20.0,e29b80b4c7814b7a881242eba903b6f3,770,batches,10.0,50.0,0.3697628446898441,0.3020359721447224,0.3324854925619709,0.6675145074380291,0.1993898650230048,1.2127650540251618,8,6,10,18,1126.5608449980466,579.9546790478065,786.2989449988816,770,e29b80b4c7814b7a881242eba903b6f3,ohare_filtered_vid_770_sr_20.0,graphhopper,offline,batches,10.0,50.0,graphhopper,offline,1768191755.881627,1768191755.881627,1,8,0.0,,4786.829194999882,4786.829194999882,4786.829194999882,4786.829194999882,4786.829194999882,4786.829194999882,,,,,,,8.0,331.578125,0.0
14.0,0.3101767266318572,0.6867280622536945,4.216544573677367,338.2705078125,367.69140625,175.9098908496761,6.257708621716089,297.93475546305933,12.378911118399476,2638.648362745141,93.86562932574134,graphhopper,offline,ohare_filtered_vid_770_sr_20.0,8ddcdf6c967542e5a0c7cff21dea8a84,770,batches,30.0,50.0,0.3697628446898441,0.3020359721447224,0.3324854925619709,0.6675145074380291,0.1993898650230048,1.2127650540251618,8,6,10,18,1126.5608449980466,579.9546790478065,786.2989449988816,770,8ddcdf6c967542e5a0c7cff21dea8a84,ohare_filtered_vid_770_sr_20.0,graphhopper,offline,batches,30.0,50.0,graphhopper,offline,1768191766.563189,1768191766.563189,1,8,0.0,,4790.69259899552,4790.69259899552,4790.69259899552,4790.69259899552,4790.69259899552,4790.69259899552,,,,,,,8.0,331.578125,0.0
8.0,0.0009958623288943,0.0012233008447304,0.0077394601153188,2.9265625,3.515625,333.76527998461387,317.9289061771129,447.5892379679144,530.9418449197861,3003.8875198615247,2861.360155594016,osrm,offline,ohare_filtered_vid_770_sr_20.0,ad251f30309241ab9447960a837d7375,770,batches,5.0,,1.0,0.2385131055196956,0.3851604063884532,0.6148395936115467,0.2385131055196955,0.7614868944803043,6,0,12,18,1126.5608449980466,0.0,857.86131930067,770,ad251f30309241ab9447960a837d7375,ohare_filtered_vid_770_sr_20.0,osrm,offline,batches,5.0,,osrm,offline,1768191770.1838517,1768191772.1887925,2,8,2.0049407482147217,3.9901428544078,2340.6593079998856,2340.6593079998856,2508.584465998865,2642.924592398049,2669.7926176778856,2676.5096239978448,2004.9407482147217,2004.9407482147217,2004.9407482147217,2004.9407482147217,2004.9407482147217,2004.9407482147217,4.0,331.578125,10.0
9.0,0.000780703851393,0.0014126743341404,0.0068571567544471,2.140980113636364,2.21875,219.10183132244663,10.359365749780457,266.6354914933838,12.945129748025574,2191.0183132244665,103.59365749780456,osrm,offline,ohare_filtered_vid_770_sr_20.0,7fbb8cbb048f40a89b87303866d2a784,770,batches,10.0,,1.0,0.7509459042116864,0.8577602567907755,0.1422397432092245,0.7509459042116864,0.2490540957883134,10,0,8,18,1126.5608449980466,0.0,280.5745926015069,770,7fbb8cbb048f40a89b87303866d2a784,ohare_filtered_vid_770_sr_20.0,osrm,offline,batches,10.0,,osrm,offline,1768191777.7521954,1768191777.7521954,1,8,0.0,,4681.475815996237,4681.475815996237,4681.475815996237,4681.475815996237,4681.475815996237,4681.475815996237,,,,,,,8.0,331.578125,9.999999999996362
7.0,0.0008725635800675,0.0011213306160382,0.0058591780245022,2.03359375,2.1953125,243.7708853099669,12.152218314670067,292.89035222052064,14.616385911179172,1950.1670824797352,97.21774651736054,osrm,offline,ohare_filtered_vid_770_sr_20.0,1e0715206e5d427aa7a267ab1a0aff18,770,batches,30.0,,1.0,0.7509459042116864,0.8577602567907755,0.1422397432092245,0.7509459042116864,0.2490540957883134,10,0,8,18,1126.5608449980466,0.0,280.5745926015069,770,1e0715206e5d427aa7a267ab1a0aff18,ohare_filtered_vid_770_sr_20.0,osrm,offline,batches,30.0,,osrm,offline,1768191783.32074,1768191783.32074,1,8,0.0,,4681.66452999867,4681.66452999867,4681.66452999867,4681.66452999867,4681.66452999867,4681.66452999867,,,,,,,8.0,331.578125,0.0
22.0,1.2127426691007208,2.8190983566347803,26.48123244013533,1439.8228600543478,1479.453125,3070.1605036887354,3318.5080757584155,7082.67164876226,7681.818881363848,70613.69158484091,76325.68574244356,graphium,online,ohare_filtered_vid_1_sr_1.0,7f1917a0e5ee4ce6a89e7729dd9db50c,1,native,5.0,,0.757658597217985,0.7135256068090241,0.7349301451908626,0.2650698548091373,0.5809403665710953,0.514699608492318,17,4,7,24,1719.0474470363265,392.329973713088,492.463074256228,1,7f1917a0e5ee4ce6a89e7729dd9db50c,ohare_filtered_vid_1_sr_1.0,graphium,online,native,5.0,,graphium,online,1768191795.367658,1768191806.1366403,71,328,10.768982410430908,30.457845272576265,167.371783239835,177.03309699572856,178.04604950288194,190.44263050454902,503.10867599982635,1123.874031000014,153.8426058632987,177.15740203857422,178.14594507217407,181.8761706352234,211.7217206954957,237.2117042541504,4.619718309859155,331.73046875,160.0
22.0,1.1606345963873157,2.792406309873548,25.53108596255464,1444.8148777173913,1476.609375,1913.054707753252,2005.7963899281497,4200.479472580161,4746.482985877606,44000.25827832479,46133.31696834744,graphium,online,ohare_filtered_vid_1_sr_1.0,d748e6a3c10d49cf8355a66fdabbdc12,1,native,10.0,,0.8627171494041792,0.8506900174329888,0.8566613716471346,0.1433386283528653,0.7492630358175442,0.2846789741852545,20,2,4,24,1719.0474470363265,232.70571944922307,256.670944348859,1,d748e6a3c10d49cf8355a66fdabbdc12,ohare_filtered_vid_1_sr_1.0,graphium,online,native,10.0,,graphium,online,1768191818.6539254,1768191829.185735,31,328,10.531809568405151,31.14374579882093,376.9664025807757,350.7842079998227,352.21203200126183,377.24687149966485,924.9568946004723,1158.2956310012378,351.0603189468384,350.92639923095703,352.0062565803528,373.9785432815552,378.78620862960815,380.6931972503662,10.580645161290322,332.04296875,110.0
21.0,1.1090414272742222,2.7434439461883406,23.002521613462505,1448.8499644886365,1480.98046875,1531.3173660671766,1233.1643618650237,3153.455842018651,2638.385174386004,33688.982053477885,27129.615961030515,graphium,online,ohare_filtered_vid_1_sr_1.0,2c806bbe81c84068b341f8c2dd6ffd2f,1,native,30.0,,0.8655068517514118,0.8711431867422215,0.8683158728236963,0.1316841271763037,0.7672775927239124,0.2642258048760219,21,2,3,24,1719.0474470363265,232.70571944922307,221.51097586402088,1,2c806bbe81c84068b341f8c2dd6ffd2f,ohare_filtered_vid_1_sr_1.0,graphium,online,native,30.0,,graphium,online,1768191841.6906352,1768191852.143035,11,328,10.452399730682373,31.38035364617527,1055.3155580915204,1046.3856860005762,1068.7117929992382,1119.8733964993153,1150.1003624987788,1157.6571039986447,1045.2399730682373,1045.897364616394,1062.5563859939575,1077.6186108589172,1081.3549065589905,1082.2889804840088,29.818181818181817,332.04296875,90.0
14.0,0.5274709757346518,0.7784979838748365,7.571943506428469,404.3747702205882,587.6640625,18281.75392385518,1355505.4235966655,26636.5854230266,2593566.3545682603,274226.3088578277,20332581.353949983,barefoot,online,ohare_filtered_vid_1_sr_1.0,e98de1dd1d6e49c0bb6e02eccf766e86,1,native,,,0.7905220989234598,0.8119091630509955,0.8010729083248429,0.1989270916751571,0.6681581506391459,0.40323602716234,20,3,4,24,1719.0474470363265,369.8447899783792,323.33707306811215,1,e98de1dd1d6e49c0bb6e02eccf766e86,ohare_filtered_vid_1_sr_1.0,barefoot,online,native,,,barefoot,online,1768191854.0103,1768191865.342348,328,328,11.332048177719116,28.944458658842283,34.464127155288445,34.54558849989553,35.66842099826317,38.40878974915541,41.619025453983355,46.53154799598269,34.65458158323889,34.68203544616699,35.81881523132324,38.56155872344971,41.77707195281983,46.67472839355469,1.0,333.44921875,840.0000000000036
20.0,0.2930013525921965,0.7454911630667767,5.4075372413693525,336.47078804347825,378.69921875,5295.1383486738805,3146.186511279925,10771.473249190214,6577.34837484642,111197.90532215148,66069.91673687844,graphhopper,offline,ohare_filtered_vid_1_sr_1.0,73375beb641a4f1fbcecf8a4acd16ac3,1,batches,5.0,50.0,0.671380126174215,1.0,0.8033841202970415,0.1966158797029584,0.6713801261742149,0.4894691710616885,24,14,0,24,1719.0474470363265,841.4207289165826,0.0,1,73375beb641a4f1fbcecf8a4acd16ac3,ohare_filtered_vid_1_sr_1.0,graphhopper,offline,batches,5.0,50.0,graphhopper,offline,1768191881.5320718,1768191893.212994,66,328,11.680922269821167,28.07997454511112,180.45116031796417,180.18074000065099,181.04066050182152,185.65363849847927,205.74899440143753,238.4290080008213,179.70649279080905,180.3073883056641,181.18786811828613,185.4270935058594,186.94560050964353,188.33231925964355,4.96969696969697,333.60546875,269.9999999999927
20.0,0.2783425345125815,0.7446778701548319,5.320603875698541,336.9906589673913,389.5859375,4004.970263604745,1628.6755254506286,8327.956989247312,3494.6236559139784,84104.37553569964,34202.1860344632,graphhopper,offline,ohare_filtered_vid_1_sr_1.0,b69c2edcea674fbb8a48eebd77c21b17,1,batches,10.0,50.0,0.7541038052539658,1.0,0.8598166231613457,0.1401833768386543,0.7541038052539657,0.3260773822288586,24,11,0,24,1719.0474470363265,560.5424914568077,0.0,1,b69c2edcea674fbb8a48eebd77c21b17,ohare_filtered_vid_1_sr_1.0,graphhopper,offline,batches,10.0,50.0,graphhopper,offline,1768191899.5398753,1768191910.836979,33,328,11.297103643417358,29.033990512348744,354.6456765453155,353.51827499835053,356.1756310009514,365.17962379875826,397.0984418404987,410.7715179998195,353.03448885679245,353.53875160217285,355.86684942245483,363.21007013320923,366.69915437698364,368.17121505737305,9.93939393939394,333.60546875,190.0
20.0,0.2758215749595072,0.5804666458700696,5.2237208520158935,344.6603338068182,383.62109375,2900.4511684396944,542.335800124214,6587.149187592318,1297.144263909404,60909.47453723358,11389.051802608494,graphhopper,offline,ohare_filtered_vid_1_sr_1.0,7955941d3b944438ae815fb82948c80e,1,batches,30.0,50.0,0.9275363648519545,1.0,0.9624060866142926,0.0375939133857073,0.9275363648519545,0.0781248454443203,24,8,0,24,1719.0474470363265,134.30031611116644,0.0,1,7955941d3b944438ae815fb82948c80e,ohare_filtered_vid_1_sr_1.0,graphhopper,offline,batches,30.0,50.0,graphhopper,offline,1768191917.8671188,1768191928.305405,11,328,10.438286066055298,31.422783196815903,1049.7209561812765,1049.728926998796,1052.4223325010098,1088.9960319982492,1105.9520903989323,1110.1911049991031,1043.8286066055298,1048.8966703414917,1052.086353302002,1061.1706137657166,1066.5996623039246,1067.9569244384766,29.818181818181817,333.60546875,150.0
15.0,0.0025055005267932,0.0038041629648432,0.0385260269628937,11.786305147058824,15.11328125,2280.496737294263,4933.396189163526,3577.2220782586164,7950.11661052086,36487.947796708206,78934.33902661642,osrm,offline,ohare_filtered_vid_1_sr_1.0,2c27342b029748b5a0cdb747b9c6720c,1,batches,10.0,,0.9770160400163792,1.0,0.9883744190646878,0.0116255809353121,0.9770160400163792,0.023524649588389,24,2,0,24,1719.0474470363265,40.43998881734439,0.0,1,2c27342b029748b5a0cdb747b9c6720c,ohare_filtered_vid_1_sr_1.0,osrm,offline,batches,10.0,,osrm,offline,1768191965.0214336,1768191976.0608516,33,328,11.03941798210144,29.71171129961714,343.939119485819,346.9576010029414,347.2707030014135,347.8377564009861,348.0208036015392,348.03660200122977,344.98181194067,347.0742702484131,347.38582372665405,347.9841113090515,348.1588339805603,348.1862545013428,9.93939393939394,333.60546875,130.00000000000364
15.0,0.001593371600514,0.0022824636254239,0.0245572317747476,10.706112132352942,15.62109375,1372.3031639184962,3665.2172534130896,2267.272408612919,6196.3413106127055,21956.85062269594,58643.47605460943,osrm,offline,ohare_filtered_vid_1_sr_1.0,7a80dc3e64be455ba5e84ca60bd6df70,1,batches,30.0,,0.9905045318941366,1.0,0.9952296174393396,0.0047703825606604,0.9905045318941365,0.0095864963764531,24,1,0,24,1719.0474470363265,16.4796421219647,0.0,1,7a80dc3e64be455ba5e84ca60bd6df70,ohare_filtered_vid_1_sr_1.0,osrm,offline,batches,30.0,,osrm,offline,1768191977.9535902,1768191988.2486174,11,328,10.295027256011963,31.86004192543139,1027.1227898192592,1035.8694329988791,1036.594042499928,1036.9941345015832,1037.104661300691,1037.132293000468,1029.5027256011963,1036.109209060669,1036.8009209632874,1037.1464848518372,1037.2463059425354,1037.27126121521,29.818181818181817,333.60546875,99.99999999999636
22.0,1.1595562606126826,2.688879907110472,25.40518785085765,1453.4509171195652,1487.390625,583.4359468812976,901.3335385850438,1494.5303658996604,2510.076612599019,13419.026778269845,20730.67138745601,graphium,online,ohare_filtered_vid_1_sr_5.0,fb90e616c9974379b5c9f1ea2e600e1f,1,native,5.0,,0.8027540640549106,0.6910972554560414,0.7427528070948223,0.2572471929051777,0.5907770653903868,0.4787133142880002,17,3,7,24,1719.0474470363265,291.9124263982791,531.0184743908062,1,fb90e616c9974379b5c9f1ea2e600e1f,ohare_filtered_vid_1_sr_5.0,graphium,online,native,5.0,,graphium,online,1768192004.174398,1768192010.570227,11,67,6.39582896232605,10.475577191737987,1037.32623963548,843.7743299946305,847.0913080018363,2968.54935599913,4606.714516800277,5016.255807000562,639.582896232605,843.8156843185425,846.1909890174866,888.0196452140807,914.4123244285582,921.0104942321776,6.090909090909091,332.296875,50.0
21.0,1.1700196706887236,2.575214499169894,24.366151706807543,1449.163174715909,1486.90625,443.12675938211015,770.4323435295609,1171.8318056161793,2243.0459915611814,9748.788706406423,16949.511557650338,graphium,online,ohare_filtered_vid_1_sr_5.0,0b30338b741b4c7b8ba2cbc39bae7918,1,native,10.0,,0.7789222692683149,0.8010078499379474,0.7898106942715303,0.2101893057284697,0.6526340057154167,0.4263383240633343,18,4,6,24,1719.0474470363265,390.8188600103798,342.0769475444409,1,0b30338b741b4c7b8ba2cbc39bae7918,ohare_filtered_vid_1_sr_5.0,graphium,online,native,10.0,,graphium,online,1768192026.9581487,1768192033.3032556,5,67,6.345106840133667,10.559317863052495,2272.8340876012226,1703.4156619993155,1776.197805003903,4370.96642100223,4889.920144201897,5019.658575001813,1586.2767100334167,1693.6750411987305,1721.7721939086914,1765.458869934082,1774.1962051391602,1776.3805389404297,13.4,332.296875,30.0
21.0,1.1498943882024013,2.5975612396035093,23.90005042515228,1451.8515625,1482.359375,258.60070219486266,398.2066017703982,457.2612024601481,1028.9702087731644,5689.215448286979,8760.54523894876,graphium,online,ohare_filtered_vid_1_sr_5.0,3fa03a4768a1483bafd830c94854f1f5,1,native,30.0,,0.7789222692683149,0.8010078499379474,0.7898106942715303,0.2101893057284697,0.6526340057154167,0.4263383240633343,18,4,6,24,1719.0474470363265,390.8188600103798,342.0769475444409,1,3fa03a4768a1483bafd830c94854f1f5,ohare_filtered_vid_1_sr_5.0,graphium,online,native,30.0,,graphium,online,1768192049.725859,1768192056.0342517,3,67,6.308392763137817,10.620771806014494,3786.040488999182,5050.025958000333,5088.206819498737,5118.75150869746,5124.860446537205,5126.387680997141,3154.1963815689087,3154.1963815689087,4140.35826921463,4929.287779331207,5087.073681354523,5126.520156860352,22.333333333333332,332.296875,30.0
14.0,0.1934844718626433,0.3038529378186511,2.6844673596469666,187.2902113970588,232.046875,8618.322674430723,102513.68867579334,15132.61439173927,173310.64533921675,129274.84011646084,1537705.3301369,barefoot,online,ohare_filtered_vid_1_sr_5.0,42f285e09aa54dbeb01ea2e9cc5ecf4b,1,native,,,1.0,1.0,1.0,0.0,1.0,0.0,24,0,0,24,1719.0474470363265,0.0,0.0,1,42f285e09aa54dbeb01ea2e9cc5ecf4b,ohare_filtered_vid_1_sr_5.0,barefoot,online,native,,,barefoot,online,1768192057.927785,1768192069.0134952,67,67,11.085710287094116,6.043816612995993,165.60536961181091,167.57279600278707,169.14579549847986,172.6606886018999,174.53549120007665,175.85379500087583,167.9653073802139,167.72079467773438,169.32040452957153,172.81073331832886,174.70715045928955,175.99248886108398,1.0,332.609375,110.0
19.0,0.2466504302252705,0.6141635894576477,4.318845015047763,297.83664772727275,337.1328125,1230.640275728772,692.8158062559853,2327.6550751879704,1440.3851503759397,24612.80551457544,13856.316125119703,graphhopper,offline,ohare_filtered_vid_1_sr_5.0,a756edb91a1f442ca8030f58fefe5bf1,1,batches,5.0,50.0,1.0,0.98560280745877,0.9927492082066222,0.0072507917933778,0.98560280745877,0.0143971925412298,23,0,1,24,1719.0474470363265,0.0,24.749457082491634,1,a756edb91a1f442ca8030f58fefe5bf1,ohare_filtered_vid_1_sr_5.0,graphhopper,offline,batches,5.0,50.0,graphhopper,offline,1768192085.7262688,1768192096.2706256,14,67,10.54435682296753,6.354109702932454,808.5614138575953,848.1444530007138,851.033668497621,858.8061860526068,865.0020084145217,866.5509640050004,811.1043709975022,849.4901657104492,851.578950881958,859.5568180084229,865.2638721466064,866.6906356811523,4.785714285714286,332.609375,70.0
20.0,0.2537581971125651,0.5995870477947796,4.879251837800011,321.36203835227275,352.84765625,810.8506339925542,306.9400491978289,1635.9995670527114,701.297954324061,17027.863313843638,6445.741033154407,graphhopper,offline,ohare_filtered_vid_1_sr_5.0,1609c159741a4fcf8582d332c3da5bfb,1,batches,10.0,50.0,1.0,1.0,1.0,0.0,1.0,0.0,24,0,0,24,1719.0474470363265,0.0,0.0,1,1609c159741a4fcf8582d332c3da5bfb,ohare_filtered_vid_1_sr_5.0,graphhopper,offline,batches,10.0,50.0,graphhopper,offline,1768192103.8164325,1768192113.4593072,7,67,9.642874717712402,6.948135484632174,1608.5399678579831,1690.700414001185,1692.2530405026919,1693.8112818992522,1694.2533611775434,1694.3638809971162,1607.1457862854004,1691.4852857589722,1692.5782561302185,1694.0807700157168,1694.4401621818545,1694.530010223389,9.571428571428571,332.609375,50.0
20.0,0.2471041459403493,0.7464681539711191,4.680384434241921,322.47333559782606,367.5390625,772.7524898748193,154.58497925230353,1765.272893057184,400.68107333593855,16227.802287371203,3246.284564298374,graphhopper,offline,ohare_filtered_vid_1_sr_5.0,09d76f885e4343b48596c20053b0fe7e,1,batches,30.0,50.0,1.0,1.0,1.0,0.0,1.0,0.0,24,0,0,24,1719.0474470363265,0.0,0.0,1,09d76f885e4343b48596c20053b0fe7e,ohare_filtered_vid_1_sr_5.0,graphhopper,offline,batches,30.0,50.0,graphhopper,offline,1768192124.3607776,1768192130.6043942,3,67,6.243616580963135,10.730960034330717,3743.3931896666763,4987.133178998192,5021.565585499047,5049.111510699731,5054.620695739868,5055.997991999902,3121.8082904815674,3121.8082904815674,4089.015007019043,4862.780380249023,5017.5334548950195,5056.221723556519,22.333333333333332,332.609375,40.000000000007276
15.0,0.0011994561931654,0.001746214572279,0.0181328898823863,7.289981617647059,10.1640625,914.4433195395776,1742.104440154284,1426.7608793180798,2983.809764735644,14631.093112633243,27873.671042468544,osrm,offline,ohare_filtered_vid_1_sr_5.0,b13cebdf945a4e96a2432cba0fd2fef5,1,batches,5.0,,1.0,0.98560280745877,0.9927492082066222,0.0072507917933778,0.98560280745877,0.0143971925412298,23,0,1,24,1719.0474470363265,0.0,24.749457082491634,1,b13cebdf945a4e96a2432cba0fd2fef5,ohare_filtered_vid_1_sr_5.0,osrm,offline,batches,5.0,,osrm,offline,1768192132.2158916,1768192142.640139,14,67,10.42424750328064,6.4273224497897115,792.6015855716416,840.3833480006142,840.7572655014519,841.3605941521382,841.4885812276771,841.5205779965618,801.8652108999399,840.6438827514648,840.874195098877,841.5213108062744,841.6378116607666,841.6669368743896,4.785714285714286,332.609375,50.000000000007276
15.0,0.0009681747582686,0.0013961534514925,0.0140946426808056,6.149126838235294,8.328125,602.5596921115032,1336.140472751864,1010.774268511672,2368.206168796873,9640.955073784053,21378.24756402982,osrm,offline,ohare_filtered_vid_1_sr_5.0,8c97c84e1ccc44a7a9f4d72eef08e56e,1,batches,10.0,,1.0,0.98560280745877,0.9927492082066222,0.0072507917933778,0.98560280745877,0.0143971925412298,23,0,1,24,1719.0474470363265,0.0,24.749457082491634,1,8c97c84e1ccc44a7a9f4d72eef08e56e,ohare_filtered_vid_1_sr_5.0,osrm,offline,batches,10.0,,osrm,offline,1768192145.0364454,1768192154.6116416,7,67,9.575196266174316,6.997245605992079,1583.7706465723127,1679.6036700034165,1679.9835980018543,1680.2985148016887,1680.3964765609999,1680.4209670008277,1595.866044362386,1679.9135208129883,1680.1629662513733,1680.4897785186765,1680.5716037750242,1680.592060089111,9.571428571428571,332.609375,40.0
15.0,0.0005263745655046,0.0011185911111111,0.0073034019369636,3.3428819444444446,4.05078125,298.16260158889435,609.5724381346296,570.317003436426,1162.5786666666663,4770.60162542231,9753.159010154071,osrm,offline,ohare_filtered_vid_1_sr_5.0,2ce1009c1d1f4184b1c638825d0df7f4,1,batches,30.0,,1.0,0.98560280745877,0.9927492082066222,0.0072507917933778,0.98560280745877,0.0143971925412298,23,0,1,24,1719.0474470363265,0.0,24.749457082491634,1,2ce1009c1d1f4184b1c638825d0df7f4,ohare_filtered_vid_1_sr_5.0,osrm,offline,batches,30.0,,osrm,offline,1768192160.364734,1768192166.5739598,3,67,6.20922589302063,10.790394995181309,3691.504279668152,4865.509320006822,4949.012714503624,5015.815430101065,5029.175973220554,5032.516109000426,3104.612946510315,3104.612946510315,4068.6190724372864,4839.8239731788635,4994.064953327179,5032.625198364258,22.333333333333332,332.609375,19.999999999992724
21.0,1.158304637747126,2.7795184468368213,24.081281641935096,1460.1500355113635,1514.015625,235.07061520896931,617.4922402048845,510.81178442268674,2008.65,5171.553534597326,13584.82928450746,graphium,online,ohare_filtered_vid_1_sr_10.0,d694658ba7644e20975e9746ce813997,1,native,5.0,,1.0,0.8745546390421929,0.9330799122388326,0.0669200877611674,0.8745546390421929,0.125445360957807,22,0,2,24,1719.0474470363265,0.0,215.6465274970687,1,d694658ba7644e20975e9746ce813997,ohare_filtered_vid_1_sr_10.0,graphium,online,native,5.0,,graphium,online,1768192187.4996576,1768192188.8474362,2,34,1.347778558731079,25.226696017490205,5650.4554849998385,5650.4554849998385,7801.871077999749,9523.003552399678,9867.230047279663,9953.28667099966,1347.778558731079,1347.778558731079,1347.778558731079,1347.778558731079,1347.778558731079,1347.778558731079,17.0,332.1328125,20.0
22.0,1.1503119532611386,2.814226372725243,25.061761052302234,1444.7537364130435,1480.02734375,262.7092224576655,596.6140001365015,617.6266200103681,2044.35,6042.312116526306,13722.122003139537,graphium,online,ohare_filtered_vid_1_sr_10.0,4f321b7078124bc29697495a83685122,1,native,10.0,,1.0,0.8745546390421929,0.9330799122388326,0.0669200877611674,0.8745546390421929,0.125445360957807,22,0,2,24,1719.0474470363265,0.0,215.6465274970687,1,4f321b7078124bc29697495a83685122,ohare_filtered_vid_1_sr_10.0,graphium,online,native,10.0,,graphium,online,1768192210.2138216,1768192211.561989,2,34,1.3481674194335938,25.219419717385275,5661.136298000201,5661.136298000201,7817.682266499105,9542.919041298228,9887.966396258053,9974.228234998009,1348.1674194335938,1348.1674194335938,1348.1674194335938,1348.1674194335938,1348.1674194335938,1348.1674194335938,17.0,332.1328125,10.0
21.0,1.2468131018278297,2.8412036933407947,26.12420167078711,1454.5949928977273,1499.28125,217.8128809241645,531.5250723938591,477.6794897811277,2008.65,4791.883380331618,11693.5515926649,graphium,online,ohare_filtered_vid_1_sr_10.0,4105dc938397459bb06159bb0c997a13,1,native,30.0,,1.0,0.8745546390421929,0.9330799122388326,0.0669200877611674,0.8745546390421929,0.125445360957807,22,0,2,24,1719.0474470363265,0.0,215.6465274970687,1,4105dc938397459bb06159bb0c997a13,ohare_filtered_vid_1_sr_10.0,graphium,online,native,30.0,,graphium,online,1768192232.9162102,1768192234.264544,2,34,1.3483338356018066,25.21630704670751,5654.946808001113,5654.946808001113,7808.344500999736,9531.062655398635,9875.606286278415,9961.74219399836,1348.3338356018066,1348.3338356018066,1348.3338356018066,1348.3338356018066,1348.3338356018066,1348.3338356018066,17.0,332.1328125,30.0
14.0,0.1655815014064559,0.2665639017881091,2.315931449668268,162.33409926470588,216.6796875,7762.16231717674,34841.1401555304,18324.456316410862,66032.31158161418,116432.43475765108,522617.1023329559,barefoot,online,ohare_filtered_vid_1_sr_10.0,49b4fd8fb1e943cebd7feb9c92555853,1,native,,,1.0,1.0,1.0,0.0,1.0,0.0,24,0,0,24,1719.0474470363265,0.0,0.0,1,49b4fd8fb1e943cebd7feb9c92555853,ohare_filtered_vid_1_sr_10.0,barefoot,online,native,,,barefoot,online,1768192236.1801133,1768192247.2206757,34,34,11.040562391281128,3.0795532686677474,325.1880345883632,333.84997049870435,336.4440565001132,340.75110900157597,341.6429806504311,341.88038099819096,334.5624894806833,334.0251445770264,336.61890029907227,340.9210205078125,341.7848587036133,342.01526641845703,1.0,332.1328125,40.0
19.0,0.2577724757970759,0.5885750397784492,4.591461151751154,325.90696022727275,375.421875,699.4992607587003,367.5346244328244,1169.6104807579834,760.3228447771669,13989.985215174003,7350.692488656487,graphhopper,offline,ohare_filtered_vid_1_sr_10.0,888418068b864644a29d6c737b01d60e,1,batches,5.0,50.0,0.8484052714992013,0.7575973598966127,0.8004340481703138,0.1995659518296861,0.6672697294795835,0.3777716317216307,19,2,5,24,1719.0474470363265,232.70571944922307,416.7016396245935,1,888418068b864644a29d6c737b01d60e,ohare_filtered_vid_1_sr_10.0,graphhopper,offline,batches,5.0,50.0,graphhopper,offline,1768192264.6195748,1768192274.3971744,7,34,9.777599573135376,3.4773361033742196,1603.2235200005484,1686.9103080025525,1688.0142699992575,1690.115583401348,1690.7519558814238,1690.9110490014427,1629.599928855896,1687.5237226486206,1688.3176565170288,1690.421462059021,1690.9504652023315,1691.0827159881592,4.857142857142857,332.1328125,20.0
20.0,0.253175003050319,0.830777812278481,4.747189277094674,333.13671875,378.8984375,402.8832575710087,138.83660657005456,797.1348170887694,360.7734075211051,8460.548408991182,2915.5687379711458,graphhopper,offline,ohare_filtered_vid_1_sr_10.0,23f5486d72de441db1577427f13d6bb4,1,batches,10.0,50.0,1.0,0.8745546390421929,0.9330799122388326,0.0669200877611674,0.8745546390421929,0.125445360957807,22,0,2,24,1719.0474470363265,0.0,215.6465274970687,1,23f5486d72de441db1577427f13d6bb4,ohare_filtered_vid_1_sr_10.0,graphhopper,offline,batches,10.0,50.0,graphhopper,offline,1768192283.447591,1768192291.5312457,4,34,8.083654642105103,4.206018379719634,2799.526854749274,3240.9054124982504,3369.320000996595,3375.210318599784,3376.3883821204217,3376.682898000581,2694.551467895508,3367.0334815979004,3371.949315071106,3375.8819818496704,3376.6685152053833,3376.8651485443115,8.5,332.1328125,19.999999999992724
20.0,0.2022974926367007,0.60014325,3.6659423977144665,295.55825407608694,327.46484375,430.3215766147215,13.082025411949958,1256.15,39.900000000000006,9036.753108909152,274.7225336509491,graphhopper,offline,ohare_filtered_vid_1_sr_10.0,e424d999f5aa46f999003c190c790d57,1,batches,30.0,50.0,1.0,0.8745546390421929,0.9330799122388326,0.0669200877611674,0.8745546390421929,0.125445360957807,22,0,2,24,1719.0474470363265,0.0,215.6465274970687,1,e424d999f5aa46f999003c190c790d57,ohare_filtered_vid_1_sr_10.0,graphhopper,offline,batches,30.0,50.0,graphhopper,offline,1768192307.2978745,1768192308.63776,2,34,1.3398854732513428,25.375303097731326,5591.474783002923,5591.474783002923,7717.3667145034415,9418.080259703856,9758.22296874394,9843.25864600396,1339.8854732513428,1339.8854732513428,1339.8854732513428,1339.8854732513428,1339.8854732513428,1339.8854732513428,17.0,332.1328125,20.0
15.0,0.000841474560469,0.0012769889018691,0.0125666508520137,4.827895220588236,6.10546875,533.8224087454912,983.5330059682358,855.4003104901307,1762.1691413815363,8541.15853992786,15736.528095491773,osrm,offline,ohare_filtered_vid_1_sr_10.0,6439371cde5a4800af795301ffb3b14c,1,batches,5.0,,0.9057309655725008,0.8063733919714889,0.8531691981322979,0.1468308018677021,0.7439364174234301,0.2775544452545803,20,1,4,24,1719.0474470363265,144.27593431875482,332.8533262097152,1,6439371cde5a4800af795301ffb3b14c,ohare_filtered_vid_1_sr_10.0,osrm,offline,batches,5.0,,osrm,offline,1768192310.903258,1768192320.6271148,7,34,9.723856687545776,3.4965550287826517,1580.7922264315753,1676.5296930025215,1676.802032005071,1677.3406908054312,1677.498069365247,1677.5374140052008,1620.6427812576294,1676.737904548645,1676.977276802063,1677.5385141372678,1677.6755571365354,1677.7098178863523,4.857142857142857,332.1328125,20.0
15.0,0.0007138917430236,0.001249517593397,0.0101727502949808,4.490808823529412,6.2578125,383.0595613623447,817.9060046468564,607.032695866749,1585.89797752809,6128.952981797514,13086.496074349703,osrm,offline,ohare_filtered_vid_1_sr_10.0,58ceda52942d42719559a7b37569cf1a,1,batches,10.0,,0.9057309655725008,0.8063733919714889,0.8531691981322979,0.1468308018677021,0.7439364174234301,0.2775544452545803,20,1,4,24,1719.0474470363265,144.27593431875482,332.8533262097152,1,58ceda52942d42719559a7b37569cf1a,ohare_filtered_vid_1_sr_10.0,osrm,offline,batches,10.0,,osrm,offline,1768192324.525213,1768192332.5691457,4,34,8.043932676315308,4.226788235076877,2765.15806624775,3184.3739904979884,3351.8914059968665,3352.52599719679,3352.6529154367745,3352.6846449967707,2681.3108921051025,3351.7682552337646,3352.296829223633,3352.7196884155273,3352.8042602539062,3352.825403213501,8.5,332.1328125,10.0
15.0,0.0006315775246004,0.0012094,0.0089250313379343,3.134982638888889,4.796875,284.74791359020844,640.4262346987223,492.4702180265229,1571.35,4555.966617443335,10246.819755179557,osrm,offline,ohare_filtered_vid_1_sr_10.0,d83f58d104a44d11b200c6fb647a9493,1,batches,30.0,,1.0,0.8063733919714889,0.8928092005290305,0.1071907994709695,0.8063733919714889,0.1936266080285109,20,0,4,24,1719.0474470363265,0.0,332.8533262097152,1,d83f58d104a44d11b200c6fb647a9493,ohare_filtered_vid_1_sr_10.0,osrm,offline,batches,30.0,,osrm,offline,1768192343.1611736,1768192344.500735,2,34,1.3395614624023438,25.38144083290143,5528.060642998753,5528.060642998753,7622.374688997297,9297.825925796133,9632.9161731559,9716.688734995842,1339.5614624023438,1339.5614624023438,1339.5614624023438,1339.5614624023438,1339.5614624023438,1339.5614624023438,17.0,332.1328125,20.0
21.0,1.0999348982830226,2.6621676389653275,23.001691036586,1453.4968039772727,1500.0,104.60235521343658,2.861180579800406,297.24825700475174,11.87977044476327,2301.251814695605,62.945972755608935,graphium,online,ohare_filtered_vid_1_sr_20.0,0d46319edec44de78c7131c35c110ee3,1,native,5.0,,1.0,1.0,1.0,0.0,1.0,0.0,24,0,0,24,1719.0474470363265,0.0,0.0,1,0d46319edec44de78c7131c35c110ee3,ohare_filtered_vid_1_sr_20.0,graphium,online,native,5.0,,graphium,online,1768192366.3510184,1768192366.3510184,1,17,0.0,,10934.317583996744,10934.317583996744,10934.317583996744,10934.317583996744,10934.317583996744,10934.317583996744,,,,,,,17.0,332.08984375,20.00000000000728
21.0,1.1009126132543985,2.729819960861057,22.91533487862021,1450.5933948863635,1482.25,93.38409001775588,2.470151289981654,302.0926686656672,10.762331838565022,2054.449980390629,54.34332837959639,graphium,online,ohare_filtered_vid_1_sr_20.0,1e55a651ddc443839bc86c59304504c8,1,native,10.0,,1.0,1.0,1.0,0.0,1.0,0.0,24,0,0,24,1719.0474470363265,0.0,0.0,1,1e55a651ddc443839bc86c59304504c8,ohare_filtered_vid_1_sr_20.0,graphium,online,native,10.0,,graphium,online,1768192388.667145,1768192388.667145,1,17,0.0,,10944.80832899717,10944.80832899717,10944.80832899717,10944.80832899717,10944.80832899717,10944.80832899717,,,,,,,17.0,332.24609375,10.0
21.0,1.1513628517717622,2.7477894418941773,24.064761635619934,1456.530184659091,1492.16796875,95.398642568495,2.463180824208131,310.5321888412017,11.14442060085837,2098.7701365068897,54.18997813257889,graphium,online,ohare_filtered_vid_1_sr_20.0,9b4663f950ce4fc8869c23f5c885f2d1,1,native,30.0,,1.0,1.0,1.0,0.0,1.0,0.0,24,0,0,24,1719.0474470363265,0.0,0.0,1,9b4663f950ce4fc8869c23f5c885f2d1,ohare_filtered_vid_1_sr_20.0,graphium,online,native,30.0,,graphium,online,1768192411.0056832,1768192411.0056832,1,17,0.0,,10942.95425099699,10942.95425099699,10942.95425099699,10942.95425099699,10942.95425099699,10942.95425099699,,,,,,,17.0,332.24609375,10.0
14.0,0.1530789150560206,0.2499323223911903,2.125638216665997,149.66590073529412,208.37109375,6786.175648276988,16649.985972592443,14790.539449541286,31076.689402676227,101792.63472415482,249749.78958888663,barefoot,online,ohare_filtered_vid_1_sr_20.0,2a27c5c55e8c46259a9ded355ae63118,1,native,,,1.0,1.0,1.0,0.0,1.0,0.0,24,0,0,24,1719.0474470363265,0.0,0.0,1,2a27c5c55e8c46259a9ded355ae63118,ohare_filtered_vid_1_sr_20.0,barefoot,online,native,,,barefoot,online,1768192412.9131994,1768192423.5999432,17,17,10.68674373626709,1.5907558391531291,629.6644190583987,666.4142879963038,669.7295430058148,677.4318246039911,680.6178617206751,681.4143709998461,667.9214835166931,667.5169467926025,670.111358165741,677.8289079666138,680.8246850967407,681.5736293792725,1.0,332.24609375,30.0
19.0,0.2838066978924055,0.6960473350752879,4.980086622772821,346.1841517857143,380.3828125,403.417980238716,193.1934560323631,716.1584393663983,483.84,8068.359604774321,3863.8691206472618,graphhopper,offline,ohare_filtered_vid_1_sr_20.0,d667f1e8192a4d1aae0aa0f3f8a77388,1,batches,5.0,50.0,0.931494469647952,0.7823324175151046,0.8504223218809835,0.1495776781190164,0.7397693414441358,0.2752031867421355,19,1,5,24,1719.0474470363265,98.90643361210076,374.1809019732286,1,d667f1e8192a4d1aae0aa0f3f8a77388,ohare_filtered_vid_1_sr_20.0,graphhopper,offline,batches,5.0,50.0,graphhopper,offline,1768192442.32921,1768192450.3874848,4,17,8.058274745941162,2.1096327112155935,2711.510604751311,3071.585509002034,3357.6622894997854,3364.33270430025,3365.666787260343,3366.000308000366,2686.091581980387,3355.0658226013184,3360.610008239746,3365.0453567504883,3365.9324264526367,3366.154193878174,4.25,332.24609375,19.999999999992724
19.0,0.2617247507813718,0.8178237426054124,4.673213878434233,326.8245738636364,392.17578125,290.09437837518766,93.45007800660494,422.2837690692018,209.88333333333333,5801.887567503753,1869.0015601320988,graphhopper,offline,ohare_filtered_vid_1_sr_20.0,1baf70feee7b40f2bf2eae7c6a25672b,1,batches,10.0,50.0,0.824447957369975,0.7823324175151046,0.8028382393589713,0.1971617606410287,0.670618011495026,0.3842518437262999,19,2,5,24,1719.0474470363265,286.3662490034688,374.1809019732286,1,1baf70feee7b40f2bf2eae7c6a25672b,ohare_filtered_vid_1_sr_20.0,graphhopper,offline,batches,10.0,50.0,graphhopper,offline,1768192462.4658618,1768192467.1706555,2,17,4.704793691635132,3.6133359110358185,5422.8186325017305,5422.8186325017305,5781.933357253365,6069.225137054673,6126.683493014934,6141.048082005,4704.793691635132,4704.793691635132,4704.793691635132,4704.793691635132,4704.793691635132,4704.793691635132,8.5,332.24609375,10.0
20.0,0.2201819532799193,0.5271784,4.1353609374623765,328.85653409090907,354.16796875,267.51396745548067,10.90954975821438,561.0028985507247,24.68629776021081,5617.793316565094,229.100544922502,graphhopper,offline,ohare_filtered_vid_1_sr_20.0,f2893745057e402bac16a0852d168ba2,1,batches,30.0,50.0,0.8297543375297893,0.8119091630509955,0.8207347601788179,0.1792652398211821,0.695971298452984,0.354675098190409,20,2,4,24,1719.0474470363265,286.3662490034688,323.33707306811215,1,f2893745057e402bac16a0852d168ba2,ohare_filtered_vid_1_sr_20.0,graphhopper,offline,batches,30.0,50.0,graphhopper,offline,1768192483.9185157,1768192483.9185157,1,17,0.0,,10828.478123999956,10828.478123999956,10828.478123999956,10828.478123999956,10828.478123999956,10828.478123999956,,,,,,,17.0,332.24609375,10.0
15.0,0.0002564905548917,0.0004733091748017,0.0039006464824998,3.624080882352941,4.5078125,293.49093297493664,420.763638486676,542.704942037828,826.9745729103112,4695.854927598986,6732.2182157868165,osrm,offline,ohare_filtered_vid_1_sr_20.0,46a7b653f3e54236a84b104792a42173,1,batches,5.0,,0.9999999999999996,0.6470390806491894,0.7856997302020972,0.2143002697979028,0.6470390806491892,0.3529609193508105,15,0,9,24,1719.0474470363265,0.0,606.7565673136054,1,46a7b653f3e54236a84b104792a42173,ohare_filtered_vid_1_sr_20.0,osrm,offline,batches,5.0,,osrm,offline,1768192487.5192387,1768192495.5444784,4,17,8.025239706039429,2.118316788370393,2675.2540594989114,3010.04740999997,3343.730298500305,3344.1090412998165,3344.184789859719,3344.2037269996945,2675.079902013143,3343.749761581421,3344.0728187561035,3344.3312644958496,3344.382953643799,3344.395875930786,4.25,332.24609375,9.999999999992724
14.0,0.0005653442668044,0.0010798268172888,0.0074003371847773,2.9060202205882355,3.70703125,254.87116085947216,389.13716854514007,437.63622513753705,769.5335462058601,3823.0674128920823,5837.057528177101,osrm,offline,ohare_filtered_vid_1_sr_20.0,1b8378b85b78435db0ad42b834184fdf,1,batches,10.0,,1.0,0.7724844416069965,0.8716403072137943,0.1283596927862057,0.7724844416069964,0.2275155583930034,17,0,7,24,1719.0474470363265,0.0,391.1100398165368,1,1b8378b85b78435db0ad42b834184fdf,ohare_filtered_vid_1_sr_20.0,osrm,offline,batches,10.0,,osrm,offline,1768192502.4750316,1768192507.1560962,2,17,4.681064605712891,3.6316525047000563,5349.072431999957,5349.072431999957,5683.1560249993345,5950.422899398836,6003.876274278737,6017.239617998712,4681.064605712891,4681.064605712891,4681.064605712891,4681.064605712891,4681.064605712891,4681.064605712891,8.5,332.24609375,10.0
15.0,0.0004673333834255,0.0014213888310648,0.0065152727657137,2.1739430147058822,2.21875,158.62505085959026,6.071469741046321,289.2548055431381,12.847787610619468,2538.000813753444,97.14351585674112,osrm,offline,ohare_filtered_vid_1_sr_20.0,ebab0a8e443f46fcab37df98e608cbd2,1,batches,30.0,,1.0,0.7724844416069965,0.8716403072137943,0.1283596927862057,0.7724844416069964,0.2275155583930034,17,0,7,24,1719.0474470363265,0.0,391.1100398165368,1,ebab0a8e443f46fcab37df98e608cbd2,ohare_filtered_vid_1_sr_20.0,osrm,offline,batches,30.0,,osrm,offline,1768192518.7299936,1768192518.7299936,1,17,0.0,,10695.856461999938,10695.856461999938,10695.856461999938,10695.856461999938,10695.856461999938,10695.856461999938,,,,,,,17.0,332.24609375,10.0
21.0,1.224618489481763,2.6061064615384617,25.73152005193212,1445.069424715909,1470.23046875,6202.38676566371,3251.507460772962,15114.740093343706,7517.236876469052,136452.50884460163,71533.16413700517,graphium,online,ohare_filtered_vid_557_sr_1.0,6600cfae3fd840cfa95d67991dbce393,557,native,5.0,,0.9481922841866766,0.914034192741126,0.9307999642124452,0.0692000357875548,0.8705573635029237,0.135907179373931,23,3,6,29,1716.8171474325743,85.74020401344085,147.58757199491856,557,6600cfae3fd840cfa95d67991dbce393,ohare_filtered_vid_557_sr_1.0,graphium,online,native,5.0,,graphium,online,1768192530.7653885,1768192540.8402162,91,304,10.074827671051025,30.17421338863319,122.6634432638133,176.17936900205677,177.21602199890185,184.10141099593602,303.3472493996619,1099.9231320020044,111.94252967834473,176.26237869262695,177.31261253356934,183.15665721893308,198.06643962860107,215.00492095947263,3.340659340659341,332.99609375,170.0
21.0,1.256476080694353,2.8335279277017693,26.2755051077803,1453.5102982954545,1499.90625,1795.490534677365,1805.69111893881,4303.159973666887,4695.122547728769,39500.79176290203,39725.20461665382,graphium,online,ohare_filtered_vid_557_sr_1.0,a117e9d503504e88901d18825e3e768b,557,native,10.0,,0.9953176525488676,0.9682724413895992,0.9816087954066216,0.0183912045933782,0.9638818471518096,0.0362826752471167,26,1,3,29,1716.8171474325743,7.820302350469181,54.4704166685083,557,a117e9d503504e88901d18825e3e768b,ohare_filtered_vid_557_sr_1.0,graphium,online,native,10.0,,graphium,online,1768192553.330958,1768192563.086072,29,304,9.755114078521729,31.163141461290586,374.23919041335967,351.23014399869135,355.2039100031834,392.2475176004809,905.8965603969401,1101.8290579959285,348.39693137577603,351.2599468231201,354.0768623352051,377.195942401886,395.6382751464843,402.2583961486816,10.482758620689655,333.15234375,99.99999999999272
21.0,1.1822076036467235,2.698248221253156,24.90913909689458,1444.7111150568182,1486.046875,1301.9006938970913,852.5948416910283,2807.9136690647483,2291.9114148681056,28641.815265736008,18757.08651720262,graphium,online,ohare_filtered_vid_557_sr_1.0,6fc12b0fa4a34007b2222b87d1f5b8a2,557,native,30.0,,0.9953176525488676,0.9682724413895992,0.9816087954066216,0.0183912045933782,0.9638818471518096,0.0362826752471167,26,1,3,29,1716.8171474325743,7.820302350469181,54.4704166685083,557,6fc12b0fa4a34007b2222b87d1f5b8a2,ohare_filtered_vid_557_sr_1.0,graphium,online,native,30.0,,graphium,online,1768192575.5625162,1768192585.222599,11,304,9.660082817077637,31.469709500064713,978.1171378172902,1045.7566389959538,1062.0613409992075,1116.149002999009,1128.4383933976642,1131.510740997328,966.0082817077637,1044.556975364685,1054.7630190849304,1102.88565158844,1125.9135103225708,1131.6704750061035,27.636363636363637,333.15234375,100.00000000000728
14.0,0.5241326526808364,0.7192965537059538,7.553484978336853,433.3377757352941,662.11328125,18485.843419024743,1574702.7291796012,27324.75504252734,3160775.1658108463,277287.6512853712,23620540.937694017,barefoot,online,ohare_filtered_vid_557_sr_1.0,a069ad7b537e4f0eb94aaeeb9692f426,557,native,,,0.9743378364557485,0.9897083116008486,0.9819629299460374,0.0180370700539626,0.9645650034079676,0.0363586803634521,28,4,1,29,1716.8171474325743,44.75225878629855,17.668947119696114,557,a069ad7b537e4f0eb94aaeeb9692f426,ohare_filtered_vid_557_sr_1.0,barefoot,online,native,,,barefoot,online,1768192587.1099722,1768192597.6600416,304,304,10.550069332122803,28.814976511517532,34.61897397380055,34.520859000622295,36.15050475127646,39.14999434600759,42.58104057320451,49.52215700177476,34.818710667071954,34.68036651611328,36.31317615509033,39.30666446685791,42.73109912872315,49.67188835144043,1.0,336.58984375,749.9999999999927
20.0,0.2973854656264165,0.6445267507729863,5.60056802738176,369.46732954545456,396.765625,4757.060501059714,2848.265060780492,10707.345511076564,6622.749060759166,99898.270522254,59813.56627639032,graphhopper,offline,ohare_filtered_vid_557_sr_1.0,a306f07350b44e8e9bbf2dc64c030f48,557,batches,5.0,50.0,0.4996001419070384,0.7751136365055576,0.6075824853395664,0.3924175146604336,0.4363507920163847,1.0012407340772105,20,24,9,29,1716.8171474325743,1332.8584959007196,386.0887650710136,557,a306f07350b44e8e9bbf2dc64c030f48,ohare_filtered_vid_557_sr_1.0,graphhopper,offline,batches,5.0,50.0,graphhopper,offline,1768192613.8359551,1768192624.6257346,61,304,10.789779424667358,28.17481136871082,180.5848932132501,179.9257230013609,181.31311500474112,183.4042140035308,207.4947929984773,234.87267900054576,179.8296570777893,180.05084991455078,181.4214587211609,183.27347040176392,187.2046065330505,189.41068649291992,4.983606557377049,336.58984375,240.00000000000728
19.0,0.3041737716213616,0.641443415258216,5.442032017169017,344.9944196428572,374.56640625,3685.2731489703992,1497.3712316441702,8121.86046511628,3454.418604651163,73705.46297940798,29947.424632883405,graphhopper,offline,ohare_filtered_vid_557_sr_1.0,b2b5029199574c77a699dbf181b31c43,557,batches,10.0,50.0,0.5648336741564585,0.7751136365055576,0.6534738787302056,0.3465261212697944,0.4853035291390931,0.8220592459595152,20,15,9,29,1716.8171474325743,1025.2366445977746,386.0887650710136,557,b2b5029199574c77a699dbf181b31c43,ohare_filtered_vid_557_sr_1.0,graphhopper,offline,batches,10.0,50.0,graphhopper,offline,1768192630.9669485,1768192641.4057305,31,304,10.438781976699829,29.12217159804195,349.8507765808984,353.8088860004791,357.06336249859305,363.68475750350626,397.75701669932454,410.8841889974428,347.9594071706136,353.8020849227905,356.9044470787049,359.89532470703125,365.3055381774903,367.3028945922852,9.806451612903226,336.74609375,170.00000000000728
19.0,0.2645205697053192,0.69210862609375,4.598302768012633,313.1796875,360.60546875,2988.73701129914,552.5200429414421,6651.038428056212,1308.1706255440863,59774.7402259828,11050.400858828842,graphhopper,offline,ohare_filtered_vid_557_sr_1.0,2527679ef3eb477f92ea8f60701662f3,557,batches,30.0,50.0,0.5831159206988881,0.7751136365055576,0.6655444941538223,0.3344555058461776,0.4987386175395942,0.7790343866200478,20,14,9,29,1716.8171474325743,951.3708283179024,386.0887650710136,557,2527679ef3eb477f92ea8f60701662f3,ohare_filtered_vid_557_sr_1.0,graphhopper,offline,batches,30.0,50.0,graphhopper,offline,1768192648.4332306,1768192658.0304024,11,304,9.597171783447266,31.6759986024554,972.1654519995685,1049.9988089941326,1052.3106024993467,1081.8226745032007,1095.0326685007894,1098.3351670001866,959.7171783447266,1049.3451356887817,1051.4978170394895,1059.9287033081055,1064.3716430664062,1065.4823780059814,27.636363636363637,336.74609375,150.0
15.0,0.0036494731352769,0.0057962767362028,0.056585774856514,14.035615808823527,18.56640625,3432.280308748277,6443.00383746366,6046.459125475285,11393.179657794675,54916.48493997243,103088.06139941856,osrm,offline,ohare_filtered_vid_557_sr_1.0,1829737e92124ff0931c1e3cd4806e7a,557,batches,5.0,,0.9242641629150784,0.9714106586767068,0.9472511309030324,0.0527488690969676,0.8997883148671253,0.1081884454972098,27,4,2,29,1716.8171474325743,136.65710696605225,49.0826714176322,557,1829737e92124ff0931c1e3cd4806e7a,ohare_filtered_vid_557_sr_1.0,osrm,offline,batches,5.0,,osrm,offline,1768192659.1033096,1768192669.55386,61,304,10.450550317764282,29.089377186505487,173.50976583588445,174.57770300097764,174.8760010013939,175.2745350022451,175.4708281994681,175.52373799844645,174.1758386294047,174.70526695251465,175.03434419631958,175.43669939041138,175.64951181411743,175.66990852355957,4.983606557377049,336.74609375,170.00000000000728
14.0,0.0026281539128386,0.0037418988061398,0.0378081536276441,13.790441176470589,20.37109375,2363.4732392446563,5046.572294464547,3859.674067592694,8486.8205184294,35452.09858866985,75698.5844169682,osrm,offline,ohare_filtered_vid_557_sr_1.0,5b8e683503904815837d38518dbef6a6,557,batches,10.0,,0.9115542496726706,0.9714106586767068,0.9405310849582548,0.0594689150417452,0.8877382541432993,0.1228428041462444,27,6,2,29,1716.8171474325743,161.81596117934168,49.0826714176322,557,5b8e683503904815837d38518dbef6a6,ohare_filtered_vid_557_sr_1.0,osrm,offline,batches,10.0,,osrm,offline,1768192670.740971,1768192680.943539,31,304,10.20256781578064,29.79642041974898,339.1161301291093,346.9089710051776,347.0653954973386,347.5566679990152,347.6185797007929,347.6347830001032,340.08558591206867,347.0264673233032,347.19401597976685,347.68649339675903,347.73611545562744,347.75257110595703,9.806451612903226,336.74609375,120.00000000001455
13.0,0.0019183099660957,0.0028015569516525,0.0253720204777212,10.638671875,15.765625,1443.7035761796617,3628.536596273408,2177.121771217712,5610.3551660516605,20211.85006651526,50799.51234782772,osrm,offline,ohare_filtered_vid_557_sr_1.0,2d09409771b94001af9a627e57787d0b,557,batches,30.0,,0.9609427425255854,0.9714106586767068,0.9661483472811792,0.0338516527188207,0.9345135201364764,0.068072064414171,27,4,2,29,1716.8171474325743,67.78461602975143,49.0826714176322,557,2d09409771b94001af9a627e57787d0b,ohare_filtered_vid_557_sr_1.0,osrm,offline,batches,30.0,,osrm,offline,1768192682.8378634,1768192692.3187015,11,304,9.480838060379028,32.064675935182734,952.9747969083309,1037.8642259966,1038.298372997815,1038.8792649937386,1039.016876993264,1039.0512799931455,948.0838298797607,1038.0953550338745,1038.5957956314087,1039.070463180542,1039.194746017456,1039.2258167266846,27.636363636363637,336.74609375,100.0
21.0,1.1517636948698011,2.829502031063322,24.10574455140734,1447.7677556818182,1498.64453125,539.472333817806,795.0104414693564,1330.7211460604174,2117.5,11868.391343991732,17490.22971232584,graphium,online,ohare_filtered_vid_557_sr_5.0,d379e0887ac04393bd10bc20044951d8,557,native,5.0,,0.9803132113576252,0.7434819753118441,0.845628539214871,0.1543714607851289,0.7325445646756797,0.2714487349323944,18,2,11,29,1716.8171474325743,25.633299370655788,440.3945434101586,557,d379e0887ac04393bd10bc20044951d8,ohare_filtered_vid_557_sr_5.0,graphium,online,native,5.0,,graphium,online,1768192708.2791214,1768192713.6205862,10,61,5.3414647579193115,11.420088452247253,1038.0723497997678,844.4912480044877,847.2077699989313,3155.5190710005218,4663.520032602902,5040.520273003494,593.4960842132568,844.5022106170654,846.6742038726807,850.1106262207031,851.4567565917969,851.7932891845703,6.1,333.14453125,40.0
20.0,1.2258473949098092,2.5968123351337766,24.46253587212366,1446.5026041666667,1483.30078125,339.7742490201942,509.08472856744015,781.4941000629327,1457.975,7135.259229424078,10690.779299916245,graphium,online,ohare_filtered_vid_557_sr_5.0,54e6772c43ea4680b3d18cb29561631a,557,native,10.0,,0.8891111256900978,0.7560215930597576,0.8171829567187509,0.1828170432812491,0.6908785778498815,0.3382685142013635,18,3,11,29,1716.8171474325743,161.87887297914946,418.8663126382908,557,54e6772c43ea4680b3d18cb29561631a,ohare_filtered_vid_557_sr_5.0,graphium,online,native,10.0,,graphium,online,1768192730.0663471,1768192735.41032,5,61,5.34397292137146,11.414728498351963,2068.99168020027,1709.143417996529,1767.096395000408,4354.758541403861,4872.290970684553,5001.674078004726,1335.993230342865,1702.0546197891235,1723.8053679466248,1758.5609316825867,1765.512044429779,1767.2498226165771,12.2,333.14453125,30.0
20.0,1.149510973297175,2.7076783950617287,22.82043385540967,1444.6419270833333,1482.3671875,283.1360962074044,500.2679836185777,508.6467197364809,1242.5671836398571,5945.858020355491,10505.627655990133,graphium,online,ohare_filtered_vid_557_sr_5.0,e01318391ace4fce811c3db16b38b80f,557,native,30.0,,0.984027949558188,0.9198716370581738,0.9508688454308524,0.0491311545691477,0.906339346886854,0.0950590731860647,24,2,5,29,1716.8171474325743,25.633299370655788,137.56574749422816,557,e01318391ace4fce811c3db16b38b80f,ohare_filtered_vid_557_sr_5.0,graphium,online,native,30.0,,graphium,online,1768192751.80585,1768192757.086925,3,61,5.2810750007629395,11.5506786006992,3437.5609026659126,5031.938414998876,5069.78999149942,5100.071252699854,5106.127504939941,5107.641567999963,2640.5375003814697,2640.5375003814697,3874.1707801818848,4861.077404022217,5058.458728790283,5107.8040599823,20.333333333333332,333.14453125,30.000000000007276
13.0,0.2022527158581356,0.3188273808743169,2.6394112126388984,183.797119140625,220.515625,8727.420980476241,108144.99023679244,14145.215234310315,210112.3140449439,122183.8937266674,1514029.8633150945,barefoot,online,ohare_filtered_vid_557_sr_5.0,b8789c1ba48c4be280855d8b49ac025e,557,native,,,0.9738670917112284,0.9714106586767068,0.9726373242423744,0.0273626757576257,0.9467321980770866,0.0546563332875937,27,4,2,29,1716.8171474325743,44.75225878629855,49.0826714176322,557,b8789c1ba48c4be280855d8b49ac025e,ohare_filtered_vid_557_sr_5.0,barefoot,online,native,,,barefoot,online,1768192758.9841585,1768192769.073147,61,61,10.088988542556763,6.046195784908813,165.55314724616034,167.79686699737795,169.2611000034958,172.8024149997509,173.95688299875474,174.1076299949782,168.1498130162557,167.93012619018555,169.41320896148682,172.9904055595398,174.10356283187863,174.25084114074707,1.0,333.61328125,120.0
19.0,0.2759764208074493,0.6236767219490389,5.014030244055962,349.29613095238096,383.703125,1181.5730085179198,646.0623290409551,2400.152605188576,1482.420061032241,23631.4601703584,12921.246580819105,graphhopper,offline,ohare_filtered_vid_557_sr_5.0,ff32cb374294453d9c284cd786f61469,557,batches,5.0,50.0,0.6526891959182136,0.7504466333274361,0.6981625007029352,0.3018374992970648,0.5362900523912641,0.6488831323120138,18,7,11,29,1716.8171474325743,685.5761891300389,428.4374991029864,557,ff32cb374294453d9c284cd786f61469,ohare_filtered_vid_557_sr_5.0,graphhopper,offline,batches,5.0,50.0,graphhopper,offline,1768192785.818356,1768192795.3260064,13,61,9.507650375366211,6.415885901531211,790.222062077821,846.7266380030196,847.7496619962039,856.2459343971568,857.381348478084,857.6652019983158,792.3041979471842,846.9130992889404,848.6140370368958,856.5532326698303,857.6103520393372,857.8746318817139,4.6923076923076925,333.61328125,40.0
18.0,0.2698104010176687,0.6321650068728524,4.494232612462854,334.0522693452381,385.765625,903.4196837051342,322.3523063934383,1807.78200564625,733.6064931876764,17164.97399039755,6124.693821475328,graphhopper,offline,ohare_filtered_vid_557_sr_5.0,e70b71e4081046cdb7009b1ff12747cf,557,batches,10.0,50.0,0.6526891959182136,0.7504466333274361,0.6981625007029352,0.3018374992970648,0.5362900523912641,0.6488831323120138,18,7,11,29,1716.8171474325743,685.5761891300389,428.4374991029864,557,e70b71e4081046cdb7009b1ff12747cf,ohare_filtered_vid_557_sr_5.0,graphhopper,offline,batches,10.0,50.0,graphhopper,offline,1768192802.8764534,1768192811.49179,7,61,8.615336656570435,7.080396556933003,1461.865541571959,1687.3806139992666,1690.1165680028498,1692.6770566991765,1693.169145738357,1693.292167998152,1435.889442761739,1688.3304119110107,1690.8676028251648,1692.9763555526733,1693.3865308761597,1693.4890747070312,8.714285714285714,333.61328125,50.0
19.0,0.2463025363345102,0.5829231892265194,4.343127537463684,320.6715198863636,383.0390625,465.5995543333808,84.81621679858858,1020.9989500524975,223.33670316484177,9311.991086667616,1696.3243359717717,graphhopper,offline,ohare_filtered_vid_557_sr_5.0,f2504403f88841ebbc15ef9a2e448470,557,batches,30.0,50.0,0.584386062542767,0.757996067105316,0.6599645917436415,0.3400354082563585,0.4924978755616476,0.7810888807046471,19,13,10,29,1716.8171474325743,925.510282322939,415.4765017397157,557,f2504403f88841ebbc15ef9a2e448470,ohare_filtered_vid_557_sr_5.0,graphhopper,offline,batches,30.0,50.0,graphhopper,offline,1768192822.412527,1768192827.631433,3,61,5.218905925750732,11.688273532392756,3403.3332556670453,4991.468211999745,5020.975184499548,5044.58076249939,5049.301878099359,5050.482156999351,2609.452962875366,2609.452962875366,3830.054521560669,4806.535768508911,5001.83201789856,5050.656080245972,20.333333333333332,333.61328125,40.000000000007276
13.0,0.0012746589853482,0.0017857732688451,0.0165562800278152,6.891357421875,9.18359375,963.6590317251148,1796.1721382574628,1533.2234339335532,2933.536685265027,13491.226444151604,25146.40993560448,osrm,offline,ohare_filtered_vid_557_sr_5.0,9e1c89577bff470588e0fe3259524f5b,557,batches,5.0,,0.952025471007412,0.8809947859248041,0.9151338866585712,0.0848661133414289,0.8435454618818571,0.1634003601997468,21,1,8,29,1716.8171474325743,76.21834812940365,204.3101921581808,557,9e1c89577bff470588e0fe3259524f5b,ohare_filtered_vid_557_sr_5.0,osrm,offline,batches,5.0,,osrm,offline,1768192829.2469945,1768192838.6677573,13,61,9.420762777328491,6.475059551101252,776.3560096147837,840.8102829998825,841.3065209970227,841.7210323998006,841.789320082753,841.806392003491,785.0635846455892,841.0297632217407,841.5194153785706,841.9247627258301,841.976375579834,841.989278793335,4.6923076923076925,333.61328125,40.0
14.0,0.0009252694079783,0.0013909125523543,0.0130136972089133,5.348388671875,7.16015625,582.7225671168021,1125.6949051124166,952.0794673070626,1936.7,8740.838506752032,16885.423576686248,osrm,offline,ohare_filtered_vid_557_sr_5.0,f8eac47724cb40a9a23bf9e54567a470,557,batches,10.0,,1.0,0.8946725881376733,0.944408647424484,0.0555913525755159,0.8946725881376733,0.1053274118623267,22,0,7,29,1716.8171474325743,0.0,180.8279067799358,557,f8eac47724cb40a9a23bf9e54567a470,ohare_filtered_vid_557_sr_5.0,osrm,offline,batches,10.0,,osrm,offline,1768192841.0813508,1768192849.6456368,7,61,8.56428599357605,7.122601936198212,1439.3516529993835,1678.7714589954703,1679.3727895019401,1679.617793700163,1679.6969291391724,1679.7167129989248,1427.3809989293416,1679.1754961013794,1679.4915795326233,1679.7442436218262,1679.809856414795,1679.826259613037,8.714285714285714,333.61328125,39.999999999992724
13.0,0.0006543900051147,0.0012685958646616,0.0078928642069454,3.203125,3.953125,330.99394512535554,581.7003044079656,551.7839658288156,1117.35,4633.915231754978,8143.804261711519,osrm,offline,ohare_filtered_vid_557_sr_5.0,92f69a9c1d8d41fdb5822fde913ced96,557,batches,30.0,,1.0,0.8946725881376733,0.944408647424484,0.0555913525755159,0.8946725881376733,0.1053274118623267,22,0,7,29,1716.8171474325743,0.0,180.8279067799358,557,92f69a9c1d8d41fdb5822fde913ced96,ohare_filtered_vid_557_sr_5.0,osrm,offline,batches,30.0,,osrm,offline,1768192855.404074,1768192860.605623,3,61,5.201549053192139,11.727275735785843,3355.6919873299194,4865.770069998689,4949.63441699656,5016.725894594856,5030.144190114515,5033.49876399443,2600.77452659607,2600.77452659607,3817.1948194503793,4790.331053733827,4984.958300590516,5033.615112304688,20.333333333333332,333.61328125,20.0
20.0,1.0967255947857706,2.5802943684759008,21.68582605360997,1463.3787202380952,1491.765625,98.03439288090895,2.560584434572857,282.1083333333333,10.410850905019595,2058.722250499088,53.77227312603,graphium,online,ohare_filtered_vid_557_sr_10.0,925509514de343b093bb75a7f4901ef3,557,native,5.0,,0.9951261952012396,0.9300569215545448,0.9614919200276338,0.0385080799723661,0.925839614125312,0.074498195082171,25,1,4,29,1716.8171474325743,7.820302350469181,120.07947641937926,557,925509514de343b093bb75a7f4901ef3,ohare_filtered_vid_557_sr_10.0,graphium,online,native,5.0,,graphium,online,1768192881.3830829,1768192881.7246192,2,31,0.341536283493042,90.76634459726898,5096.913561999826,5096.913561999826,7474.666795498704,9376.869382297808,9757.309899657628,9852.420028997583,341.536283493042,341.536283493042,341.536283493042,341.536283493042,341.536283493042,341.536283493042,15.5,333.1875,19.999999999992724
20.0,1.124183100417229,2.8415504523312456,22.28572255404742,1448.4884672619048,1482.29296875,102.3956219610585,2.7061363136654184,298.2979252081004,11.713558155540262,2150.3080611822284,56.82886258697378,graphium,online,ohare_filtered_vid_557_sr_10.0,a4f0443c260f463cb8faad32e4ca2e8f,557,native,10.0,,0.9951261952012396,0.9300569215545448,0.9614919200276338,0.0385080799723661,0.925839614125312,0.074498195082171,25,1,4,29,1716.8171474325743,7.820302350469181,120.07947641937926,557,a4f0443c260f463cb8faad32e4ca2e8f,ohare_filtered_vid_557_sr_10.0,graphium,online,native,10.0,,graphium,online,1768192903.0416217,1768192903.382308,2,31,0.3406863212585449,90.99279326942592,5115.2519214992935,5115.2519214992935,7502.597990749564,9412.47484614978,9794.450217229823,9889.944059999834,340.6863212585449,340.6863212585449,340.6863212585449,340.6863212585449,340.6863212585449,340.6863212585449,15.5,333.34375,10.0
20.0,1.1096423535237714,2.84537860661506,21.98168184683756,1450.282366071429,1482.8984375,99.4740728946636,2.636600418993755,300.4322609741431,10.907794208256316,2088.9555307879355,55.36860879886885,graphium,online,ohare_filtered_vid_557_sr_10.0,adbd90c1ce8d4f20bded1768848354f4,557,native,30.0,,0.9951261952012396,0.9300569215545448,0.9614919200276338,0.0385080799723661,0.925839614125312,0.074498195082171,25,1,4,29,1716.8171474325743,7.820302350469181,120.07947641937926,557,adbd90c1ce8d4f20bded1768848354f4,ohare_filtered_vid_557_sr_10.0,graphium,online,native,30.0,,graphium,online,1768192924.6911964,1768192925.0327294,2,31,0.34153294563293457,90.76723167233627,5121.153932501329,5121.153932501329,7511.030465251679,9422.931691451959,9805.311936692015,9900.906998002029,341.53294563293457,341.53294563293457,341.53294563293457,341.53294563293457,341.53294563293457,341.53294563293457,15.5,333.34375,10.0
13.0,0.1811710149617656,0.288713,2.3525572951296585,168.953125,213.578125,7508.054313247476,34628.7586860626,13860.65400115141,65803.24667399,105112.76038546466,484802.6216048764,barefoot,online,ohare_filtered_vid_557_sr_10.0,9aac978b9e924de588820f04fc8f1e52,557,native,,,0.9952493871202714,0.9542930892764652,0.974341029994808,0.0256589700051921,0.949965883874516,0.0502620273602505,26,1,3,29,1716.8171474325743,7.820302350469181,78.4704080863342,557,9aac978b9e924de588820f04fc8f1e52,ohare_filtered_vid_557_sr_10.0,barefoot,online,native,,,barefoot,online,1768192926.9319303,1768192936.9731638,31,31,10.041233539581299,3.087270092643682,324.326654484227,335.5235260023619,337.21858199714916,338.60374900177703,340.1541342012934,340.6164240004728,334.70778465270996,335.8433246612549,337.6156687736511,338.83655071258545,340.3206133842468,340.76595306396484,1.0,333.34375,60.0
18.0,0.2627582446284671,0.8456763063372092,4.384098539278083,316.6649925595238,354.16796875,652.8272294688055,342.6343458252959,1194.0938042848868,700.5135933273218,12403.717359907305,6510.052570680622,graphhopper,offline,ohare_filtered_vid_557_sr_10.0,cd1f135ce39045abad9d0918d123fcad,557,batches,5.0,50.0,0.6410490168881866,0.7337598993833955,0.6842784572671211,0.3157215427328789,0.5200784778865971,0.6771039040278107,18,11,11,29,1716.8171474325743,705.3780229557252,457.0855700727607,557,cd1f135ce39045abad9d0918d123fcad,ohare_filtered_vid_557_sr_10.0,graphhopper,offline,batches,5.0,50.0,graphhopper,offline,1768192954.3875408,1768192963.1632028,7,31,8.775661945343018,3.532497057552539,1458.9396325692567,1684.177773000556,1688.8481479982147,1692.9071357968496,1693.8850935566006,1694.1295829965384,1462.6103242238362,1686.0475540161133,1689.608454704285,1693.30495595932,1694.129741191864,1694.3359375,4.428571428571429,333.34375,19.999999999992724
19.0,0.2586706298158049,0.5432863767304859,4.681623789833735,330.75316220238096,357.96875,420.0543954242835,138.0990392390201,805.7005218787635,344.8389937106918,8401.08790848567,2761.9807847804022,graphhopper,offline,ohare_filtered_vid_557_sr_10.0,4fa208e7658c4af2b56cda3ee8ba0ed7,557,batches,10.0,50.0,0.5764723807472268,0.7337598993833955,0.6456753088883169,0.3543246911116831,0.4767507475318352,0.8053250484265676,18,13,11,29,1716.8171474325743,925.510282322939,457.0855700727607,557,4fa208e7658c4af2b56cda3ee8ba0ed7,ohare_filtered_vid_557_sr_10.0,graphhopper,offline,batches,10.0,50.0,graphhopper,offline,1768192972.2201211,1768192979.286661,4,31,7.066539764404297,4.386871231681702,2547.3915050006326,3243.168307501037,3364.086055502412,3367.2492662997684,3367.8819084592396,3368.0400689991075,2355.5131753285727,3362.9300594329834,3365.5730485916138,3367.687439918518,3368.110318183899,3368.216037750244,7.75,333.34375,30.0
18.0,0.2238853133693302,0.7502256560732116,3.731782097722212,297.7970610119048,329.3359375,140.14513232569684,4.856271719514758,304.6351075877689,12.280952380952382,2662.75751418824,92.2691626707804,graphhopper,offline,ohare_filtered_vid_557_sr_10.0,332da3d6245c4bff83a408fe15049881,557,batches,30.0,50.0,0.5764723807472268,0.7337598993833955,0.6456753088883169,0.3543246911116831,0.4767507475318352,0.8053250484265676,18,13,11,29,1716.8171474325743,925.510282322939,457.0855700727607,557,332da3d6245c4bff83a408fe15049881,ohare_filtered_vid_557_sr_10.0,graphhopper,offline,batches,30.0,50.0,graphhopper,offline,1768192995.0742269,1768192995.4096797,2,31,0.3354527950286865,92.41240633380029,5091.3090869980815,5091.3090869980815,7469.318762998229,9371.726503798347,9752.20805195837,9847.328438998376,335.4527950286865,335.4527950286865,335.4527950286865,335.4527950286865,335.4527950286865,335.4527950286865,15.5,333.34375,30.0
13.0,0.0008415007267894,0.001221309630963,0.0107181992839636,4.8505859375,6.71484375,546.14312548571,863.1505667053405,875.4348407813754,1475.7044822049772,7646.003756799941,12084.107933874766,osrm,offline,ohare_filtered_vid_557_sr_10.0,b072c9e87087413db6f348e5f56d3825,557,batches,5.0,,1.0,0.7863135639843752,0.8803757412338085,0.1196242587661915,0.7863135639843752,0.2136864360156248,17,0,12,29,1716.8171474325743,0.0,366.8605375253784,557,b072c9e87087413db6f348e5f56d3825,ohare_filtered_vid_557_sr_10.0,osrm,offline,batches,5.0,,osrm,offline,1768192997.679912,1768193006.3988364,7,31,8.718924283981323,3.555484482983085,1437.3529677146248,1676.2890620011603,1676.8408235002425,1677.1319079954992,1677.2235015951446,1677.246399995056,1453.1540473302205,1676.6672134399414,1676.962673664093,1677.291989326477,1677.3769617080688,1677.3982048034668,4.428571428571429,333.34375,20.0
13.0,0.0006443946238929,0.0010460202084219,0.0081566378731875,3.811279296875,4.91796875,370.084895148311,565.8029918726791,604.3261314277709,968.2309794031104,5181.188532076354,7921.241886217506,osrm,offline,ohare_filtered_vid_557_sr_10.0,8e931d751b7f45019abda258378dc6ca,557,batches,10.0,,1.0,0.7863135639843752,0.8803757412338085,0.1196242587661915,0.7863135639843752,0.2136864360156248,17,0,12,29,1716.8171474325743,0.0,366.8605375253784,557,8e931d751b7f45019abda258378dc6ca,ohare_filtered_vid_557_sr_10.0,osrm,offline,batches,10.0,,osrm,offline,1768193010.3283577,1768193017.3687372,4,31,7.040379524230957,4.4031717172784415,2514.4135214995913,3184.945651999442,3352.2340347462887,3352.603984549569,3352.677974510225,3352.696472000389,2346.793254216512,3352.258443832397,3352.565288543701,3352.810764312744,3352.8598594665527,3352.872133255005,7.75,333.34375,20.000000000007276
13.0,0.0004819558255245,0.0013795381118881,0.0057125986902109,2.1103515625,2.2109375,181.02533293255627,6.887725491883399,306.6419014537501,12.79667673716012,2534.354661055788,96.42815688636756,osrm,offline,ohare_filtered_vid_557_sr_10.0,924241b110804b66b1a739b54e8277b6,557,batches,30.0,,1.0,0.7863135639843752,0.8803757412338085,0.1196242587661915,0.7863135639843752,0.2136864360156248,17,0,12,29,1716.8171474325743,0.0,366.8605375253784,557,924241b110804b66b1a739b54e8277b6,ohare_filtered_vid_557_sr_10.0,osrm,offline,batches,30.0,,osrm,offline,1768193028.0040278,1768193028.3391993,2,31,0.3351714611053467,92.48997482591899,5024.917364502471,5024.917364502471,7369.877355251447,9245.845347850627,9621.038946370463,9714.837346000422,335.1714611053467,335.1714611053467,335.1714611053467,335.1714611053467,335.1714611053467,335.1714611053467,15.5,333.5,10.000000000007276
20.0,1.2657906410178328,2.684987078088448,25.336223784396072,1449.255394345238,1472.65625,173.63447486009994,496.4313874594977,360.79802452316073,2214.158456645001,3646.3239720620986,10425.059136649452,graphium,online,ohare_filtered_vid_557_sr_20.0,4326cdab2c774006a619935382a6ccb9,557,native,5.0,,0.9951261952012396,0.9300569215545448,0.9614919200276338,0.0385080799723661,0.925839614125312,0.074498195082171,25,1,4,29,1716.8171474325743,7.820302350469181,120.07947641937926,557,4326cdab2c774006a619935382a6ccb9,ohare_filtered_vid_557_sr_20.0,graphium,online,native,5.0,,graphium,online,1768193049.478267,1768193049.478267,1,16,0.0,,10217.419861997769,10217.419861997769,10217.419861997769,10217.419861997769,10217.419861997769,10217.419861997769,,,,,,,16.0,333.3046875,0.0
20.0,1.1357450603916377,2.642951406982804,22.57016874130492,1452.6614583333333,1499.85546875,95.73142053536684,2.638114145130263,312.5395830042647,11.004650134259991,2010.359831242704,55.40039704773553,graphium,online,ohare_filtered_vid_557_sr_20.0,f7f6f314d3c44c4e8ae297f7b837322c,557,native,10.0,,0.9951261952012396,0.9300569215545448,0.9614919200276338,0.0385080799723661,0.925839614125312,0.074498195082171,25,1,4,29,1716.8171474325743,7.820302350469181,120.07947641937926,557,f7f6f314d3c44c4e8ae297f7b837322c,ohare_filtered_vid_557_sr_20.0,graphium,online,native,10.0,,graphium,online,1768193071.066967,1768193071.066967,1,16,0.0,,10225.18045600009,10225.18045600009,10225.18045600009,10225.18045600009,10225.18045600009,10225.18045600009,,,,,,,16.0,333.3046875,9.999999999992724
21.0,1.1293208854155727,2.7230872976338727,23.640089476776254,1444.6518110795455,1488.98828125,101.74359341792218,2.734005995552987,296.40000000000003,10.720245398773006,2238.359055194288,60.14813190216572,graphium,online,ohare_filtered_vid_557_sr_20.0,75b5dcbd3aad42aa811c72e27ff4b1fe,557,native,30.0,,0.9951261952012396,0.9300569215545448,0.9614919200276338,0.0385080799723661,0.925839614125312,0.074498195082171,25,1,4,29,1716.8171474325743,7.820302350469181,120.07947641937926,557,75b5dcbd3aad42aa811c72e27ff4b1fe,ohare_filtered_vid_557_sr_20.0,graphium,online,native,30.0,,graphium,online,1768193092.6187963,1768193092.6187963,1,16,0.0,,10179.332079002052,10179.332079002052,10179.332079002052,10179.332079002052,10179.332079002052,10179.332079002052,,,,,,,16.0,333.3046875,10.000000000007276
14.0,0.1551058894817616,0.2584432928282106,2.208428203182386,153.193603515625,201.0859375,7468.532646614069,14965.566903558449,14755.207733619764,29062.662383281466,112027.98969921104,224483.50355337677,barefoot,online,ohare_filtered_vid_557_sr_20.0,d5285000300c4ad9b6ba719120e4f4dd,557,native,,,0.9951261952012396,0.9300569215545448,0.9614919200276338,0.0385080799723661,0.925839614125312,0.074498195082171,25,1,4,29,1716.8171474325743,7.820302350469181,120.07947641937926,557,d5285000300c4ad9b6ba719120e4f4dd,ohare_filtered_vid_557_sr_20.0,barefoot,online,native,,,barefoot,online,1768193094.5499787,1768193104.573017,16,16,10.023038148880005,1.5963223687608006,627.4925970005825,667.851703503402,669.8742875014432,674.2327185002068,678.8366468961613,679.9876289951499,668.202543258667,668.2543754577637,670.412540435791,674.7778654098511,679.0563344955444,680.1259517669678,1.0,333.3046875,20.0
19.0,0.2657894336721879,0.6296170608171818,4.897919962548001,340.1158854166667,370.90625,325.64482815625075,138.6955213195726,556.1387786454999,342.9234669056459,6512.896563125015,2773.910426391452,graphhopper,offline,ohare_filtered_vid_557_sr_20.0,1a19e8e435ce44219f83dda72897a8d3,557,batches,5.0,50.0,0.562449134032358,0.6764650904405627,0.6142107287262508,0.3857892712737492,0.443220871642121,0.8497831837760336,16,11,13,29,1716.8171474325743,903.472060981852,555.4502805246892,557,1a19e8e435ce44219f83dda72897a8d3,ohare_filtered_vid_557_sr_20.0,graphhopper,offline,batches,5.0,50.0,graphhopper,offline,1768193123.323156,1768193130.7095578,4,16,7.386401653289795,2.1661426972189948,2542.026163000628,3069.8938785026257,3358.084771749418,3359.3096279473684,3359.5545991869585,3359.615841996856,2462.1338844299316,3357.728958129883,3358.761787414551,3359.588050842285,3359.753303527832,3359.7946166992188,4.0,333.3046875,10.0
19.0,0.256170919669405,0.6321930091870824,4.710644927630862,325.3803943452381,366.83203125,299.33768721137983,90.67120549745034,528.7531914893617,265.50000000000006,5986.753744227597,1813.4241099490068,graphhopper,offline,ohare_filtered_vid_557_sr_20.0,28bfd3c6f4244238a9c4d07ef78aef11,557,batches,10.0,50.0,0.5764723807472268,0.7337598993833955,0.6456753088883169,0.3543246911116831,0.4767507475318352,0.8053250484265676,18,13,11,29,1716.8171474325743,925.510282322939,457.0855700727607,557,28bfd3c6f4244238a9c4d07ef78aef11,ohare_filtered_vid_557_sr_20.0,graphhopper,offline,batches,10.0,50.0,graphhopper,offline,1768193142.761816,1768193146.7921846,2,16,4.0303685665130615,3.969860258671742,5079.688646001159,5079.688646001159,5604.464659998484,6024.285471196345,6108.249633435917,6129.24067399581,4030.3685665130615,4030.3685665130615,4030.3685665130615,4030.3685665130615,4030.3685665130615,4030.3685665130615,8.0,333.3046875,19.999999999992724
19.0,0.2411786685167471,0.616445077543538,4.207128292791405,341.7792038690476,377.9375,134.560103713128,5.017593018330103,308.8286839603423,12.6,2691.20207426256,100.35186036660204,graphhopper,offline,ohare_filtered_vid_557_sr_20.0,97461177a09c46c3bd1fc1f11a312a39,557,batches,30.0,50.0,0.5764723807472268,0.7337598993833955,0.6456753088883169,0.3543246911116831,0.4767507475318352,0.8053250484265676,18,13,11,29,1716.8171474325743,925.510282322939,457.0855700727607,557,97461177a09c46c3bd1fc1f11a312a39,ohare_filtered_vid_557_sr_20.0,graphhopper,offline,batches,30.0,50.0,graphhopper,offline,1768193162.8507006,1768193162.8507006,1,16,0.0,,10143.48044399958,10143.48044399958,10143.48044399958,10143.48044399958,10143.48044399958,10143.48044399958,,,,,,,16.0,333.3046875,10.0
14.0,0.000552962620091,0.0009793256556125,0.0075830874554079,3.65673828125,4.4296875,328.29688636158875,448.1720400910724,564.5663937838212,804.2246982100735,4924.453295423831,6722.580601366085,osrm,offline,ohare_filtered_vid_557_sr_20.0,1521a103a0124a8caa6297f23dcad00a,557,batches,5.0,,1.0,0.6742101162927998,0.8054068121218882,0.1945931878781117,0.6742101162927998,0.3257898837072001,14,0,15,29,1716.8171474325743,0.0,559.3216588085855,557,1521a103a0124a8caa6297f23dcad00a,ohare_filtered_vid_557_sr_20.0,osrm,offline,batches,5.0,,osrm,offline,1768193166.4402702,1768193173.7964025,4,16,7.35613226890564,2.1750560505324215,2508.072221002294,3009.876889504085,3343.4663805019227,3344.049142500444,3344.165694900148,3344.194833000074,2452.0440896352134,3343.332529067993,3343.831419944763,3344.230532646179,3344.3103551864624,3344.330310821533,4.0,333.3046875,10.0
14.0,0.0005605881467479,0.0011791896481732,0.0075609586694201,2.878173828125,3.62890625,272.6571334610615,379.13562854415807,436.6346448645886,844.65,4089.857001915923,5687.034428162371,osrm,offline,ohare_filtered_vid_557_sr_20.0,99e23cd4912a4e3d8d9c9846a123689c,557,batches,10.0,,1.0,0.7374246594501215,0.8488709486643403,0.1511290513356596,0.7374246594501215,0.2625753405498786,16,0,13,29,1716.8171474325743,0.0,450.79384714897935,557,99e23cd4912a4e3d8d9c9846a123689c,ohare_filtered_vid_557_sr_20.0,osrm,offline,batches,10.0,,osrm,offline,1768193180.7008383,1768193184.7134306,2,16,4.012592315673828,3.987447201526414,5014.834664500086,5014.834664500086,5516.024207750888,5916.97584235153,5997.166169271659,6017.213751001691,4012.592315673828,4012.592315673828,4012.592315673828,4012.592315673828,4012.592315673828,4012.592315673828,8.0,333.3046875,10.0
14.0,0.0004648429266556,0.0013435364555256,0.0059983122960611,2.14599609375,2.1953125,168.94441066090712,6.281413392736866,303.9015313707999,12.498602287166454,2534.166159913607,94.221200891053,osrm,offline,ohare_filtered_vid_557_sr_20.0,90411647fcc64275919c46e40e0ada3a,557,batches,30.0,,1.0,0.7374246594501215,0.8488709486643403,0.1511290513356596,0.7374246594501215,0.2625753405498786,16,0,13,29,1716.8171474325743,0.0,450.79384714897935,557,90411647fcc64275919c46e40e0ada3a,ohare_filtered_vid_557_sr_20.0,osrm,offline,batches,30.0,,osrm,offline,1768193195.6332018,1768193195.6332018,1,16,0.0,,10025.731825000548,10025.731825000548,10025.731825000548,10025.731825000548,10025.731825000548,10025.731825000548,,,,,,,16.0,333.3046875,10.0
22.0,1.217957002610745,2.752404576995699,26.634215567460576,1450.3294836956522,1505.17578125,5138.931897526598,3315.0752956028286,10903.063609126526,7587.879620722826,118195.43364311174,76246.73179886506,graphium,online,ohare_filtered_vid_349_sr_1.0,94c57af5e2b64e8791d7f81687899cfe,349,native,5.0,,1.0,0.9362066934450676,0.9670524294896296,0.0329475705103703,0.9362066934450676,0.0637933065549323,31,0,6,37,2272.6679386664696,0.0,144.9810025089162,349,94c57af5e2b64e8791d7f81687899cfe,ohare_filtered_vid_349_sr_1.0,graphium,online,native,5.0,,graphium,online,1768193207.71423,1768193218.8913178,78,335,11.177087783813477,29.972029072290454,157.8578683585921,176.58384449532605,177.22430824869662,179.59287275152747,405.1842580068517,1146.576130005997,145.15698420536984,176.68581008911133,177.26469039916992,179.47359085083008,181.38255119323728,183.89105796813965,4.294871794871795,334.69921875,160.00000000001455
23.0,1.2478611184066144,2.9204424323993634,28.68918297635119,1440.8748372395833,1501.11328125,4163.752986457027,1975.6556237000943,9903.779465718872,4378.301457194901,99930.07167496864,47415.734968802266,graphium,online,ohare_filtered_vid_349_sr_1.0,c2037125862c47cbb49de6eb3de6874a,349,native,10.0,,1.0,0.9244625685936791,0.9607488175457106,0.0392511824542893,0.9244625685936794,0.0755374314063206,30,0,7,37,2272.6679386664696,0.0,171.67149852636263,349,c2037125862c47cbb49de6eb3de6874a,ohare_filtered_vid_349_sr_1.0,graphium,online,native,10.0,,graphium,online,1768193231.422087,1768193242.5032318,45,335,11.0811448097229,30.231533451856148,271.52219802196163,349.23106399946846,350.28181199595565,359.72962000087136,811.9166326007706,1144.0021050002542,251.844200220975,349.3685722351074,350.4026532173157,356.55434131622314,377.0157718658447,389.4174098968506,7.444444444444445,335.01171875,140.0
22.0,1.2202770542717736,2.8390424533833705,26.905910548250787,1438.3986073369565,1505.2734375,3715.862538209493,1223.7919493720626,9974.760632146988,2784.499889600353,85464.83837881834,28147.214835557443,graphium,online,ohare_filtered_vid_349_sr_1.0,97b84be3ca8245f2a0d32a77bf168751,349,native,30.0,,1.0,0.9710255885331388,0.9852998298776912,0.0147001701223088,0.9710255885331388,0.0289744114668609,33,0,4,37,2272.6679386664696,0.0,65.8492159824651,349,97b84be3ca8245f2a0d32a77bf168751,ohare_filtered_vid_349_sr_1.0,graphium,online,native,30.0,,graphium,online,1768193255.0025744,1768193265.9577155,26,335,10.955141067504883,30.579250229253216,465.09789492427865,66.33864650211763,1040.527581000788,1057.298560752315,1120.4174217509717,1141.0882790005417,438.2056522369385,58.32290649414063,1040.5371189117432,1052.083444595337,1057.5117111206057,1058.5737228393557,12.884615384615385,335.01171875,109.99999999999272
16.0,0.5581331816581493,0.7823636554316661,9.205097841930035,434.60590277777777,730.17578125,18202.63725764429,1992385.201211813,27083.973133694384,4230383.963589878,309444.8333799529,33870548.42060082,barefoot,online,ohare_filtered_vid_349_sr_1.0,9d916c554f184a0d9ba9d84367de0975,349,native,,,0.9723958985291976,0.9919563421547256,0.982078731760906,0.0179212682390939,0.9647884982890748,0.0362030356921592,36,2,1,37,2272.6679386664696,63.99691520541061,18.280563294557616,349,9d916c554f184a0d9ba9d84367de0975,ohare_filtered_vid_349_sr_1.0,barefoot,online,native,,,barefoot,online,1768193267.8640108,1768193279.5216603,335,335,11.657649517059326,28.73649611010991,34.74504541768171,34.51653000229271,36.03712800031644,39.3442534004862,46.816261539061124,53.11780000192812,34.903142266644686,34.70194339752197,36.174476146698,39.477694034576416,46.97869062423708,53.25889587402344,1.0,337.66796875,899.9999999999927
21.0,0.2518311284757652,0.593159091780822,4.947125734686011,327.0686848958333,371.68359375,5172.585426263563,3096.184135582448,10954.843498700977,6728.194977112457,113796.8793777984,68116.05098281385,graphhopper,offline,ohare_filtered_vid_349_sr_1.0,c9e2d52b37ea4e02a45135962bf88763,349,batches,5.0,50.0,0.818601440216254,0.9909164342557902,0.8965544155814603,0.1034455844185396,0.8125044209170489,0.2286663873827349,36,10,1,37,2272.6679386664696,499.038838619794,20.643928635634477,349,c9e2d52b37ea4e02a45135962bf88763,ohare_filtered_vid_349_sr_1.0,graphhopper,offline,batches,5.0,50.0,graphhopper,offline,1768193295.7176216,1768193307.6479447,68,335,11.930323123931885,28.07970886622506,178.92049539702438,180.22062049931264,181.64586824968868,184.09424964993377,210.22898734241602,245.6704450014513,178.06452423778933,180.3300380706787,181.75065517425537,183.443284034729,188.88763427734372,192.95120239257807,4.926470588235294,337.66796875,270.0000000000073
21.0,0.2637649758236307,0.5817819485788115,5.232154074314565,330.0545176630435,360.40234375,3994.8441465691753,1628.057483159242,8098.030488483365,3429.175475687104,87886.57122452186,35817.26462950333,graphhopper,offline,ohare_filtered_vid_349_sr_1.0,0face264fcc546bca4f409af832bd767,349,batches,10.0,50.0,0.8847482524766171,0.9756066938046772,0.9279587416085096,0.0720412583914903,0.8655998398800764,0.1514807302639794,36,9,1,37,2272.6679386664696,288.8275140885453,55.437884908184266,349,0face264fcc546bca4f409af832bd767,ohare_filtered_vid_349_sr_1.0,graphhopper,offline,batches,10.0,50.0,graphhopper,offline,1768193313.9908,1768193325.501634,34,335,11.510833978652954,29.103017263672072,350.75892900011456,353.44191000331193,354.51749449748604,359.23747270171583,400.7276727937279,419.7259170032339,348.81314364346593,353.5623550415039,354.6216487884521,357.6873302459717,360.8692264556885,362.28203773498535,9.852941176470589,337.66796875,210.0
20.0,0.2641660827707487,0.7235179160565722,4.823969822129152,304.9468410326087,345.78515625,2952.212941349847,545.9600132725457,6639.026812313804,1278.17775571003,61996.47176834679,11465.16027872346,graphhopper,offline,ohare_filtered_vid_349_sr_1.0,7ad27f817a9f49428139ad2c25976577,349,batches,30.0,50.0,0.9652596333064914,0.9887542265884726,0.9768656832744632,0.0231343167255366,0.9547775568713668,0.0468317268858017,36,3,1,37,2272.6679386664696,80.87505552786028,25.557908677885948,349,7ad27f817a9f49428139ad2c25976577,ohare_filtered_vid_349_sr_1.0,graphhopper,offline,batches,30.0,50.0,graphhopper,offline,1768193332.5180197,1768193343.20922,12,335,10.691200256347656,31.334180631505934,983.646915748371,1050.0497209977766,1052.5779694999073,1086.3085658496857,1108.7476035726286,1114.3573630033643,971.9272960316051,1050.1928329467771,1050.907015800476,1059.9989891052246,1062.8418922424316,1063.5526180267334,27.916666666666668,337.66796875,160.00000000000728
15.0,0.0039154060504325,0.0055488355513307,0.0602064239765179,14.844835069444445,19.44140625,3870.587871937363,7210.943466647937,5986.096370197411,11258.023595078015,61929.40595099781,115375.095466367,osrm,offline,ohare_filtered_vid_349_sr_1.0,a07a632204454ba5b186c74da4d62084,349,batches,5.0,,0.8838810652766276,0.9935848776786388,0.935527873004158,0.064472126995842,0.878865542157885,0.1369462787017588,36,6,1,37,2272.6679386664696,296.653974102789,14.5794428223811,349,a07a632204454ba5b186c74da4d62084,ohare_filtered_vid_349_sr_1.0,osrm,offline,batches,5.0,,osrm,offline,1768193344.2926855,1768193355.827654,68,335,11.534968376159668,29.042125567710606,171.5809046470574,174.56599200158962,174.80699224870477,175.41816774573817,175.50886393473775,175.6423420010833,172.16371066534697,174.70502853393555,174.93081092834473,175.56145191192627,175.67716121673584,175.82082748413086,4.926470588235294,337.66796875,190.0
15.0,0.0024696891073128,0.003782941642461,0.0378187329497093,15.009191176470589,20.57421875,2215.905116358257,4671.311088537421,3706.108163034888,7814.94862820368,35454.481861732114,74740.97741659873,osrm,offline,ohare_filtered_vid_349_sr_1.0,02f77610ee2c48d7aa506cb661d9e8d9,349,batches,10.0,,0.9051636127042896,0.9855412198333644,0.9436439106320365,0.0563560893679636,0.8933009617965424,0.1177165420874498,35,4,2,37,2272.6679386664696,234.6706049358906,32.86000611693872,349,02f77610ee2c48d7aa506cb661d9e8d9,ohare_filtered_vid_349_sr_1.0,osrm,offline,batches,10.0,,osrm,offline,1768193357.0266836,1768193368.306255,34,335,11.279571533203125,29.699709693216345,340.8495433830146,346.9096230037394,347.04162100206304,347.37431705361814,347.8470842824754,347.9040040037944,341.80519797585225,347.0330238342285,347.1622467041016,347.52960205078125,347.98943519592285,348.0417728424072,9.852941176470589,337.66796875,140.0
15.0,0.0015728529963021,0.0023703218767048,0.023911161212439,10.461588541666666,14.734375,1341.3643452101946,3462.671319347788,2093.203883495146,5522.558537978299,21461.829523363114,55402.74110956461,osrm,offline,ohare_filtered_vid_349_sr_1.0,9f94f943831c4abeb71812a97fdcfaab,349,batches,30.0,,0.900662870377197,0.9855412198333644,0.9411923010209068,0.0588076989790933,0.888917130021257,0.1231574277107508,35,5,2,37,2272.6679386664696,247.03593124991815,32.86000611693872,349,9f94f943831c4abeb71812a97fdcfaab,ohare_filtered_vid_349_sr_1.0,osrm,offline,batches,30.0,,osrm,offline,1768193370.2133126,1768193380.7553875,12,335,10.542074918746948,31.77742546718865,962.0194814154578,1036.4912074983295,1036.8002055020042,1037.4157821959668,1037.7242468360782,1037.801362996106,958.3704471588135,1036.7035865783691,1037.0134115219116,1037.6002788543701,1037.8982067108154,1037.9726886749268,27.916666666666668,337.66796875,110.00000000000728
21.0,1.1399761696303436,2.7576780450938405,23.794707020255807,1452.1750710227273,1482.35546875,540.9864107134877,884.0562375244753,1484.2041312272177,2514.778159173755,11901.701035696728,19449.23722553845,graphium,online,ohare_filtered_vid_349_sr_5.0,7e834d30f33a4623a1a407e43b46a6b3,349,native,5.0,,1.0,0.8281209041480313,0.9059804548692744,0.0940195451307256,0.8281209041480311,0.1718790958519685,28,0,9,37,2272.6679386664696,0.0,390.6241104697499,349,7e834d30f33a4623a1a407e43b46a6b3,ohare_filtered_vid_349_sr_5.0,graphium,online,native,5.0,,graphium,online,1768193396.731346,1768193403.2307756,11,68,6.499429702758789,10.462456416927825,1050.01623499993,846.0089860018343,852.9238834962598,2956.7416235004202,4633.137543099294,5052.23652299901,649.942946434021,845.4071283340454,851.5127897262573,858.1703305244446,860.7568383216858,861.4034652709961,6.181818181818182,334.43359375,30.0
21.0,1.1318125824301557,2.763081385062556,23.548749686403145,1458.5193536931818,1511.23828125,435.9411791003027,849.9996158740203,961.0825050892108,2434.345898694767,9590.70594020666,18699.991549228445,graphium,online,ohare_filtered_vid_349_sr_5.0,297c156018cb4689bfe71e82299b867b,349,native,10.0,,1.0,0.9652223137297948,0.9823034340556612,0.0176965659443387,0.9652223137297946,0.0347776862702051,35,0,2,37,2272.6679386664696,0.0,79.0381325672963,349,297c156018cb4689bfe71e82299b867b,ohare_filtered_vid_349_sr_5.0,graphium,online,native,10.0,,graphium,online,1768193419.6840408,1768193426.162254,5,68,6.478213310241699,10.496721355639176,2307.246066801599,1702.259446006792,1716.6975170039225,4390.271806596137,4924.986664514581,5058.665378994192,1619.5533275604248,1697.5301504135132,1706.0326933860779,1714.695155620575,1716.4276480674744,1716.8607711791992,13.6,334.43359375,20.0
21.0,1.1615422880753523,2.6925817836394708,24.335570354324418,1464.077059659091,1507.66015625,363.55955398265087,733.2624479785695,869.594018312819,2283.330294779212,7998.310187618319,16131.773855528529,graphium,online,ohare_filtered_vid_349_sr_5.0,c6c53a0983a44a6a828394c62cdcf9be,349,native,30.0,,1.0,0.9919563421547256,0.9959619306532724,0.0040380693467274,0.9919563421547256,0.0080436578452741,36,0,1,37,2272.6679386664696,0.0,18.280563294557616,349,c6c53a0983a44a6a828394c62cdcf9be,ohare_filtered_vid_349_sr_5.0,graphium,online,native,30.0,,graphium,online,1768193442.530399,1768193448.98085,3,68,6.450450897216797,10.54189871119556,3821.0021483318997,5012.84640099766,5051.5376279981865,5082.490609598608,5088.681205918692,5090.228854998713,3225.2254486083984,3225.2254486083984,4157.792687416077,4903.846478462219,5053.057236671448,5090.359926223755,22.666666666666668,334.43359375,30.0
14.0,0.1946159119070515,0.2940463809913435,2.665217478242797,186.28607536764707,236.7734375,8558.916754491156,124195.846246769,15271.21578947368,236341.86072668905,128383.75131736734,1862937.693701535,barefoot,online,ohare_filtered_vid_349_sr_5.0,f403242bccb64167a9506fc1adda8a5d,349,native,,,1.0,0.9919563421547256,0.9959619306532724,0.0040380693467274,0.9919563421547256,0.0080436578452741,36,0,1,37,2272.6679386664696,0.0,18.280563294557616,349,f403242bccb64167a9506fc1adda8a5d,ohare_filtered_vid_349_sr_5.0,barefoot,online,native,,,barefoot,online,1768193450.8949003,1768193462.1447823,68,68,11.249881982803345,6.044507853855295,165.71913916135708,167.8463769967493,169.11594524935936,172.37846729876765,174.14746842994646,175.25656699581305,167.90868631049767,167.99163818359375,169.2678928375244,172.58472442626953,174.29994583129883,175.4004955291748,1.0,334.90234375,110.00000000000728
20.0,0.2495653223018499,0.6844160106471818,4.5564557576916656,325.06997282608694,363.58984375,1260.4080655229805,707.7365350797087,2383.3042544624886,1507.582874781909,26468.56937598259,14862.46723667388,graphhopper,offline,ohare_filtered_vid_349_sr_5.0,a97ed11629434eee88c3da4ebd332482,349,batches,5.0,50.0,0.9936599294913744,0.8527334226748077,0.9178185478797428,0.0821814521202572,0.8481189047192708,0.1527074629484932,32,1,5,37,2272.6679386664696,12.365326314027568,334.6880287241108,349,a97ed11629434eee88c3da4ebd332482,ohare_filtered_vid_349_sr_5.0,graphhopper,offline,batches,5.0,50.0,graphhopper,offline,1768193478.8616767,1768193489.5435386,14,68,10.681861877441406,6.365931405985174,817.7723575718119,847.5888869979826,848.3598187503958,850.8105342505587,850.9192428527604,850.9464200033108,821.6816828801082,847.8522300720215,848.6130237579346,850.9745597839355,851.0787010192871,851.104736328125,4.857142857142857,334.90234375,59.999999999992724
20.0,0.2385231682343281,0.5991279036892515,4.472785084392399,301.8279551630435,347.203125,851.6244420487651,311.3340405342313,1675.3061805753346,715.7909330375711,17884.113283024068,6538.014851218858,graphhopper,offline,ohare_filtered_vid_349_sr_5.0,48f74c2a82024a87902018e3e7d681fd,349,batches,10.0,50.0,0.9945096025515074,0.9855412198333644,0.9900051006307904,0.0099948993692097,0.9802080201089096,0.0198996657899363,35,1,2,37,2272.6679386664696,12.365326314027568,32.86000611693872,349,48f74c2a82024a87902018e3e7d681fd,ohare_filtered_vid_349_sr_5.0,graphhopper,offline,batches,10.0,50.0,graphhopper,offline,1768193497.063495,1768193506.8690076,7,68,9.80551266670227,6.934874525318352,1631.8187624274287,1689.3787490043906,1691.118994498538,1693.2801608978482,1693.5455737762097,1693.6119269958,1634.2521111170452,1689.716100692749,1691.9884085655212,1693.5192942619324,1693.7425017356873,1693.798303604126,9.714285714285714,334.90234375,50.0
20.0,0.2505704713031417,0.5757342538461537,4.796017838452788,324.3148082386364,348.84375,679.2810044301705,126.45688715951162,1807.6563958916904,372.91288515406166,14264.90109303358,2655.594630349744,graphhopper,offline,ohare_filtered_vid_349_sr_5.0,9c43d831b81245dcaf62774dd5f38aed,349,batches,30.0,50.0,1.0,0.9919563421547256,0.9959619306532724,0.0040380693467274,0.9919563421547256,0.0080436578452741,36,0,1,37,2272.6679386664696,0.0,18.280563294557616,349,9c43d831b81245dcaf62774dd5f38aed,ohare_filtered_vid_349_sr_5.0,graphhopper,offline,batches,30.0,50.0,graphhopper,offline,1768193517.7752142,1768193524.1843226,3,68,6.409108400344849,10.60990012219815,3795.3662593329987,4977.316406002501,5017.1122460014885,5048.9489180006785,5055.3162524005165,5056.908086000476,3204.5542001724243,3204.5542001724243,4130.814969539642,4871.823585033417,5020.025308132172,5057.07573890686,22.666666666666668,334.90234375,50.000000000007276
14.0,0.0012449785546688,0.0018707429322813,0.0172065691699295,7.339384191176471,9.953125,910.4056848213128,1621.8013992288093,1447.3577510474388,2641.941911069064,13656.08527231969,24327.020988432138,osrm,offline,ohare_filtered_vid_349_sr_5.0,94510aeda19d494e9f8ca83e534da77d,349,batches,5.0,,1.0,0.8020528222356837,0.8901546195972565,0.1098453804027435,0.8020528222356837,0.1979471777643161,28,0,9,37,2272.6679386664696,0.0,449.8682044544736,349,94510aeda19d494e9f8ca83e534da77d,ohare_filtered_vid_349_sr_5.0,osrm,offline,batches,5.0,,osrm,offline,1768193525.7698398,1768193536.365862,14,68,10.596022129058838,6.4175026412520255,804.8486980000495,840.7829989992024,841.1091109992412,841.4269196000532,841.5139759206795,841.5357400008361,815.078643652109,840.9898281097412,841.2995338439941,841.5987014770508,841.667594909668,841.6848182678223,4.857142857142857,334.90234375,40.0
15.0,0.0009721307193639,0.0015071364279285,0.0147005746791649,6.437282986111111,9.27734375,623.2081759202845,1286.111197194006,1050.291036088475,2289.295809080326,9971.330814724552,20577.779155104097,osrm,offline,ohare_filtered_vid_349_sr_5.0,523fe67c51ea471e85780fd2976f4b6c,349,batches,10.0,,1.0,0.9239253491706264,0.9604586264939188,0.0395413735060812,0.9239253491706264,0.0760746508293734,31,0,6,37,2272.6679386664696,0.0,172.89241988516346,349,523fe67c51ea471e85780fd2976f4b6c,ohare_filtered_vid_349_sr_5.0,osrm,offline,batches,10.0,,osrm,offline,1768193538.775421,1768193548.5228672,7,68,9.747446298599243,6.976186163731104,1608.5359427161166,1680.3230770019582,1680.5735814996297,1680.6461018037226,1680.6669179651362,1680.6721220054897,1624.5744228363037,1680.619478225708,1680.7401180267334,1680.8155179023743,1680.8351159095764,1680.840015411377,9.714285714285714,334.90234375,40.0
16.0,0.000238727845323,0.000436874762568,0.0038548965727929,3.2914496527777777,4.03125,292.5388721887674,486.3723726957993,550.1616563251868,957.8333333333334,4973.160827209046,8268.330335828588,osrm,offline,ohare_filtered_vid_349_sr_5.0,16572add625d428d81ce357c3a8992b1,349,batches,30.0,,1.0,0.9239253491706264,0.9604586264939188,0.0395413735060812,0.9239253491706264,0.0760746508293734,31,0,6,37,2272.6679386664696,0.0,172.89241988516346,349,16572add625d428d81ce357c3a8992b1,ohare_filtered_vid_349_sr_5.0,osrm,offline,batches,30.0,,osrm,offline,1768193554.2898128,1768193560.6665905,3,68,6.376777648925781,10.663693128998334,3747.2077196628866,4865.065435995348,4948.7058609956875,5015.618200995959,5029.000668996014,5032.346285996027,3188.3888244628906,3188.3888244628906,4110.424160957336,4848.052430152893,4995.578083992004,5032.459497451782,22.666666666666668,334.90234375,20.0
21.0,1.132317253032329,2.651510901720171,23.504041022448316,1448.504794034091,1480.41015625,230.90329865129905,642.0998126821695,472.8192161820481,2124.6166666666663,5079.872570328579,14126.195879007728,graphium,online,ohare_filtered_vid_349_sr_10.0,fbc4dcb1c26d460b802f5255b1c57b63,349,native,5.0,,1.0,0.7230131541978945,0.839242756140739,0.160757243859261,0.7230131541978946,0.2769868458021054,26,0,11,37,2272.6679386664696,0.0,629.4991238867982,349,fbc4dcb1c26d460b802f5255b1c57b63,ohare_filtered_vid_349_sr_10.0,graphium,online,native,5.0,,graphium,online,1768193581.571934,1768193582.952449,2,34,1.3805150985717773,24.628488333937792,5675.26008549612,5675.26008549612,7822.715913745924,9540.680576345767,9884.273508865735,9970.171741995728,1380.5153369903564,1380.5153369903564,1380.5153369903564,1380.5153369903564,1380.5153369903564,1380.5153369903564,17.0,334.78125,20.0
22.0,1.1548372549232888,2.7245056684251887,25.281175082176578,1448.031929347826,1499.21484375,239.20967745927624,643.684675450691,610.03127108249,2275.475,5501.822581563354,14804.747535365892,graphium,online,ohare_filtered_vid_349_sr_10.0,9e5f934357b74c7eb105b7e044e58e7a,349,native,10.0,,1.0,0.7230131541978945,0.839242756140739,0.160757243859261,0.7230131541978946,0.2769868458021054,26,0,11,37,2272.6679386664696,0.0,629.4991238867982,349,9e5f934357b74c7eb105b7e044e58e7a,ohare_filtered_vid_349_sr_10.0,graphium,online,native,10.0,,graphium,online,1768193604.3185546,1768193605.6922183,2,34,1.3736636638641357,24.75132806844254,5670.547484998679,5670.547484998679,7819.056083999385,9537.86296319995,9881.624339040063,9967.564683000091,1373.6639022827148,1373.6639022827148,1373.6639022827148,1373.6639022827148,1373.6639022827148,1373.6639022827148,17.0,334.78125,10.0
21.0,1.1230761775585598,2.628652652005175,23.38964442641152,1444.2487571022727,1487.9140625,245.0667886195943,577.5749352893029,643.481238795267,2207.9983385504456,5391.469349631075,12706.648576364663,graphium,online,ohare_filtered_vid_349_sr_10.0,7ae1fecfe1ee436098acd0f853eb6afa,349,native,30.0,,1.0,0.7230131541978945,0.839242756140739,0.160757243859261,0.7230131541978946,0.2769868458021054,26,0,11,37,2272.6679386664696,0.0,629.4991238867982,349,7ae1fecfe1ee436098acd0f853eb6afa,ohare_filtered_vid_349_sr_10.0,graphium,online,native,30.0,,graphium,online,1768193627.0578513,1768193628.435806,2,34,1.3779547214508057,24.674250518335217,5673.151750997931,5673.151750997931,7820.828484498634,9538.969871299196,9882.598148659308,9968.505217999336,1377.9547214508057,1377.9547214508057,1377.9547214508057,1377.9547214508057,1377.9547214508057,1377.9547214508057,17.0,334.78125,9.999999999992724
14.0,0.1649211130803047,0.2640393577058565,2.268931519902684,163.45932904411765,213.359375,7619.606709303486,39118.84888417984,15295.423245283022,76805.01992890229,114294.1006395523,586782.7332626976,barefoot,online,ohare_filtered_vid_349_sr_10.0,b8de9f24b17d408690e53a9a859b21d6,349,native,,,1.0,0.963851455111108,0.981593035056286,0.018406964943714,0.963851455111108,0.036148544888892,35,0,2,37,2272.6679386664696,0.0,82.15363899843072,349,b8de9f24b17d408690e53a9a859b21d6,ohare_filtered_vid_349_sr_10.0,barefoot,online,native,,,barefoot,online,1768193630.3505728,1768193641.389657,34,34,11.039084196090698,3.0799656380952793,325.3368500873501,333.7314514974423,336.2383619987668,339.82803049948416,341.32640041767445,341.7977479984984,334.51770291183936,333.9560031890869,336.442232131958,340.0068759918213,341.47751808166504,341.9344425201416,1.0,334.9375,60.0
20.0,0.2439695662221546,0.6745690379797981,4.659764377937975,332.2014266304348,386.4453125,630.2677984807126,329.5609593627661,1123.678762122698,709.1642148850386,13235.623768094963,6920.780146618087,graphhopper,offline,ohare_filtered_vid_349_sr_10.0,96345839622c47e495dc96bef1d632cc,349,batches,5.0,50.0,0.9814067249698334,0.6562463612597419,0.7865458168067809,0.213454183193219,0.6481874863515459,0.3561865768606112,22,2,15,37,2272.6679386664696,28.255939849550945,781.2378735649204,349,96345839622c47e495dc96bef1d632cc,ohare_filtered_vid_349_sr_10.0,graphhopper,offline,batches,5.0,50.0,graphhopper,offline,1768193658.7522693,1768193668.522298,7,34,9.770028829574585,3.4800306726915213,1600.7623240012824,1683.3302300001378,1685.012424000888,1692.1780039032456,1694.0815007849596,1694.5573750053882,1628.338138262431,1683.4982633590698,1685.9750747680664,1692.7329897880554,1694.3195700645447,1694.716215133667,4.857142857142857,334.9375,20.0
20.0,0.2307307469307815,0.634774755513308,4.210570930033104,306.4859035326087,340.76953125,565.5661689566655,209.16779804951616,1240.4166666666667,531.5848333333333,11876.889548089976,4392.523759039839,graphhopper,offline,ohare_filtered_vid_349_sr_10.0,087ea7471be84e74bba51a351c382a40,349,batches,10.0,50.0,0.9821741376034604,0.6850333523614361,0.8071245434476394,0.1928754565523606,0.676620965763169,0.3273995857589169,24,2,13,37,2272.6679386664696,28.255939849550945,715.8146018374229,349,087ea7471be84e74bba51a351c382a40,ohare_filtered_vid_349_sr_10.0,graphhopper,offline,batches,10.0,50.0,graphhopper,offline,1768193677.5877595,1768193685.6537092,4,34,8.06594967842102,4.215250696512626,2796.650221249365,3241.4165179980046,3362.424102248042,3364.015780450427,3364.334116090904,3364.4137000010232,2688.6498133341474,3361.902475357056,3363.231897354126,3364.295434951782,3364.5081424713135,3364.5613193511963,8.5,334.9375,20.0
20.0,0.2264468856658101,0.6247726940393825,4.343760122079405,342.4586292613636,375.140625,132.36845308850812,4.6812656825616745,320.19538968166853,14.396340374888425,2779.7375148586702,98.30657933379516,graphhopper,offline,ohare_filtered_vid_349_sr_10.0,7e847b08bdc0423f89757fe734237001,349,batches,30.0,50.0,1.0,0.7117673807863671,0.8316169460588612,0.1683830539411388,0.7117673807863671,0.2882326192136327,25,0,12,37,2272.6679386664696,0.0,655.0570325646842,349,7e847b08bdc0423f89757fe734237001,ohare_filtered_vid_349_sr_10.0,graphhopper,offline,batches,30.0,50.0,graphhopper,offline,1768193701.414498,1768193702.7545583,2,34,1.3400602340698242,25.371993836978838,5585.672546501883,5585.672546501883,7708.58397225129,9406.913112850816,9746.578940970721,9831.495398000698,1340.0602340698242,1340.0602340698242,1340.0602340698242,1340.0602340698242,1340.0602340698242,1340.0602340698242,17.0,334.9375,20.0
15.0,0.0007899651480018,0.0011980330257406,0.0115851328092052,4.636029411764706,5.98046875,465.1874822762434,731.1003286786514,822.3877228616565,1334.85365605958,7442.999716419895,11697.605258858424,osrm,offline,ohare_filtered_vid_349_sr_10.0,24290eb6a7194264b601167fc7eb33b1,349,batches,5.0,,1.0,0.6268787545832462,0.7706520880147977,0.2293479119852023,0.626878754583246,0.3731212454167537,20,0,17,37,2272.6679386664696,0.0,847.9806916939596,349,24290eb6a7194264b601167fc7eb33b1,ohare_filtered_vid_349_sr_10.0,osrm,offline,batches,5.0,,osrm,offline,1768193705.020192,1768193714.7443562,7,34,9.724164247512817,3.4964444382658693,1580.9703482851287,1676.6825610029628,1676.898630499636,1677.036084698193,1677.0733161359385,1677.082623995375,1620.6940412521362,1676.8878698349,1677.0244240760803,1677.1774291992188,1677.2144317626953,1677.2236824035645,4.857142857142857,334.9375,20.0
15.0,0.0007318141910649,0.0011926395304568,0.0108432276281055,4.332490808823529,6.1796875,384.639164882184,701.5636564599979,613.0737134909597,1481.86314325452,6154.226638114944,11225.018503359966,osrm,offline,ohare_filtered_vid_349_sr_10.0,035e703ebb804718bbd08d18677fc5d9,349,batches,10.0,,1.0,0.6268787545832462,0.7706520880147977,0.2293479119852023,0.626878754583246,0.3731212454167537,20,0,17,37,2272.6679386664696,0.0,847.9806916939596,349,035e703ebb804718bbd08d18677fc5d9,ohare_filtered_vid_349_sr_10.0,osrm,offline,batches,10.0,,osrm,offline,1768193718.661348,1768193726.7051792,4,34,8.04383111000061,4.226841605081564,2765.4175459992985,3184.7466554972925,3351.5410224990774,3352.4443284997687,3352.624989699907,3352.6701549999416,2681.27703666687,3351.318836212158,3352.0766496658325,3352.682900428772,3352.80415058136,3352.834463119507,8.5,334.9375,30.0
14.0,0.0004928293657976,0.0012851175337186,0.0061073229532462,2.155560661764706,2.203125,167.7565427236991,6.651177774727724,319.6984174240051,13.122535211267603,2516.3481408554867,99.76766662091586,osrm,offline,ohare_filtered_vid_349_sr_10.0,989f7d81995d4585a148b51f597cb9f2,349,batches,30.0,,1.0,0.6268787545832462,0.7706520880147977,0.2293479119852023,0.626878754583246,0.3731212454167537,20,0,17,37,2272.6679386664696,0.0,847.9806916939596,349,989f7d81995d4585a148b51f597cb9f2,ohare_filtered_vid_349_sr_10.0,osrm,offline,batches,30.0,,osrm,offline,1768193737.3062725,1768193738.6461384,2,34,1.3398659229278564,25.375673355214282,5527.321251000103,5527.321251000103,7621.141678002459,9296.198019604344,9631.209287924721,9714.962105004815,1339.8661613464355,1339.8661613464355,1339.8661613464355,1339.8661613464355,1339.8661613464355,1339.8661613464355,17.0,334.9375,10.0
21.0,1.1316963399559994,2.8768302705170647,23.72017181236532,1455.83203125,1503.26171875,92.00786264737836,2.5882471934088365,299.5768782275529,11.200000000000005,2024.172978242324,56.9414382549944,graphium,online,ohare_filtered_vid_349_sr_20.0,6b8e662475544948afb21eb3cbdfdbda,349,native,5.0,,1.0,0.8500649792519591,0.9189568893906286,0.0810431106093714,0.8500649792519592,0.1499350207480407,32,0,5,37,2272.6679386664696,0.0,340.75251453736416,349,6b8e662475544948afb21eb3cbdfdbda,ohare_filtered_vid_349_sr_20.0,graphium,online,native,5.0,,graphium,online,1768193760.5216727,1768193760.5216727,1,17,0.0,,10958.603120998305,10958.603120998305,10958.603120998305,10958.603120998305,10958.603120998305,10958.603120998305,,,,,,,17.0,334.70703125,9.999999999992724
21.0,1.0831606544321568,2.4582362580645163,22.518209707903395,1448.6985085227273,1472.51953125,101.00870035709852,2.62273340078282,313.0014718369657,11.887913954146615,2222.191407856168,57.70013481722203,graphium,online,ohare_filtered_vid_349_sr_20.0,f1d5fe2a37bb40ccb599f5ddede044ff,349,native,10.0,,1.0,0.8500649792519591,0.9189568893906286,0.0810431106093714,0.8500649792519592,0.1499350207480407,32,0,5,37,2272.6679386664696,0.0,340.75251453736416,349,f1d5fe2a37bb40ccb599f5ddede044ff,ohare_filtered_vid_349_sr_20.0,graphium,online,native,10.0,,graphium,online,1768193782.8808737,1768193782.8808737,1,17,0.0,,10941.70432100509,10941.70432100509,10941.70432100509,10941.70432100509,10941.70432100509,10941.70432100509,,,,,,,17.0,334.70703125,10.0
21.0,1.1137996410830238,2.6052356437864512,23.28460823148388,1450.831143465909,1483.6796875,105.52466725719492,2.877242499119695,295.6709022201228,12.32280116715298,2321.5426796582883,63.2993349806333,graphium,online,ohare_filtered_vid_349_sr_20.0,8fbc3a1d7e334c768cae0058fbbbb2a6,349,native,30.0,,1.0,0.8500649792519591,0.9189568893906286,0.0810431106093714,0.8500649792519592,0.1499350207480407,32,0,5,37,2272.6679386664696,0.0,340.75251453736416,349,8fbc3a1d7e334c768cae0058fbbbb2a6,ohare_filtered_vid_349_sr_20.0,graphium,online,native,30.0,,graphium,online,1768193805.2070231,1768193805.2070231,1,17,0.0,,10943.411874999583,10943.411874999583,10943.411874999583,10943.411874999583,10943.411874999583,10943.411874999583,,,,,,,17.0,334.70703125,9.999999999992724
14.0,0.1380098673137594,0.2148986700111759,1.889661783416465,135.86351102941177,184.66796875,6611.292250283283,15310.706440426651,13816.690909090908,30649.125047898844,99169.38375424924,229660.59660639975,barefoot,online,ohare_filtered_vid_349_sr_20.0,bc5c6bd1336e43dfbe5becae82e917bd,349,native,,,1.0,0.8739833333571635,0.9327546492011308,0.0672453507988691,0.8739833333571637,0.1260166666428364,34,0,3,37,2272.6679386664696,0.0,286.39403801679475,349,bc5c6bd1336e43dfbe5becae82e917bd,ohare_filtered_vid_349_sr_20.0,barefoot,online,native,,,barefoot,online,1768193807.097055,1768193817.775869,17,17,10.678813934326172,1.5919370919419145,629.6788118826739,666.2808890032466,668.4428279986605,674.1215485948487,677.6992113151937,678.5936269952799,667.4258559942245,666.4503812789917,669.0812706947327,674.5498776435852,677.9380440711975,678.7850856781006,1.0,334.86328125,29.999999999992724
20.0,0.2468423028723096,0.5551132516082399,4.652923171006643,344.25443892045456,381.75,327.8800939459413,136.28794810891006,517.0168325347095,319.33808943584745,6885.481972864768,2862.046910287111,graphhopper,offline,ohare_filtered_vid_349_sr_20.0,9664d788464c43d8a10231ba1cc33ae9,349,batches,5.0,50.0,0.9708210303939688,0.6359833081136914,0.7685141939182726,0.2314858060817274,0.6240544471750656,0.3831317883216027,19,1,18,37,2272.6679386664696,43.44226681301122,827.2890647894438,349,9664d788464c43d8a10231ba1cc33ae9,ohare_filtered_vid_349_sr_20.0,graphhopper,offline,batches,5.0,50.0,graphhopper,offline,1768193836.4939966,1768193844.5399604,4,17,8.045963764190674,2.112860621577755,2706.5206052502617,3066.806082500989,3353.7447070011694,3355.5567214010807,3355.919124281063,3356.0097250010585,2681.987921396891,3353.208065032959,3354.685425758362,3355.867314338684,3356.1036920547485,3356.1627864837646,4.25,334.86328125,9.999999999992724
19.0,0.2264539778052519,0.5507339544053601,3.9916053375817246,301.21004971590907,350.66015625,278.2214857399264,75.11321663195449,395.5642379679144,186.78300948415452,5564.429714798528,1502.2643326390896,graphhopper,offline,ohare_filtered_vid_349_sr_20.0,c2027a0f24fe4dd6bd9e2ad452cc93ec,349,batches,10.0,50.0,1.0,0.8024001972054412,0.8903685190997368,0.1096314809002632,0.8024001972054411,0.1975998027945585,28,0,9,37,2272.6679386664696,0.0,449.0787364980103,349,c2027a0f24fe4dd6bd9e2ad452cc93ec,ohare_filtered_vid_349_sr_20.0,graphhopper,offline,batches,10.0,50.0,graphhopper,offline,1768193856.5800004,1768193861.2747867,2,17,4.694786310195923,3.6210380785766914,5406.893433500954,5406.893433500954,5763.045522751781,6047.967194152443,6104.951528432575,6119.197612002608,4694.786310195923,4694.786310195923,4694.786310195923,4694.786310195923,4694.786310195923,4694.786310195923,8.5,334.86328125,20.0
19.0,0.2165973527242422,0.6853120815959741,3.6466349728888714,314.75071022727275,365.21875,134.1739693956156,4.759385659376296,311.8099526066351,13.69216190170254,2683.479387912312,95.18771318752592,graphhopper,offline,ohare_filtered_vid_349_sr_20.0,43c680bf8a91427a9f02fc043876f68a,349,batches,30.0,50.0,1.0,0.8500649792519591,0.9189568893906286,0.0810431106093714,0.8500649792519592,0.1499350207480407,32,0,5,37,2272.6679386664696,0.0,340.75251453736416,349,43c680bf8a91427a9f02fc043876f68a,ohare_filtered_vid_349_sr_20.0,graphhopper,offline,batches,30.0,50.0,graphhopper,offline,1768193878.0285084,1768193878.0285084,1,17,0.0,,10821.76880499901,10821.76880499901,10821.76880499901,10821.76880499901,10821.76880499901,10821.76880499901,,,,,,,17.0,334.86328125,10.0
14.0,0.0005923318977053,0.0010493506879432,0.0079600860193564,3.663832720588236,4.3359375,316.1768904774851,400.3098032531576,524.7191051454139,658.3771812080537,4742.653357162276,6004.647048797363,osrm,offline,ohare_filtered_vid_349_sr_20.0,3615ee8f18214e698d20f6a05425a5cb,349,batches,5.0,,1.0,0.5720991423218246,0.7278156026176498,0.2721843973823502,0.5720991423218246,0.4279008576781751,15,0,22,37,2272.6679386664696,0.0,972.4765601730726,349,3615ee8f18214e698d20f6a05425a5cb,ohare_filtered_vid_349_sr_20.0,osrm,offline,batches,5.0,,osrm,offline,1768193881.6241786,1768193889.64953,4,17,8.025351285934448,2.118287336505117,2675.356390500383,3010.1845345016045,3344.0203782483873,3344.463721248758,3344.552389848832,3344.5745569988503,2675.117095311483,3344.0380096435547,3344.3758487701416,3344.646120071411,3344.700174331665,3344.7136878967285,4.25,334.86328125,20.0
14.0,0.0005829371174111,0.0011964484388185,0.0075476083223484,3.053955078125,3.64453125,248.8145674923649,290.65330147503704,464.5632161260988,582.2959381630798,3732.218512385473,4359.799522125556,osrm,offline,ohare_filtered_vid_349_sr_20.0,192c4f2e6d1b4c39a6761ce1795367ce,349,batches,10.0,,1.0,0.638879307853625,0.7796538827381252,0.2203461172618748,0.6388793078536251,0.3611206921463746,18,0,19,37,2272.6679386664696,0.0,820.70741903011,349,192c4f2e6d1b4c39a6761ce1795367ce,ohare_filtered_vid_349_sr_20.0,osrm,offline,batches,10.0,,osrm,offline,1768193896.5563686,1768193901.2369814,2,17,4.680612802505493,3.632003055433263,5348.106876503152,5348.106876503152,5681.906777754193,5948.946698755026,6002.354682955192,6015.706679005234,4680.612802505493,4680.612802505493,4680.612802505493,4680.612802505493,4680.612802505493,4680.612802505493,8.5,334.86328125,10.0
13.0,0.000450884550334,0.0012347072198275,0.0053663618296763,2.1252297794117645,2.22265625,180.51957425626307,6.630407160227386,297.4019505928854,12.769275700934578,2527.274039587683,92.8257002431834,osrm,offline,ohare_filtered_vid_349_sr_20.0,744b831cc94f40ae91e2bf1af6221605,349,batches,30.0,,1.0,0.638879307853625,0.7796538827381252,0.2203461172618748,0.6388793078536251,0.3611206921463746,18,0,19,37,2272.6679386664696,0.0,820.70741903011,349,744b831cc94f40ae91e2bf1af6221605,ohare_filtered_vid_349_sr_20.0,osrm,offline,batches,30.0,,osrm,offline,1768193912.850408,1768193912.850408,1,17,0.0,,10695.538054998906,10695.538054998906,10695.538054998906,10695.538054998906,10695.538054998906,10695.538054998906,,,,,,,17.0,334.86328125,10.0
24.0,1.10166014543447,2.852859449541284,26.24233023625808,1450.3253125,1493.7734375,3297.4182972577405,3605.434132219104,6292.942892404355,7636.085626911316,82435.45743144352,90135.8533054776,graphium,online,ohare_filtered_vid_1356_sr_1.0,5961ec200aa44790badc6a4fa814620c,1356,native,5.0,,1.0,0.9529375638278984,0.975901720032536,0.0240982799674639,0.9529375638278984,0.0470624361721016,27,0,5,32,2202.5543405377134,0.0,103.65757306714156,1356,5961ec200aa44790badc6a4fa814620c,ohare_filtered_vid_1356_sr_1.0,graphium,online,native,5.0,,graphium,online,1768193924.8938184,1768193937.619137,81,382,12.725318670272827,30.01889460673208,170.61098845685288,177.24536500463728,178.20497499633348,196.54656000057005,421.0932718007849,1104.8283709969835,159.06648337841034,177.36804485321045,178.25043201446533,183.09000730514524,220.34275054931618,250.32591819763184,4.716049382716049,336.74609375,180.00000000000728
24.0,1.1547437263812843,2.8017120079173083,27.493547451693683,1446.26765625,1482.84375,2141.007095234572,2127.700652154113,4254.579439252336,4781.304914809961,53525.17738086429,53192.51630385282,graphium,online,ohare_filtered_vid_1356_sr_1.0,cea0f3a556304cd0896a74c29421bc1c,1356,native,10.0,,0.770961947922078,0.8101921251670274,0.7900903645519671,0.2099096354480328,0.6530160116126312,0.4305004623948726,23,5,9,32,2202.5543405377134,530.138503469717,418.0621585816025,1356,cea0f3a556304cd0896a74c29421bc1c,ohare_filtered_vid_1356_sr_1.0,graphium,online,native,10.0,,graphium,online,1768193950.1826477,1768193962.7224278,37,382,12.539780139923096,30.463054035837565,368.73722681087423,350.7370839943178,354.2823329989915,389.2810982026275,856.1125102036754,1108.812388003571,348.3272327317132,350.8247137069702,353.4521460533142,380.14930486679077,399.33234453201294,407.0231914520264,10.324324324324325,336.90234375,139.99999999999272
24.0,1.0165813407980306,2.688621675924832,24.14991015868877,1446.06875,1481.78125,1661.9245306257487,1279.710190957204,3417.866323907455,2926.606683804627,41548.11326564372,31992.754773930104,graphium,online,ohare_filtered_vid_1356_sr_1.0,30b7ee30053a41b5b993049ca248ff89,1356,native,30.0,,1.0,0.9748841208679254,0.9872823529914068,0.0127176470085933,0.9748841208679254,0.0251158791320745,31,0,1,32,2202.5543405377134,0.0,55.31908859877147,1356,30b7ee30053a41b5b993049ca248ff89,ohare_filtered_vid_1356_sr_1.0,graphium,online,native,30.0,,graphium,online,1768193975.2061791,1768193987.6112158,13,382,12.405036687850952,30.79394359019648,1039.0178308477446,1046.6705150029156,1055.8789290007553,1117.3707502020989,1123.7756556423844,1125.376882002456,1033.7530573209126,1046.823263168335,1051.0097742080688,1118.1888222694395,1124.0438389778137,1125.5075931549072,29.384615384615383,336.90234375,100.00000000000728
17.0,0.5053178761199288,0.7485035460992909,8.787575436825387,373.897265625,626.828125,18056.225800717864,1637904.414470126,25519.814275932906,3692715.4410849824,325012.06441292155,29482279.460462265,barefoot,online,ohare_filtered_vid_1356_sr_1.0,f3b8ca3805164a7da28a7ef6f54534d1,1356,native,,,0.8939247110312795,0.8988018937584601,0.8963566681118478,0.1036433318881522,0.8121796618644258,0.2078521336216217,28,5,4,32,2202.5543405377134,234.9112909418273,222.8943281565004,1356,f3b8ca3805164a7da28a7ef6f54534d1,ohare_filtered_vid_1356_sr_1.0,barefoot,online,native,,,barefoot,online,1768193989.5043094,1768194002.800462,382,382,13.296152591705322,28.73011552517132,34.69639556010526,34.72481399876415,36.035196000739234,39.018793505601934,43.70556418260093,50.55328199523501,34.89803829843917,34.87968444824219,36.1943244934082,39.19339179992676,43.860340118408196,50.76718330383301,1.0,338.77734375,1210.0
23.0,0.2836041130951413,0.6635713236315086,6.223150296765144,357.495625,398.65625,5738.603770446844,3410.4462946887,10918.33198567633,6640.641217852613,137726.49049072425,81850.71107252881,graphhopper,offline,ohare_filtered_vid_1356_sr_1.0,ef7b037582124d45b4b73a74f0b7066c,1356,batches,5.0,50.0,0.7451655648110682,0.983324483872142,0.8478377355719796,0.1521622644280204,0.7358666064218657,0.3529564062929038,31,19,1,32,2202.5543405377134,740.6769342729077,36.72873042812023,1356,ef7b037582124d45b4b73a74f0b7066c,ohare_filtered_vid_1356_sr_1.0,graphhopper,offline,batches,5.0,50.0,graphhopper,offline,1768194019.068964,1768194032.6474812,77,382,13.578517198562622,28.132674165662014,179.45375646764637,179.5982850017026,180.72332300653213,183.80979760113405,204.14592095999947,249.7948109958088,178.66469998108713,179.70871925354004,180.86647987365717,183.09223651885986,187.14094161987305,189.9597644805908,4.961038961038961,338.77734375,280.0
22.0,0.2630933880842839,0.6017209512534021,5.620182208735423,345.3751627604167,391.5859375,4526.271922933471,1841.8724671223288,8358.382167068828,3518.0972078593595,104104.25422746984,42363.06674381357,graphhopper,offline,ohare_filtered_vid_1356_sr_1.0,db6e47045baa443191c864b71080b45b,1356,batches,10.0,50.0,0.7389676685307947,0.9667972196030866,0.8376674795947301,0.1623325204052699,0.720678002971698,0.3747134351088962,29,18,3,32,2202.5543405377134,752.195774875754,73.1309280811423,1356,db6e47045baa443191c864b71080b45b,ohare_filtered_vid_1356_sr_1.0,graphhopper,offline,batches,10.0,50.0,graphhopper,offline,1768194039.0179255,1768194052.2150362,39,382,13.197110652923584,28.945729868179498,349.10994187204125,354.2615480037057,355.6078740002704,360.57016709964955,400.944041580078,423.89384099806193,347.2923793290791,354.32136058807373,355.7603359222412,358.8842511177063,362.4591040611267,363.68608474731445,9.794871794871796,338.77734375,230.00000000000728
22.0,0.2382279747698466,0.6815200719942405,4.797723347712233,317.19203125,367.8984375,3040.1078552080617,562.6255331456417,6423.626967912511,1237.9521692104315,69922.48066978542,12940.38726234976,graphhopper,offline,ohare_filtered_vid_1356_sr_1.0,9517ce3399b44cb49380fdffe576117a,1356,batches,30.0,50.0,0.8038968015223558,0.9667972196030866,0.8778537491933711,0.1221462508066288,0.7822988746452134,0.269044031020656,29,16,3,32,2202.5543405377134,519.4531702391669,73.1309280811423,1356,9517ce3399b44cb49380fdffe576117a,ohare_filtered_vid_1356_sr_1.0,graphhopper,offline,batches,30.0,50.0,graphhopper,offline,1768194059.2868898,1768194071.5978315,13,382,12.310941696166992,31.029307865127457,1032.8282925385372,1047.364957004902,1052.442913998675,1080.303820197878,1110.191657638352,1117.6636169984704,1025.9118278821309,1047.2114086151123,1051.646888256073,1054.4605731964111,1055.3644275665283,1055.5903911590576,29.384615384615383,338.77734375,180.00000000000728
17.0,0.0024873072648571,0.0036783794414579,0.0432583038705826,16.396792763157894,23.08984375,2412.387951891887,4925.897931662742,3716.8708553444985,7586.825595984944,43422.98313405397,88666.16276992936,osrm,offline,ohare_filtered_vid_1356_sr_1.0,98b4bb910a2643c5845579ed7d193216,1356,batches,10.0,,1.0,0.9966648463295986,0.9983296377073336,0.0016703622926663,0.9966648463295988,0.0033351536704013,31,0,1,32,2202.5543405377134,0.0,7.345857193102835,1356,98b4bb910a2643c5845579ed7d193216,ohare_filtered_vid_1356_sr_1.0,osrm,offline,batches,10.0,,osrm,offline,1768194108.2495215,1768194121.1634352,39,382,12.91391372680664,29.580498064428465,339.06861356454334,346.811728006287,347.4622889989405,347.87517529548495,348.1526791783108,348.29264799918747,339.8398349159642,346.9374179840088,347.62001037597656,348.0509400367737,348.29652070999146,348.430871963501,9.794871794871796,338.77734375,159.99999999999272
16.0,0.0016281774171722,0.0022859405458089,0.0263551003024553,12.32545230263158,18.6328125,1511.3704753657416,3685.934830804364,2146.8933317371007,5657.368610080211,25693.298081217607,62660.89212367419,osrm,offline,ohare_filtered_vid_1356_sr_1.0,20b07da8a967495f93cd48b8c7e89b5a,1356,batches,30.0,,1.0,0.9966648463295986,0.9983296377073336,0.0016703622926663,0.9966648463295988,0.0033351536704013,31,0,1,32,2202.5543405377134,0.0,7.345857193102835,1356,20b07da8a967495f93cd48b8c7e89b5a,ohare_filtered_vid_1356_sr_1.0,osrm,offline,batches,30.0,,osrm,offline,1768194123.092413,1768194135.2481606,13,382,12.155747652053833,31.425463158200504,1012.0897529234824,1035.6355229960172,1036.116518000199,1036.6321302004508,1036.8827276371303,1036.9453769963002,1012.9789710044861,1035.9171628952026,1036.2346768379211,1036.7689728736877,1036.99609041214,1037.052869796753,29.384615384615383,338.77734375,109.99999999999272
23.0,1.040849538124284,2.6242109002109006,23.68311810025132,1450.1306966145833,1488.4921875,582.2675685353894,1158.7042489147484,1566.688664575092,3469.374614650116,13974.421644849346,27808.90197395396,graphium,online,ohare_filtered_vid_1356_sr_5.0,c87b227298c244938e7d466a305535b1,1356,native,5.0,,1.0,1.0,1.0,0.0,1.0,0.0,32,0,0,32,2202.5543405377134,0.0,0.0,1356,c87b227298c244938e7d466a305535b1,ohare_filtered_vid_1356_sr_5.0,graphium,online,native,5.0,,graphium,online,1768194151.2208655,1768194159.393355,12,78,8.172489404678345,9.544215493916562,1102.2041081657032,846.7835825031216,852.514511496338,2749.476768148813,4594.2146200249435,5055.399082993972,742.9535605690696,845.4861640930176,850.5351543426514,858.1604957580566,861.9894981384277,862.9467487335205,6.5,336.41015625,40.0
23.0,1.0135021824885293,2.7092641749300785,23.02212086174305,1453.1943359375,1495.71875,462.007163713224,1027.24229907302,1149.5429874612566,3161.2623419591164,11088.171929117376,24653.81517775248,graphium,online,ohare_filtered_vid_1356_sr_5.0,b1862b73ab7d4a9299b9a96fc288831f,1356,native,10.0,,1.0,1.0,1.0,0.0,1.0,0.0,32,0,0,32,2202.5543405377134,0.0,0.0,1356,b1862b73ab7d4a9299b9a96fc288831f,ohare_filtered_vid_1356_sr_5.0,graphium,online,native,10.0,,graphium,online,1768194175.8426478,1768194183.978945,6,78,8.136297225952148,9.58667042683806,2201.4624278332726,1690.0941299973056,1697.9497419961262,4230.003347500315,4904.652328701196,5073.314574001415,1627.2594451904297,1688.7784004211426,1691.753625869751,1698.540544509888,1699.8979282379153,1700.237274169922,13.0,336.25390625,40.000000000007276
24.0,1.0018465117323516,2.4061311539976367,23.76864535921111,1452.03359375,1493.38671875,355.2264040925014,797.0104423768194,852.4969549330085,2564.953982947625,8880.660102312535,19925.261059420485,graphium,online,ohare_filtered_vid_1356_sr_5.0,6ab6a292ea094e7f818a24cbc31a3d45,1356,native,30.0,,1.0,1.0,1.0,0.0,1.0,0.0,32,0,0,32,2202.5543405377134,0.0,0.0,1356,6ab6a292ea094e7f818a24cbc31a3d45,ohare_filtered_vid_1356_sr_5.0,graphium,online,native,30.0,,graphium,online,1768194200.412801,1768194208.5027862,3,78,8.089985132217407,9.641550475707827,4385.57094399827,5058.264624000003,5062.667586498719,5066.189956497692,5066.894430497487,5067.070548997435,4044.9925661087036,4044.9925661087036,4551.714479923248,4957.092010974884,5038.167517185211,5058.436393737793,26.0,336.25390625,19.999999999992724
16.0,0.1899064397956078,0.3282303456163656,3.055584097643346,180.8147615131579,226.85546875,7938.465528725444,117192.7047371349,14401.512008501591,272645.60439560434,134953.91398833256,1992275.9805312932,barefoot,online,ohare_filtered_vid_1356_sr_5.0,f380a90f56bc45afa0433f0c3e2c5f41,1356,native,,,1.0,1.0,1.0,0.0,1.0,0.0,32,0,0,32,2202.5543405377134,0.0,0.0,1356,f380a90f56bc45afa0433f0c3e2c5f41,ohare_filtered_vid_1356_sr_5.0,barefoot,online,native,,,barefoot,online,1768194210.4164498,1768194223.3640466,78,78,12.947596788406372,6.024283986804663,166.07402043528288,168.09914950135862,170.0214344982669,172.23103569667728,174.23791746085044,174.5667860013782,168.1506076416412,168.27988624572754,170.16935348510742,172.38564491271973,174.3862819671631,174.7109889984131,1.0,336.72265625,150.0
23.0,0.2503167241419339,0.6300461263659699,5.599287515462191,353.58265625,379.93359375,1182.184135322877,664.9012275650239,2313.3893165383715,1425.0143430866324,28372.419247749047,15957.629461560571,graphhopper,offline,ohare_filtered_vid_1356_sr_5.0,405288d2ef0c46aa961f3fe47d6e2776,1356,batches,5.0,50.0,0.8582456148474219,0.9328435102548364,0.8939910815095595,0.1060089184904404,0.8083036823335403,0.2212320317020605,28,3,4,32,2202.5543405377134,339.3597537078641,147.91581798348642,1356,405288d2ef0c46aa961f3fe47d6e2776,ohare_filtered_vid_1356_sr_5.0,graphhopper,offline,batches,5.0,50.0,graphhopper,offline,1768194240.1104426,1768194252.5051208,16,78,12.394678115844727,6.293023446917009,822.9188845011777,846.8072970026697,848.7589129981643,858.642359253281,860.0813590550388,860.4411090054782,826.3118743896484,846.9462394714355,849.0363359451294,858.9407920837402,860.2994346618652,860.6390953063965,4.875,336.72265625,60.000000000007276
23.0,0.2393365771483912,0.7087611803001878,5.373869391711484,329.99796875,370.640625,867.4334290762869,333.8777771107669,1891.052088705518,838.3187209902011,20818.40229783089,8013.066650658406,graphhopper,offline,ohare_filtered_vid_1356_sr_5.0,cf7e4fdc107849429b07536232bd0010,1356,batches,10.0,50.0,1.0,1.0,1.0,0.0,1.0,0.0,32,0,0,32,2202.5543405377134,0.0,0.0,1356,cf7e4fdc107849429b07536232bd0010,ohare_filtered_vid_1356_sr_5.0,graphhopper,offline,batches,10.0,50.0,graphhopper,offline,1768194260.041125,1768194271.5365276,8,78,11.495402574539185,6.785321305124173,1639.9821948753015,1687.8003125020768,1691.5335672510992,1695.4146696469254,1696.504541925024,1696.7770099945485,1642.2003677913121,1689.6731853485107,1692.1683549880981,1695.8240270614624,1696.7695951461792,1697.0059871673584,9.75,336.72265625,50.0
22.0,0.2557445417122622,0.8126697392405063,5.336079436996954,329.1009375,387.3359375,711.0677250018355,134.8600799498119,1832.1755458515283,366.6889737991266,16354.557675042215,3101.781838845673,graphhopper,offline,ohare_filtered_vid_1356_sr_5.0,56fcc14fd2b14781aa0e92d7e00352f2,1356,batches,30.0,50.0,1.0,1.0,1.0,0.0,1.0,0.0,32,0,0,32,2202.5543405377134,0.0,0.0,1356,56fcc14fd2b14781aa0e92d7e00352f2,ohare_filtered_vid_1356_sr_5.0,graphhopper,offline,batches,30.0,50.0,graphhopper,offline,1768194282.4650488,1768194290.5500417,3,78,8.0849928855896,9.647503851119572,4362.1182950009825,5001.757345002261,5025.281969003117,5044.101668203803,5047.86560804394,5048.806593003974,4042.4964427948,4042.4964427948,4545.742392539978,4948.339152336121,5028.858504295349,5048.988342285156,26.0,336.72265625,59.999999999992724
16.0,0.0013136478257001,0.0019523365575107,0.0210072409597183,7.3246299342105265,10.44921875,933.510938095932,1720.0913200417965,1368.6757589089311,2768.5474790441635,15869.685947630844,29241.55244071054,osrm,offline,ohare_filtered_vid_1356_sr_5.0,bdeacdcdac8f47da8aa9656ca74e1332,1356,batches,5.0,,1.0,0.9648944427286484,0.9821336166931184,0.0178663833068815,0.9648944427286484,0.0351055572713516,28,0,4,32,2202.5543405377134,0.0,77.32189754501084,1356,bdeacdcdac8f47da8aa9656ca74e1332,ohare_filtered_vid_1356_sr_5.0,osrm,offline,batches,5.0,,osrm,offline,1768194292.1282532,1768194304.4048235,16,78,12.276570320129395,6.353566017709895,809.3124135625658,840.6796100025531,840.9853767479945,841.5306377464731,841.6152899480949,841.6364529985003,818.4380213419596,840.7976627349854,841.1979675292969,841.7160987854004,841.7967414855957,841.8169021606445,4.875,336.72265625,40.0
17.0,0.0009790457958781,0.0015300901574035,0.0167239259980482,6.7162828947368425,9.45703125,606.426253546592,1273.604753541487,899.0732368896925,2116.3081540770386,10915.672563838656,22924.885563746768,osrm,offline,ohare_filtered_vid_1356_sr_5.0,b565f867ab544fb1b4102b2294763e7a,1356,batches,10.0,,1.0,0.9648944427286484,0.9821336166931184,0.0178663833068815,0.9648944427286484,0.0351055572713516,28,0,4,32,2202.5543405377134,0.0,77.32189754501084,1356,b565f867ab544fb1b4102b2294763e7a,ohare_filtered_vid_1356_sr_5.0,osrm,offline,batches,10.0,,osrm,offline,1768194306.8158123,1768194318.239789,8,78,11.42397665977478,6.82774504211371,1616.9376187508533,1679.4750730041414,1679.9966807520832,1680.4934579002293,1680.6991979805025,1680.7506330005708,1631.9966656821114,1679.9285411834717,1680.1646947860718,1680.6948900222778,1680.8762216567993,1680.9215545654297,9.75,336.72265625,50.0
16.0,0.0005942466502445,0.0010166019047619,0.0090855911493956,4.124177631578948,5.9921875,403.06858540055975,918.28051696397,670.319541171651,1949.411375826369,6852.165951809516,15610.768788387491,osrm,offline,ohare_filtered_vid_1356_sr_5.0,ddee8c516d4547a388f13a69e11684cd,1356,batches,30.0,,1.0,0.9648944427286484,0.9821336166931184,0.0178663833068815,0.9648944427286484,0.0351055572713516,28,0,4,32,2202.5543405377134,0.0,77.32189754501084,1356,ddee8c516d4547a388f13a69e11684cd,ohare_filtered_vid_1356_sr_5.0,osrm,offline,batches,30.0,,osrm,offline,1768194324.0020175,1768194332.0551538,3,78,8.053136348724365,9.68566737509112,4306.68646266713,4867.143884002871,4949.711204499181,5015.7650608962285,5028.975832175638,5032.27852499549,4026.568055152893,4026.568055152893,4529.476821422577,4931.803834438324,5012.269237041473,5032.385587692261,26.0,336.72265625,40.0
23.0,1.153191093791226,2.9322344682344683,26.3848240074126,1455.0001627604167,1495.53515625,263.64327217121945,863.7627922708419,627.3963365769891,2809.45,6327.438532109267,20730.30701450021,graphium,online,ohare_filtered_vid_1356_sr_10.0,173364859f0745c8a992c6cdf126689e,1356,native,5.0,,1.0,0.9702674882876404,0.9849094034748552,0.0150905965251448,0.9702674882876408,0.0297325117123596,31,0,1,32,2202.5543405377134,0.0,65.4874727271461,1356,173364859f0745c8a992c6cdf126689e,ohare_filtered_vid_1356_sr_10.0,graphium,online,native,5.0,,graphium,online,1768194352.9458818,1768194356.3222656,4,40,3.3763837814331055,11.846994473780468,3336.25787749952,1685.3769619992818,3760.206512246441,8727.383161647227,9720.818491527387,9969.177323997428,1125.461260477702,1680.4020404815674,1685.561180114746,1689.688491821289,1690.5139541625977,1690.7203197479248,10.0,336.34375,19.999999999992724
23.0,1.1256084171221772,2.5970978514108207,25.63055338687922,1454.6510416666667,1477.265625,226.9178704864454,784.9961382185164,533.7527411492048,2473.5561581650936,5446.0288916746895,18839.907317244397,graphium,online,ohare_filtered_vid_1356_sr_10.0,ba21b6d84c964b9e92a75ccac4a500cd,1356,native,10.0,,1.0,1.0,1.0,0.0,1.0,0.0,32,0,0,32,2202.5543405377134,0.0,0.0,1356,ba21b6d84c964b9e92a75ccac4a500cd,ohare_filtered_vid_1356_sr_10.0,graphium,online,native,10.0,,graphium,online,1768194377.6559858,1768194381.0197153,2,40,3.363729476928711,11.891562705726985,6663.399488505092,6663.399488505092,8313.300450754468,9633.221220553969,9897.20537451387,9963.201413003844,3363.729476928711,3363.729476928711,3363.729476928711,3363.729476928711,3363.729476928711,3363.729476928711,20.0,336.34375,19.999999999992724
24.0,1.0428301384655358,2.4994422470018938,24.809027097387983,1452.26265625,1475.71875,243.73238690720723,777.0676044960954,613.3019536337587,2621.6,6093.3096726801805,19426.690112402383,graphium,online,ohare_filtered_vid_1356_sr_10.0,c646d213a9df4ba99fcd314002c47657,1356,native,30.0,,1.0,1.0,1.0,0.0,1.0,0.0,32,0,0,32,2202.5543405377134,0.0,0.0,1356,c646d213a9df4ba99fcd314002c47657,ohare_filtered_vid_1356_sr_10.0,graphium,online,native,30.0,,graphium,online,1768194402.355152,1768194405.718416,2,40,3.3632640838623047,11.893208205662162,6664.765872999852,6664.765872999852,8315.60517899925,9636.276623798769,9900.410912758673,9966.444484998648,3363.2638454437256,3363.2638454437256,3363.2638454437256,3363.2638454437256,3363.2638454437256,3363.2638454437256,20.0,336.34375,20.0
17.0,0.1377806772985465,0.2431082580782539,2.3262754410427124,174.3581414473684,220.2265625,7123.699826305279,41381.71972477007,14671.716804635764,93655.01562944018,128226.59687349504,744870.9550458612,barefoot,online,ohare_filtered_vid_1356_sr_10.0,1462eb0dc062481d9c8663845daf48e6,1356,native,,,1.0,1.0,1.0,0.0,1.0,0.0,32,0,0,32,2202.5543405377134,0.0,0.0,1356,1462eb0dc062481d9c8663845daf48e6,ohare_filtered_vid_1356_sr_10.0,barefoot,online,native,,,barefoot,online,1768194407.6044593,1768194420.667857,40,40,13.063397645950317,3.061990539069297,326.8896302997746,335.7851410000876,337.0788097472541,340.0864004946925,340.3677954425803,340.4101510022884,334.9589139987261,335.9973430633545,337.37289905548096,340.24155139923096,340.5215835571289,340.5570983886719,1.0,336.65625,70.0
22.0,0.2499806642784882,0.5820917373194042,5.211629569949605,348.2610677083333,376.89453125,691.6594447252295,369.22300932210817,1137.817229998862,714.5783543871629,15908.16722868028,8492.129214408487,graphhopper,offline,ohare_filtered_vid_1356_sr_10.0,207f9cda9ab645c7b4df297e8fc07a40,1356,batches,5.0,50.0,0.88788197682169,0.916962469584242,0.9021879439937532,0.0978120560062468,0.821805462107823,0.1988277166142697,26,2,6,32,2202.5543405377134,255.03417720320252,182.89467304475968,1356,207f9cda9ab645c7b4df297e8fc07a40,ohare_filtered_vid_1356_sr_10.0,graphhopper,offline,batches,5.0,50.0,graphhopper,offline,1768194438.074843,1768194449.8808951,9,40,11.806052207946777,3.3880927591592034,1471.982516999156,1685.0400519979305,1686.688141002378,1690.416473800724,1691.6198075618013,1691.9206410020706,1475.7565259933472,1685.7540607452393,1687.2448325157166,1690.801191329956,1691.8578243255615,1692.121982574463,4.444444444444445,336.65625,30.000000000007276
22.0,0.2663313163729616,0.5888238679245283,5.536796408653589,340.4441731770833,386.55078125,515.2622734850165,183.45064317927884,1133.8815366825131,519.0371065141977,11851.03229015538,4219.364793123414,graphhopper,offline,ohare_filtered_vid_1356_sr_10.0,028a18ae0a3b44bb94f4eefef5945925,1356,batches,10.0,50.0,1.0,0.9675916950603504,0.983528948093748,0.016471051906252,0.9675916950603504,0.0324083049396497,28,0,4,32,2202.5543405377134,0.0,71.38105271429532,1356,028a18ae0a3b44bb94f4eefef5945925,ohare_filtered_vid_1356_sr_10.0,graphhopper,offline,batches,10.0,50.0,graphhopper,offline,1768194458.9661558,1768194469.060837,5,40,10.09468126296997,3.9624827132215508,2649.4974410001305,3363.3339860025444,3363.6181769979885,3366.2489673966775,3366.7751254764153,3366.9066649963497,2523.6703157424927,3363.6584281921387,3364.650845527649,3366.598916053772,3366.9885301589966,3367.0859336853027,8.0,336.65625,29.999999999992724
22.0,0.2472091770943717,0.5406268000000001,5.153822370473055,317.3072916666667,359.421875,431.9436522052858,84.37330745078025,1133.3,249.85,9934.704000721576,1940.5860713679456,graphhopper,offline,ohare_filtered_vid_1356_sr_10.0,3e10197042934f96ba7015c14f8aceca,1356,batches,30.0,50.0,1.0,1.0,1.0,0.0,1.0,0.0,32,0,0,32,2202.5543405377134,0.0,0.0,1356,3e10197042934f96ba7015c14f8aceca,ohare_filtered_vid_1356_sr_10.0,graphhopper,offline,batches,30.0,50.0,graphhopper,offline,1768194484.822053,1768194488.1915183,2,40,3.3694653511047363,11.87131958097902,6610.226664499351,6610.226664499351,8230.704661249547,9527.087058649704,9786.363538129735,9851.182657999743,3369.4653511047363,3369.4653511047363,3369.4653511047363,3369.4653511047363,3369.4653511047363,3369.4653511047363,20.0,336.65625,10.0
16.0,0.0008753055876065,0.0014237750868658,0.0134564199024458,5.881784539473684,8.2734375,559.6814688175833,1015.9386668129728,885.3469344384232,1715.556055830707,9514.584969898917,17270.957335820534,osrm,offline,ohare_filtered_vid_1356_sr_10.0,5e5748616e2e43a089105b16c948996c,1356,batches,5.0,,1.0,0.8833238259921556,0.9380477364553182,0.0619522635446817,0.8833238259921556,0.1166761740078442,22,0,10,32,2202.5543405377134,0.0,256.9856134983109,1356,5e5748616e2e43a089105b16c948996c,ohare_filtered_vid_1356_sr_10.0,osrm,offline,batches,5.0,,osrm,offline,1768194490.4580362,1768194502.1952813,9,40,11.737245082855225,3.4079547387511417,1453.2523445547365,1676.421764001134,1676.639092998812,1676.9472221974866,1677.0352116358117,1677.057208995393,1467.155635356903,1676.5966415405273,1676.7851710319517,1677.164006233215,1677.281365394592,1677.3107051849363,4.444444444444445,336.65625,20.0
17.0,0.0006821224146615,0.0013871740248962,0.0113502825510453,4.474712171052632,6.0234375,359.96673800415215,695.8374557183438,580.6451612903226,1430.2329134404254,6479.401284074738,12525.07420293019,osrm,offline,ohare_filtered_vid_1356_sr_10.0,ba03f96ea55542579349b40bb4450b08,1356,batches,10.0,,1.0,0.8833238259921556,0.9380477364553182,0.0619522635446817,0.8833238259921556,0.1166761740078442,22,0,10,32,2202.5543405377134,0.0,256.9856134983109,1356,ba03f96ea55542579349b40bb4450b08,ohare_filtered_vid_1356_sr_10.0,osrm,offline,batches,10.0,,osrm,offline,1768194506.10278,1768194516.1588488,5,40,10.056068658828735,3.9776975831287666,2614.644446998136,3351.1927649960853,3351.990648996434,3352.016208998975,3352.021320999483,3352.02259899961,2514.0172243118286,3351.7457246780396,3352.1632552146907,3352.1648287773132,3352.1651434898376,3352.1652221679688,8.0,336.65625,20.0
16.0,0.0005130758276919,0.001130750152532,0.0075915389182308,2.896998355263158,4.30078125,258.41823381283103,467.8946360754494,374.2990654205608,1516.543769470405,4393.109974818128,7954.208813282639,osrm,offline,ohare_filtered_vid_1356_sr_10.0,d76aea7ac74f4433953443a1b00bd75b,1356,batches,30.0,,1.0,0.8939852135211971,0.944025546914537,0.055974453085463,0.8939852135211969,0.1060147864788027,23,0,9,32,2202.5543405377134,0.0,233.503328120066,1356,d76aea7ac74f4433953443a1b00bd75b,ohare_filtered_vid_1356_sr_10.0,osrm,offline,batches,30.0,,osrm,offline,1768194526.7557914,1768194530.1065402,2,40,3.3507487773895264,11.93763026041089,6532.66598099799,6532.66598099799,8123.695772997962,9396.51960659794,9651.084373317935,9714.725564997934,3350.7487773895264,3350.7487773895264,3350.7487773895264,3350.7487773895264,3350.7487773895264,3350.7487773895264,20.0,336.65625,10.0
23.0,1.0128166007631323,2.4674311263318107,22.96649822926308,1450.1598307291667,1489.3984375,92.19456885351887,2.454469496868136,290.4215991555614,11.951572182694514,2212.669652484453,58.90726792483527,graphium,online,ohare_filtered_vid_1356_sr_20.0,399c5ddaeee545cabc0a9284b409ade5,1356,native,5.0,,1.0,1.0,1.0,0.0,1.0,0.0,32,0,0,32,2202.5543405377134,0.0,0.0,1356,399c5ddaeee545cabc0a9284b409ade5,ohare_filtered_vid_1356_sr_20.0,graphium,online,native,5.0,,graphium,online,1768194553.9961526,1768194553.9961526,1,20,0.0,,12966.03340099682,12966.03340099682,12966.03340099682,12966.03340099682,12966.03340099682,12966.03340099682,,,,,,,20.0,336.26953125,10.0
23.0,0.9965996846397652,2.5117552369216978,22.742962746158835,1450.07666015625,1477.734375,88.51131104690627,2.5382690469683253,291.75055865921786,11.708938547486037,2124.27146512575,60.918457127239805,graphium,online,ohare_filtered_vid_1356_sr_20.0,3111c82aa5184d0b945b316e5b5aa662,1356,native,10.0,,1.0,1.0,1.0,0.0,1.0,0.0,32,0,0,32,2202.5543405377134,0.0,0.0,1356,3111c82aa5184d0b945b316e5b5aa662,ohare_filtered_vid_1356_sr_20.0,graphium,online,native,10.0,,graphium,online,1768194578.3192725,1768194578.3192725,1,20,0.0,,12966.659547004385,12966.659547004385,12966.659547004385,12966.659547004385,12966.659547004385,12966.659547004385,,,,,,,20.0,336.26953125,19.999999999992724
23.0,1.05808016500986,2.919512020138452,23.98859070856932,1457.5035807291667,1501.30078125,89.7728415999048,2.376588885330466,316.1721849133219,11.341738247696394,2154.548198397715,57.03813324793119,graphium,online,ohare_filtered_vid_1356_sr_20.0,a1eb2342d04c4ed98b7fdba0c9d0f647,1356,native,30.0,,1.0,1.0,1.0,0.0,1.0,0.0,32,0,0,32,2202.5543405377134,0.0,0.0,1356,a1eb2342d04c4ed98b7fdba0c9d0f647,ohare_filtered_vid_1356_sr_20.0,graphium,online,native,30.0,,graphium,online,1768194602.6334784,1768194602.6334784,1,20,0.0,,12975.558817001,12975.558817001,12975.558817001,12975.558817001,12975.558817001,12975.558817001,,,,,,,20.0,336.26953125,10.0
16.0,0.1303046313442929,0.2364552373006427,2.0869232773316964,145.79091282894737,206.92578125,5653.454692096107,18378.14224492731,12294.205888376857,39769.89619377162,96108.7297656338,312428.41816376423,barefoot,online,ohare_filtered_vid_1356_sr_20.0,958c97a142ff4b928be4f2e9202c38d0,1356,native,,,1.0,1.0,1.0,0.0,1.0,0.0,32,0,0,32,2202.5543405377134,0.0,0.0,1356,958c97a142ff4b928be4f2e9202c38d0,ohare_filtered_vid_1356_sr_20.0,barefoot,online,native,,,barefoot,online,1768194604.5144615,1768194617.219443,20,20,12.704981565475464,1.5741856764552913,635.9532297996338,669.3604844986112,671.5608802514907,675.5386039989389,680.774867202199,682.083933003014,668.6832402881823,669.5413589477539,671.7798709869385,676.0594606399536,681.0580682754517,682.3077201843262,1.0,336.73828125,30.0
21.0,0.2456670725219978,0.591295617787555,4.813379977696397,352.4772135416667,407.671875,402.23247207927744,189.11423977455985,592.3510228283427,460.61645355850425,8849.114385744104,4160.513275040316,graphhopper,offline,ohare_filtered_vid_1356_sr_20.0,48f818a9fb054ec6a53958d9f9d66d29,1356,batches,5.0,50.0,0.747992301707536,0.7433434420798262,0.745660626075317,0.254339373924683,0.5944648167602612,0.5070979988971689,22,7,10,32,2202.5543405377134,551.6108828744,565.3000156745478,1356,48f818a9fb054ec6a53958d9f9d66d29,ohare_filtered_vid_1356_sr_20.0,graphhopper,offline,batches,5.0,50.0,graphhopper,offline,1768194635.9997349,1768194646.0563977,5,20,10.056662797927856,1.9887312920664832,2574.363361998985,3350.9096749985474,3351.7776770022465,3352.7970586001175,3353.0009349196916,3353.051903999585,2514.165699481964,3351.511836051941,3352.253794670105,3353.0242681503296,3353.1783628463745,3353.2168865203857,4.0,336.73828125,30.000000000007276
22.0,0.2692875251362312,0.7937095405405405,5.718440294349534,361.2014973958333,417.03125,243.08260492614164,71.97665803952597,430.06451612903226,204.6409548387097,5590.899913301258,1655.463134909097,graphhopper,offline,ohare_filtered_vid_1356_sr_20.0,aae700aaf81a44c48f7ad8fca8172769,1356,batches,10.0,50.0,0.6530255355340797,0.7268161778107707,0.6879477829368852,0.3120522170631148,0.5243295762090787,0.6593657405652196,20,8,12,32,2202.5543405377134,850.5866605562182,601.7022133275699,1356,aae700aaf81a44c48f7ad8fca8172769,ohare_filtered_vid_1356_sr_20.0,graphhopper,offline,batches,10.0,50.0,graphhopper,offline,1768194658.158737,1768194664.8658092,3,20,6.7070722579956055,2.9819270213106304,4282.189911000994,6139.873546999297,6423.127534999367,6649.730725399422,6695.051363479433,6706.381522999436,3353.5361289978027,3353.5361289978027,5030.06649017334,6371.2907791137695,6639.5356369018555,6706.596851348877,6.666666666666667,336.73828125,10.0
21.0,0.1945380958941564,0.5601610558676028,3.71967705380384,335.5758463541667,382.88671875,126.86993228584888,4.233741839826397,321.2749821198684,15.633099297893684,2791.138510288675,93.14232047618074,graphhopper,offline,ohare_filtered_vid_1356_sr_20.0,cf631671862d4fcd9388be83a0816ae7,1356,batches,30.0,50.0,0.6628428844153368,0.7592244827504203,0.7077675188736287,0.2922324811263713,0.5477091229410243,0.6269574356255698,24,8,8,32,2202.5543405377134,850.5866605562182,530.3211606132745,1356,cf631671862d4fcd9388be83a0816ae7,ohare_filtered_vid_1356_sr_20.0,graphhopper,offline,batches,30.0,50.0,graphhopper,offline,1768194683.6139235,1768194683.6139235,1,20,0.0,,12825.036663998617,12825.036663998617,12825.036663998617,12825.036663998617,12825.036663998617,12825.036663998617,,,,,,,20.0,336.73828125,10.0
16.0,0.0005965282358353,0.0010275300875656,0.0092864018983418,4.248914930555555,5.44140625,330.9753798778219,537.898766983349,542.6238178633976,987.0768203219096,5626.581457922973,9144.279038716932,osrm,offline,ohare_filtered_vid_1356_sr_20.0,2349ff3122564276a131e1385eecf2bf,1356,batches,5.0,,1.0,0.8758030158627543,0.9337899645714544,0.0662100354285456,0.8758030158627546,0.1241969841372456,21,0,11,32,2202.5543405377134,0.0,273.55060649318386,1356,2349ff3122564276a131e1385eecf2bf,ohare_filtered_vid_1356_sr_20.0,osrm,offline,batches,5.0,,osrm,offline,1768194687.2018802,1768194697.2338378,5,20,10.031957626342773,1.9936288354610159,2541.5021595996222,3343.285510003625,3343.7856640011887,3344.17457679956,3344.252359359234,3344.2718049991527,2507.9894065856934,3343.644380569458,3344.0260887145996,3344.3436622619633,3344.407176971436,3344.423055648804,4.0,336.73828125,9.999999999992724
16.0,0.0004131120737567,0.0008314066666666,0.0061914985871973,3.0462582236842106,3.8984375,226.1122808409833,323.41767063963624,441.77953216374266,724.3311111111111,3843.908774296716,5498.100400873816,osrm,offline,ohare_filtered_vid_1356_sr_20.0,e3a2755e7da44ae4899fa4779d403d1c,1356,batches,10.0,,1.0,0.8758030158627543,0.9337899645714544,0.0662100354285456,0.8758030158627546,0.1241969841372456,21,0,11,32,2202.5543405377134,0.0,273.55060649318386,1356,e3a2755e7da44ae4899fa4779d403d1c,ohare_filtered_vid_1356_sr_20.0,osrm,offline,batches,10.0,,osrm,offline,1768194704.1539965,1768194710.8393278,3,20,6.685331344604492,2.991624344265499,4234.449505000764,6018.2032590018935,6351.584390500648,6618.289295699651,6671.630276739452,6684.965521999402,3342.665672302246,3342.665672302246,5013.872146606445,6350.837326049805,6618.230361938477,6685.0786209106445,6.666666666666667,336.73828125,10.0
16.0,0.0003634818562102,0.0010548638259292,0.0051243277296456,2.165364583333333,2.2109375,157.19243945529274,5.902700132038544,304.79446157972376,12.6,2672.2714707399764,100.34590224465524,osrm,offline,ohare_filtered_vid_1356_sr_20.0,52d6166b670949f685e5133237ce23ee,1356,batches,30.0,,1.0,0.8864644033917958,0.939815669776715,0.0601843302232849,0.8864644033917956,0.1135355966082041,22,0,10,32,2202.5543405377134,0.0,250.0683211149389,1356,52d6166b670949f685e5133237ce23ee,ohare_filtered_vid_1356_sr_20.0,osrm,offline,batches,30.0,,osrm,offline,1768194724.4219232,1768194724.4219232,1,20,0.0,,12701.21613900119,12701.21613900119,12701.21613900119,12701.21613900119,12701.21613900119,12701.21613900119,,,,,,,20.0,336.73828125,10.0
24.0,1.076073262911839,2.790493265153405,25.676892594224547,1444.3034375,1494.45703125,2974.138886759228,3045.4917204370618,6581.473733147373,6849.197114265768,74353.4721689807,76137.29301092654,graphium,online,ohare_filtered_vid_495_sr_1.0,72e4f37ba4da405e87133d07e5261330,495,native,5.0,,1.0,0.8438057030997151,0.9152870084750804,0.0847129915249197,0.8438057030997151,0.1561942969002848,26,0,13,39,2241.25059474336,0.0,350.0705608232843,495,72e4f37ba4da405e87133d07e5261330,ohare_filtered_vid_495_sr_1.0,graphium,online,native,5.0,,graphium,online,1768194736.4705155,1768194748.925669,94,374,12.455153465270996,30.02773117511825,144.31272828717718,176.9300785017549,178.09154375026992,184.29907039972022,279.95628797244825,1123.0861699950765,133.92638134699996,177.03533172607422,178.15065383911133,183.00724029541016,215.2582836151123,216.63379669189453,3.978723404255319,338.69140625,189.99999999999272
24.0,1.0618089170100726,2.388862088094974,25.229740683238187,1447.6665625,1469.53125,2208.784277473145,2116.0518802417114,4264.932455063079,4398.084994753411,55219.60693682862,52901.29700604278,graphium,online,ohare_filtered_vid_495_sr_1.0,73f69159ee0a4fc788ae50085b3ae58d,495,native,10.0,,1.0,0.9810574996001096,0.9904381874813256,0.0095618125186744,0.9810574996001098,0.0189425003998904,36,0,3,39,2241.25059474336,0.0,42.45489028718084,495,73f69159ee0a4fc788ae50085b3ae58d,ohare_filtered_vid_495_sr_1.0,graphium,online,native,10.0,,graphium,online,1768194761.42057,1768194773.6521912,36,374,12.231621265411377,30.57648629602345,370.7823027222427,350.9289559988247,354.70136999720125,384.7959439990518,864.217941300375,1121.7211809998844,349.47489329746793,350.9697914123535,354.6154499053955,384.3320369720459,385.6181621551514,386.1596584320069,10.38888888888889,338.84765625,120.0
23.0,1.1428358724581689,2.416898284754708,26.168402059454458,1446.30859375,1469.734375,1572.8594420127065,1202.696243200059,3334.506599622878,2482.927348154452,37748.62660830495,28864.70983680141,graphium,online,ohare_filtered_vid_495_sr_1.0,88dade0edd7b4094a755a6e97ecba1f0,495,native,30.0,,1.0,0.9960458192993418,0.9980189930198866,0.0019810069801133,0.9960458192993416,0.0039541807006582,38,0,1,39,2241.25059474336,0.0,8.862309847072945,495,88dade0edd7b4094a755a6e97ecba1f0,ohare_filtered_vid_495_sr_1.0,graphium,online,native,30.0,,graphium,online,1768194786.14097,1768194798.3219745,13,374,12.181004524230957,30.70354331254239,1023.1205976916289,1046.5117679996183,1062.847757995769,1144.036384197534,1170.991239239811,1177.7299530003802,1015.0837103525797,1046.1475849151611,1062.8085136413574,1125.493502616882,1167.4029302597046,1177.8802871704102,28.76923076923077,338.84765625,110.00000000000728
16.0,0.5242295157220362,0.6590702621400946,8.594059820714865,384.70888157894734,711.73046875,18359.02609712421,2318128.7609350807,26171.60250683683,4986760.875127942,312103.4436511116,39408188.93589637,barefoot,online,ohare_filtered_vid_495_sr_1.0,232405cbde294d62b625a53d473d2f6b,495,native,,,0.9442362682674108,1.0,0.9713184386883787,0.0286815613116211,0.9442362682674106,0.0590569686916504,39,6,0,39,2241.25059474336,132.3614662039015,0.0,495,232405cbde294d62b625a53d473d2f6b,ohare_filtered_vid_495_sr_1.0,barefoot,online,native,,,barefoot,online,1768194800.1975036,1768194813.1825292,374,374,12.985025644302368,28.802407499603632,34.64696542779715,34.409579497150844,35.92433924859506,39.703009548247785,46.45266926811018,52.28214700036915,34.81240119115916,34.55305099487305,36.06414794921875,39.86363410949706,46.616315841674805,52.47282981872559,1.0,341.34765625,1120.0
22.0,0.2453390693420228,0.592181910488979,5.164081558817647,313.8325,346.8125,5465.121485856556,3290.2619382297835,11023.133794419273,6827.450512759362,125697.7941747008,75676.02457928502,graphhopper,offline,ohare_filtered_vid_495_sr_1.0,41e1406ac6c247759e2b1b5e748ed81e,495,batches,5.0,50.0,0.8527361008154763,0.958213854039866,0.902403231464886,0.0975967685351139,0.822162799066237,0.2072656046855197,36,13,3,39,2241.25059474336,370.8809352860797,93.6532244851836,495,41e1406ac6c247759e2b1b5e748ed81e,ohare_filtered_vid_495_sr_1.0,graphhopper,offline,batches,5.0,50.0,graphhopper,offline,1768194829.3904967,1768194842.729532,75,374,13.339035272598267,28.03800967288017,180.7988310807074,180.24426799820503,181.4271014991391,186.73409069742772,199.25382295914483,231.86865400202805,180.2572334134901,180.36580085754392,181.44851922988892,185.6033682823181,187.5807762145996,187.9880428314209,4.986666666666666,341.34765625,300.0000000000073
22.0,0.2506831934191788,0.6485171876494024,5.343496431737299,331.7908528645833,356.87890625,4305.843668035205,1774.321636438805,8219.751873234247,3482.2503377963394,99034.40436480971,40809.39763809252,graphhopper,offline,ohare_filtered_vid_495_sr_1.0,dee3fd519ce44ff38a73be2b9884e1ca,495,batches,10.0,50.0,0.7865232192878822,0.9614914247007872,0.865250566720375,0.1347494332796249,0.7625036341456009,0.2994749256801597,37,12,2,39,2241.25059474336,584.8909879993009,86.30736729208074,495,dee3fd519ce44ff38a73be2b9884e1ca,ohare_filtered_vid_495_sr_1.0,graphhopper,offline,batches,10.0,50.0,graphhopper,offline,1768194849.0532458,1768194861.9309645,38,374,12.877718687057495,29.042411089153667,349.45504021054245,353.00146699955803,354.23403450113256,362.41721430124016,390.9800212807023,406.6335949974018,348.0464510015539,353.1112670898437,354.2964458465576,357.48562812805176,363.7008380889892,364.5219802856445,9.842105263157896,341.34765625,210.0
21.0,0.2269461761481334,0.6349731764285714,4.357842698830364,319.8196614583333,358.87109375,3272.485247535858,618.5343241310921,6130.016051364367,1197.3171290988307,71994.67544578887,13607.755130884028,graphhopper,offline,ohare_filtered_vid_495_sr_1.0,17dd87e7d16141e78c0388a9bd73ba8b,495,batches,30.0,50.0,0.8111742843299949,1.0,0.8957440389344656,0.1042559610655343,0.8111742843299949,0.23278069746253,39,10,0,39,2241.25059474336,521.7198766326696,0.0,495,17dd87e7d16141e78c0388a9bd73ba8b,ohare_filtered_vid_495_sr_1.0,graphhopper,offline,batches,30.0,50.0,graphhopper,offline,1768194868.9650488,1768194880.9812877,13,374,12.016238927841187,31.124547559840515,1009.6570876149389,1046.7101660033222,1049.3396329984537,1076.7448768005124,1104.2524465589668,1111.1293389985804,1001.3532241185507,1046.8002557754517,1048.1741428375244,1053.2748460769653,1053.8457345962524,1053.9884567260742,28.76923076923077,341.34765625,180.00000000000728
16.0,0.0025305094073803,0.003811330049261,0.0413980737412549,14.365131578947368,20.48828125,2414.705174521308,4861.669083180012,3803.722504230119,7543.941015578546,41049.98796686224,82648.37441406019,osrm,offline,ohare_filtered_vid_495_sr_1.0,533d053321cf4f2eabad53600b0b4c44,495,batches,10.0,,0.9744077166698192,0.9614914247007872,0.9679064820257072,0.0320935179742929,0.93780889538521,0.0637616193171517,37,2,2,39,2241.25059474336,56.59839992428524,86.30736729208074,495,533d053321cf4f2eabad53600b0b4c44,ohare_filtered_vid_495_sr_1.0,osrm,offline,batches,10.0,,osrm,offline,1768194908.8128426,1768194921.45757,38,374,12.6447274684906,29.577545339112344,340.86629568417646,347.1689304969914,347.7876529996138,348.15717329547624,348.3701381517312,348.47995600284776,341.7493910402865,347.31101989746094,347.9621410369873,348.3516216278076,348.59816551208496,348.665714263916,9.842105263157896,341.34765625,150.00000000000728
16.0,0.0017155229693955,0.0023007456108792,0.0280458412043613,11.105057565789474,16.7578125,1511.5373700005773,3598.926243482389,2253.820439350525,5795.114656031904,25696.135290009814,61181.746139200615,osrm,offline,ohare_filtered_vid_495_sr_1.0,a31f06d39524403ca080ff3f3fe98229,495,batches,30.0,,0.994164259293267,1.0,0.9970735907638816,0.0029264092361183,0.9941642592932672,0.005869996484164,39,1,0,39,2241.25059474336,13.156133111274018,0.0,495,a31f06d39524403ca080ff3f3fe98229,ohare_filtered_vid_495_sr_1.0,osrm,offline,batches,30.0,,osrm,offline,1768194923.3818696,1768194935.2763476,13,374,11.89447808265686,31.443161894200564,992.0321748465469,1036.9476709965966,1037.6476399978856,1038.2075601999532,1038.269740838732,1038.2852859984268,991.2065068880717,1037.1077060699463,1037.7859473228455,1038.375174999237,1038.4136748313904,1038.4232997894287,28.76923076923077,341.34765625,109.99999999999272
23.0,1.1212328229431474,2.5141553854418484,25.64317229059621,1447.2918294270833,1468.09765625,691.7078883965069,1016.4067087427608,1792.4112067063754,2800.1147804985662,16600.989321516165,24393.761009826256,graphium,online,ohare_filtered_vid_495_sr_5.0,1c032af9164448bf906e36c34adf82ce,495,native,5.0,,1.0,0.8332274819575382,0.9090279195114506,0.0909720804885494,0.8332274819575382,0.1667725180424618,31,0,8,39,2241.25059474336,0.0,373.77900524951536,495,1c032af9164448bf906e36c34adf82ce,ohare_filtered_vid_495_sr_5.0,graphium,online,native,5.0,,graphium,online,1768194951.265057,1768194959.0282788,15,75,7.763221740722656,9.660937495393306,853.1633616662779,843.5728909971658,854.4583174989384,2143.185965900189,4457.7901027764865,5036.441136995563,554.5158386230469,843.7118530273438,848.7887978553772,878.3915281295776,898.4022665023804,903.404951095581,5.0,338.47265625,50.0
23.0,1.0567977333200391,2.5612346454825703,24.158743799124125,1440.8927408854167,1480.37890625,478.6444477670772,964.7958961756676,1214.4397686733555,2738.95,11487.466746409851,23155.101508216023,graphium,online,ohare_filtered_vid_495_sr_5.0,4940551c66e241b48c17d61eff12e716,495,native,10.0,,1.0,0.8711671911982258,0.9311484246796384,0.0688515753203616,0.8711671911982258,0.1288328088017742,33,0,6,39,2241.25059474336,0.0,288.7466093494341,495,4940551c66e241b48c17d61eff12e716,ohare_filtered_vid_495_sr_5.0,graphium,online,native,10.0,,graphium,online,1768194975.5067,1768194983.1494353,6,75,7.642735242843628,9.813240628769288,2117.926979167047,1699.549274002493,1699.914241249644,4224.155707501268,4897.259850301999,5065.535886002181,1528.5470485687256,1699.6135711669922,1699.773550033569,1700.0695705413818,1700.1287746429443,1700.143575668335,12.5,338.47265625,30.0
22.0,1.1117353333862634,2.5540113912034594,24.19606559859668,1454.3634510869565,1482.5,358.4596220222255,738.5923853559357,946.5783067351908,2366.03007844198,8244.571306511187,16987.62486318652,graphium,online,ohare_filtered_vid_495_sr_5.0,48f614acb3c54d668e5d7ca86924dfcf,495,native,30.0,,1.0,0.9614914247007872,0.9803677065245966,0.0196322934754034,0.9614914247007867,0.038508575299213,37,0,2,39,2241.25059474336,0.0,86.30736729208074,495,48f614acb3c54d668e5d7ca86924dfcf,ohare_filtered_vid_495_sr_5.0,graphium,online,native,30.0,,graphium,online,1768194999.6126828,1768195007.2118587,3,75,7.599175930023193,9.869491204129957,4224.833615665072,5068.790862998867,5072.197119996417,5074.922125594458,5075.467126714066,5075.603376993968,3799.5879650115967,3799.5879650115967,4434.249043464661,4941.977906227112,5043.523678779602,5068.910121917725,25.0,338.47265625,20.0
16.0,0.1891887176506083,0.3024303612082904,3.012807031138036,181.79584703947367,231.59765625,8025.860150943353,132197.00023905982,14384.882228428634,283061.28369394416,136439.622566037,2247349.004064017,barefoot,online,ohare_filtered_vid_495_sr_5.0,e1197d02d472494d9ea679dd70853077,495,native,,,0.993136011897748,0.9614914247007872,0.9770575620926892,0.0229424379073108,0.9551442250176944,0.0451538541134938,37,1,2,39,2241.25059474336,14.893735094742322,86.30736729208074,495,e1197d02d472494d9ea679dd70853077,ohare_filtered_vid_495_sr_5.0,barefoot,online,native,,,barefoot,online,1768195009.1300411,1768195021.5583687,75,75,12.428327560424805,6.034601167000178,165.8755091734929,167.932115997246,169.38369549825438,172.72221119856113,173.51376392121892,174.5255600035307,167.95037243817305,168.10238361358643,169.55041885375977,172.88401126861572,173.66586923599243,174.66402053833008,1.0,339.09765625,140.0
21.0,0.2566452111737435,0.6767877057190449,5.194651082246567,323.5314198369565,348.3125,1260.38579938941,708.5480959139494,2437.912149323796,1546.1048396110427,27728.487586567026,15588.058110106886,graphhopper,offline,ohare_filtered_vid_495_sr_5.0,be2c9207515b4b14a8e97b824ecc49f9,495,batches,5.0,50.0,0.932020283856284,0.8943003370168467,0.9127707856255032,0.0872292143744969,0.8395385016862675,0.1709281608073587,31,7,8,39,2241.25059474336,146.19340954271627,236.89943252516517,495,be2c9207515b4b14a8e97b824ecc49f9,ohare_filtered_vid_495_sr_5.0,graphhopper,offline,batches,5.0,50.0,graphhopper,offline,1768195038.2832112,1768195050.1777475,16,75,11.894536256790161,6.305416065059721,791.7437905002771,847.0209679981053,849.116103250708,857.1378000033292,863.8517976007279,865.5302970000776,792.9690996805826,847.2409248352051,849.8009443283081,857.8662633895874,864.1271543502808,865.6923770904541,4.6875,339.09765625,60.000000000007276
21.0,0.2281250016811563,0.5507014144396553,4.505263049122643,321.8546549479167,365.8515625,951.5792448273922,368.5299069963367,1988.0855672894663,873.8153262929867,20934.74338620263,8107.657953919407,graphhopper,offline,ohare_filtered_vid_495_sr_5.0,8d3e2117140340a8b16276f160b9e389,495,batches,10.0,50.0,0.9939319510209808,0.9614914247007872,0.977442593259429,0.022557406740571,0.955880410054486,0.044378571783377,37,1,2,39,2241.25059474336,13.156133111274018,86.30736729208074,495,8d3e2117140340a8b16276f160b9e389,ohare_filtered_vid_495_sr_5.0,graphhopper,offline,batches,10.0,50.0,graphhopper,offline,1768195057.7332892,1768195068.71697,8,75,10.983680725097656,6.828312100207481,1575.301948500055,1687.7336760007893,1688.894185499521,1691.5053255012026,1692.146253901883,1692.3064860020531,1569.0972464425224,1688.5278224945068,1689.4140243530273,1691.781210899353,1692.33802318573,1692.4772262573242,9.375,339.09765625,50.000000000007276
21.0,0.2738672063535729,0.663108415014437,5.361970124764168,357.1525135869565,393.08984375,685.2599653516897,132.15159753081196,1725.7427004972587,371.1727400229505,15075.719237737174,2907.335145677863,graphhopper,offline,ohare_filtered_vid_495_sr_5.0,2f4c287ca019488080fb825c0f940d97,495,batches,30.0,50.0,1.0,0.9614914247007872,0.9803677065245966,0.0196322934754034,0.9614914247007867,0.038508575299213,37,0,2,39,2241.25059474336,0.0,86.30736729208074,495,2f4c287ca019488080fb825c0f940d97,ohare_filtered_vid_495_sr_5.0,graphhopper,offline,batches,30.0,50.0,graphhopper,offline,1768195079.6092978,1768195087.1891797,3,75,7.579881906509399,9.894613257179113,4189.164677998633,4988.002022997534,5019.822339498205,5045.278592698742,5050.369843338849,5051.642655998876,3789.9409532546997,3789.9409532546997,4420.894920825958,4925.658094882965,5026.6107296943665,5051.848888397217,25.0,339.09765625,40.0
16.0,0.0011983048413421,0.0018789617486338,0.0190650492492163,6.559210526315789,9.015625,928.524328491116,1648.2260487719775,1361.689254598257,2573.088092933204,15784.91358434897,28019.842829123616,osrm,offline,ohare_filtered_vid_495_sr_5.0,cec113397eb246cdb82f166c73739544,495,batches,5.0,,0.9785269724549134,0.883286475572651,0.9284707247851832,0.0715292752148166,0.8664912347812864,0.1360965719611236,29,1,10,39,2241.25059474336,43.44226681301122,261.5842560373896,495,cec113397eb246cdb82f166c73739544,ohare_filtered_vid_495_sr_5.0,osrm,offline,batches,5.0,,osrm,offline,1768195088.7890654,1768195100.5615098,16,75,11.772444486618042,6.370809400312221,777.756823312302,840.6800294978893,840.8449262497015,841.3757012513088,841.5045146492048,841.5367179986788,784.8296324412028,840.7931327819824,840.9940004348755,841.5335655212402,841.655330657959,841.6857719421387,4.6875,339.09765625,49.999999999992724
16.0,0.0009472682858302,0.0014937905890395,0.0147933369494576,6.587993421052632,9.4609375,594.5298720952345,1160.0791374406128,1046.4006938421508,2110.843625325239,10107.007825618986,19721.34533649042,osrm,offline,ohare_filtered_vid_495_sr_5.0,3e3acc812cfc4d5b913d1fe288185954,495,batches,10.0,,1.0,0.8909221990693537,0.9423150243916272,0.0576849756083728,0.8909221990693537,0.1090778009306463,30,0,9,39,2241.25059474336,0.0,244.470686209109,495,3e3acc812cfc4d5b913d1fe288185954,ohare_filtered_vid_495_sr_5.0,osrm,offline,batches,10.0,,osrm,offline,1768195102.977608,1768195113.8983307,8,75,10.920722723007202,6.8676773417196975,1554.0907666236308,1679.4706099972245,1680.2954760005377,1680.3928308498146,1680.4005725685422,1680.402507998224,1560.103246143886,1679.7068119049072,1680.4834604263306,1680.5430889129639,1680.5521297454834,1680.5543899536133,9.375,339.09765625,40.0
16.0,0.0007201604713136,0.0011296935314685,0.0111130344808632,4.014539930555555,5.77734375,398.79140006234894,833.8644640908142,653.9143485777148,1971.1538268112524,6779.453801059932,14175.695889543842,osrm,offline,ohare_filtered_vid_495_sr_5.0,b5ddc052ef764cf4b1a95221fc86fde5,495,batches,30.0,,1.0,0.8909221990693537,0.9423150243916272,0.0576849756083728,0.8909221990693537,0.1090778009306463,30,0,9,39,2241.25059474336,0.0,244.470686209109,495,b5ddc052ef764cf4b1a95221fc86fde5,ohare_filtered_vid_495_sr_5.0,osrm,offline,batches,30.0,,osrm,offline,1768195119.6529424,1768195127.2077937,3,75,7.554851293563843,9.92739593218655,4140.141842331407,4865.908227999171,4950.589197997033,5018.333973995323,5031.8829291949805,5035.270167994895,3777.425527572632,3777.425527572632,4406.432509422302,4909.638094902039,5010.279211997986,5035.439491271973,25.0,339.09765625,39.999999999992724
23.0,1.0808329250143631,2.430618010254758,24.678403004464062,1457.6422526041667,1516.30078125,266.35901074106044,825.3149718769737,630.5899612598955,2752.9833333333336,6392.61625778545,19807.55932504737,graphium,online,ohare_filtered_vid_495_sr_10.0,ecbec04c51494e76bd9b8515f93c4117,495,native,5.0,,1.0,0.8711671911982258,0.9311484246796384,0.0688515753203616,0.8711671911982258,0.1288328088017742,33,0,6,39,2241.25059474336,0.0,288.7466093494341,495,ecbec04c51494e76bd9b8515f93c4117,ohare_filtered_vid_495_sr_10.0,graphium,online,native,5.0,,graphium,online,1768195148.140391,1768195150.861307,3,38,2.7209157943725586,13.965886073575744,4237.930636336388,1701.848342003359,5847.546806504398,9164.105578105227,9827.417332425395,9993.245271005437,1360.4576587677002,1360.4576587677002,1531.2349796295166,1667.8568363189697,1695.1812076568604,1702.012300491333,12.666666666666666,338.5625,20.0
23.0,1.0738580158101687,2.8658619897959188,24.489401754013315,1445.326171875,1489.90234375,242.0248492256909,701.1220257577816,547.8348366692661,2194.2666666666664,5808.596381416582,16826.928618186757,graphium,online,ohare_filtered_vid_495_sr_10.0,4b6ea545070b44ed89ed1b1848e1f9ca,495,native,10.0,,1.0,0.9011910104822354,0.9480278472952058,0.0519721527047941,0.9011910104822352,0.0988089895177646,34,0,5,39,2241.25059474336,0.0,221.45570652268043,495,4b6ea545070b44ed89ed1b1848e1f9ca,ohare_filtered_vid_495_sr_10.0,graphium,online,native,10.0,,graphium,online,1768195172.2249956,1768195174.9182813,2,38,2.6932857036590576,14.109160401502807,6346.204585501256,6346.204585501256,8172.731773249327,9633.953523447783,9926.197873487474,9999.258960997397,2693.2857036590576,2693.2857036590576,2693.2857036590576,2693.2857036590576,2693.2857036590576,2693.2857036590576,19.0,338.5625,19.999999999992724
23.0,1.0687450162284595,2.860514612610372,24.418522248929577,1448.1219075520833,1492.23046875,223.31741820311757,614.4578799212906,496.96811510791366,2194.266666666667,5359.618036874821,14746.989118110974,graphium,online,ohare_filtered_vid_495_sr_10.0,ef73b6f171104c57b2bc85b18fa732ef,495,native,30.0,,1.0,0.9011910104822354,0.9480278472952058,0.0519721527047941,0.9011910104822352,0.0988089895177646,34,0,5,39,2241.25059474336,0.0,221.45570652268043,495,ef73b6f171104c57b2bc85b18fa732ef,ohare_filtered_vid_495_sr_10.0,graphium,online,native,30.0,,graphium,online,1768195196.255083,1768195198.9494114,2,38,2.6943283081054688,14.103700683277125,6336.261005002598,6336.261005002598,8157.295013501425,9614.122220300487,9905.4876616603,9978.329022000253,2694.3280696868896,2694.3280696868896,2694.3280696868896,2694.3280696868896,2694.3280696868896,2694.3280696868896,19.0,338.5625,19.999999999992724
15.0,0.1476644807722935,0.2497855863333768,2.1809613731815496,178.97113715277777,225.04296875,6774.715957635299,43230.23008462409,13496.475950723085,91703.2152725446,108395.45532216478,691683.6813539854,barefoot,online,ohare_filtered_vid_495_sr_10.0,3e93db753e724a9dae788c89c62209d3,495,native,,,1.0,0.9178002029299392,0.9571384980852128,0.0428615019147871,0.9178002029299392,0.0821997970700608,35,0,4,39,2241.25059474336,0.0,184.23034407105743,495,3e93db753e724a9dae788c89c62209d3,ohare_filtered_vid_495_sr_10.0,barefoot,online,native,,,barefoot,online,1768195200.857839,1768195213.243443,38,38,12.385603904724121,3.068078092300855,326.3613388153317,334.3154145004519,335.8860107509827,338.78357589564985,340.0127678680292,340.4555649976828,334.7460450352849,334.46240425109863,336.0228538513184,338.9501094818115,340.1757335662842,340.61312675476074,1.0,338.875,69.99999999999272
21.0,0.2262349917707869,0.5569950419047619,4.4807869445689725,316.8271484375,357.734375,655.6095554055415,347.1721014168282,1195.954033995691,771.3670098156573,14423.410218921914,7637.78623117022,graphhopper,offline,ohare_filtered_vid_495_sr_10.0,5baaaa9976f140db9c0e6f4758b73982,495,batches,5.0,50.0,1.0,0.8597637770785241,0.9245946046213616,0.0754053953786383,0.8597637770785241,0.1402362229214757,32,0,7,39,2241.25059474336,0.0,314.30451802732,495,5baaaa9976f140db9c0e6f4758b73982,ohare_filtered_vid_495_sr_10.0,graphhopper,offline,batches,5.0,50.0,graphhopper,offline,1768195230.6242015,1768195241.7556338,8,38,11.131432294845581,3.4137565583178304,1572.0060570001806,1685.3497904994583,1686.2676752498373,1694.2299029513379,1697.2789693894447,1698.0412359989714,1590.2046135493688,1686.0980987548828,1686.745285987854,1694.9360847473145,1697.5353813171387,1698.1852054595947,4.75,338.875,49.999999999992724
21.0,0.2737348427337424,0.7267044173664121,5.5550119319362254,326.18291440217394,367.48828125,535.6004373861107,203.1938842450872,1039.9487537852317,500.3494060097833,11783.209622494436,4470.265453391918,graphhopper,offline,ohare_filtered_vid_495_sr_10.0,123b8480418e4bba9637a6cad9e55de0,495,batches,10.0,50.0,1.0,0.9011910104822354,0.9480278472952058,0.0519721527047941,0.9011910104822352,0.0988089895177646,34,0,5,39,2241.25059474336,0.0,221.45570652268043,495,123b8480418e4bba9637a6cad9e55de0,ohare_filtered_vid_495_sr_10.0,graphhopper,offline,batches,10.0,50.0,graphhopper,offline,1768195250.844755,1768195260.2731428,4,38,9.428387880325317,4.030381490699643,3140.237345747664,3248.4783614963817,3366.154637245927,3371.633984247455,3372.7298536477606,3373.003820997837,3142.795960108439,3364.043712615967,3368.6009645462036,3372.246766090393,3372.975926399231,3373.1582164764404,9.5,338.875,19.999999999992724
22.0,0.2534618196659164,0.773121743414634,5.388905474755102,345.5120442708333,411.453125,415.3748615635017,80.93203575265281,1053.3514104372357,243.225,9553.62181596054,1861.4368223110143,graphhopper,offline,ohare_filtered_vid_495_sr_10.0,f606e3da2ee8459a9505c6d028f72b0c,495,batches,30.0,50.0,1.0,0.9011910104822354,0.9480278472952058,0.0519721527047941,0.9011910104822352,0.0988089895177646,34,0,5,39,2241.25059474336,0.0,221.45570652268043,495,f606e3da2ee8459a9505c6d028f72b0c,ohare_filtered_vid_495_sr_10.0,graphhopper,offline,batches,30.0,50.0,graphhopper,offline,1768195276.0332236,1768195278.7237766,2,38,2.6905529499053955,14.123490861362214,6269.420790998994,6269.420790998994,8058.94132950016,9490.557760301092,9776.881046461278,9848.461868001325,2690.5529499053955,2690.5529499053955,2690.5529499053955,2690.5529499053955,2690.5529499053955,2690.5529499053955,19.0,339.03125,30.0
16.0,0.0008352159076969,0.0012883600658255,0.01310619993643,5.897786458333333,7.6796875,517.1171083639215,876.5787217452336,923.3839671803968,1600.777591750748,8790.990842186666,14901.838269668971,osrm,offline,ohare_filtered_vid_495_sr_10.0,98c447c0bdef495cb0d769e34139a478,495,batches,5.0,,1.0,0.6987509304639622,0.8226643681933049,0.1773356318066951,0.6987509304639622,0.3012490695360377,21,0,18,39,2241.25059474336,0.0,675.1746562635284,495,98c447c0bdef495cb0d769e34139a478,ohare_filtered_vid_495_sr_10.0,osrm,offline,batches,5.0,,osrm,offline,1768195280.9634385,1768195292.031434,8,38,11.067995548248291,3.4333226675370483,1551.1507791243275,1676.8052834995615,1677.4280370027554,1677.5285395990068,1677.5613511183471,1677.5695539981823,1581.1422211783272,1677.077054977417,1677.6177883148193,1677.7022123336792,1677.728705406189,1677.7353286743164,4.75,339.03125,19.999999999992724
15.0,0.000743238701726,0.0012130014731879,0.0106788177544282,4.437934027777778,6.2734375,391.82443175430535,703.0307703900867,685.8131487889274,1355.8348442906574,6269.190908068886,11248.492326241389,osrm,offline,ohare_filtered_vid_495_sr_10.0,0b9b4554431048fda77185a29cb567b4,495,batches,10.0,,1.0,0.7453839421956756,0.8541203160812744,0.1458796839187256,0.7453839421956756,0.2546160578043244,23,0,16,39,2241.25059474336,0.0,570.6583909851519,495,0b9b4554431048fda77185a29cb567b4,ohare_filtered_vid_495_sr_10.0,osrm,offline,batches,10.0,,osrm,offline,1768195295.9329906,1768195305.3184123,4,38,9.385421752929688,4.048832433996712,3100.430226748358,3183.7047029985115,3350.8662875010486,3351.723535100973,3351.894984620958,3351.937847000954,3128.473997116089,3350.6522178649902,3351.421117782593,3352.0362377166753,3352.1592617034917,3352.1900177001958,9.5,339.03125,30.0
17.0,0.000548793228223,0.0014341371784879,0.0089298774844759,2.9944490131578947,4.15625,236.75773546942636,391.17777825770673,363.1375483227335,1308.1489866386428,4261.639238449674,7041.200008638722,osrm,offline,ohare_filtered_vid_495_sr_10.0,f9a6f07ac11d48709776d92254bfd799,495,batches,30.0,,1.0,0.7453839421956756,0.8541203160812744,0.1458796839187256,0.7453839421956756,0.2546160578043244,23,0,16,39,2241.25059474336,0.0,570.6583909851519,495,f9a6f07ac11d48709776d92254bfd799,ohare_filtered_vid_495_sr_10.0,osrm,offline,batches,30.0,,osrm,offline,1768195315.9081223,1768195318.5900002,2,38,2.681877851486206,14.169176265407346,6198.234151001088,6198.234151001088,7956.468626001879,9363.056206002511,9644.373722002638,9714.70310100267,2681.877851486206,2681.877851486206,2681.877851486206,2681.877851486206,2681.877851486206,2681.877851486206,19.0,339.03125,20.0
22.0,1.074007831765482,2.593972936818276,23.334725290041234,1466.1368885869565,1482.4453125,167.0157058892369,8.29717890258911,322.01751338833407,25.19655521783181,3841.361235452449,190.83511475954955,graphium,online,ohare_filtered_vid_495_sr_20.0,c7970b096a9b45fab3f30d820956960e,495,native,5.0,,1.0,0.8711671911982258,0.9311484246796384,0.0688515753203616,0.8711671911982258,0.1288328088017742,33,0,6,39,2241.25059474336,0.0,288.7466093494341,495,c7970b096a9b45fab3f30d820956960e,ohare_filtered_vid_495_sr_20.0,graphium,online,native,5.0,,graphium,online,1768195341.8697684,1768195341.8697684,1,19,0.0,,12343.425906998164,12343.425906998164,12343.425906998164,12343.425906998164,12343.425906998164,12343.425906998164,,,,,,,19.0,338.59375,10.0
23.0,1.0538145245681163,2.689206197112992,24.051570400644152,1449.3087565104167,1479.12109375,157.3755627945317,7.883319242651201,308.2562911725956,24.11979578392622,3777.013507068761,189.1996618236288,graphium,online,ohare_filtered_vid_495_sr_20.0,eb57f8b01b2d4248aa634bcae85272ec,495,native,10.0,,1.0,0.8711671911982258,0.9311484246796384,0.0688515753203616,0.8711671911982258,0.1288328088017742,33,0,6,39,2241.25059474336,0.0,288.7466093494341,495,eb57f8b01b2d4248aa634bcae85272ec,ohare_filtered_vid_495_sr_20.0,graphium,online,native,10.0,,graphium,online,1768195365.5918372,1768195365.5918372,1,19,0.0,,12337.821022003482,12337.821022003482,12337.821022003482,12337.821022003482,12337.821022003482,12337.821022003482,,,,,,,19.0,338.59375,0.0
22.0,1.024565124586,2.8287719989493043,22.2968621679462,1458.0366847826087,1515.73046875,86.31261185423007,2.233456964142809,302.2161796705004,11.00196463654224,1985.190072647292,51.36951017528462,graphium,online,ohare_filtered_vid_495_sr_20.0,0cad0c4b5ea2453d88b5911812fe8f87,495,native,30.0,,1.0,0.8711671911982258,0.9311484246796384,0.0688515753203616,0.8711671911982258,0.1288328088017742,33,0,6,39,2241.25059474336,0.0,288.7466093494341,495,0cad0c4b5ea2453d88b5911812fe8f87,ohare_filtered_vid_495_sr_20.0,graphium,online,native,30.0,,graphium,online,1768195389.3472898,1768195389.3472898,1,19,0.0,,12353.192024995224,12353.192024995224,12353.192024995224,12353.192024995224,12353.192024995224,12353.192024995224,,,,,,,19.0,338.59375,20.0
15.0,0.1470525742685071,0.2462112866854195,2.2006147231954425,150.31163194444446,201.0546875,6464.507255546803,16978.4046315132,16906.538814317675,34348.2252827231,103432.11608874884,271654.4741042112,barefoot,online,ohare_filtered_vid_495_sr_20.0,7d7039f49bbf468caa3b8d21d8dd4704,495,native,,,1.0,0.9011910104822354,0.9480278472952058,0.0519721527047941,0.9011910104822352,0.0988089895177646,34,0,5,39,2241.25059474336,0.0,221.45570652268043,495,7d7039f49bbf468caa3b8d21d8dd4704,ohare_filtered_vid_495_sr_20.0,barefoot,online,native,,,barefoot,online,1768195391.2534585,1768195403.2796996,19,19,12.026241064071655,1.5798785255321732,634.0629174745501,667.4158310052007,671.1087909970956,673.778561897052,674.9275299764122,675.2147719962522,668.1245168050131,668.6911582946777,671.2965965270996,674.0226745605469,675.0797271728516,675.3439903259277,1.0,338.75,30.000000000007276
21.0,0.2341253490700786,0.6015767051779936,4.719189132225625,312.55502717391306,340.6171875,373.3693900840272,174.21270911178863,740.5477460009695,479.6943650024237,8214.126581848599,3832.67960045935,graphhopper,offline,ohare_filtered_vid_495_sr_20.0,43f3f8f4877f46e28efd6c19a46a5591,495,batches,5.0,50.0,1.0,0.7451683644989474,0.8539787675017723,0.1460212324982277,0.7451683644989474,0.2548316355010527,26,0,13,39,2241.25059474336,0.0,571.1415546261576,495,43f3f8f4877f46e28efd6c19a46a5591,ohare_filtered_vid_495_sr_20.0,graphhopper,offline,batches,5.0,50.0,graphhopper,offline,1768195422.0033684,1768195431.3854988,4,19,9.38213038444519,2.0251264074842164,3040.233144251033,3066.341873502097,3353.7870162526815,3354.8218680512946,3355.028838411017,3355.080581000948,3127.3767948150635,3353.5265922546387,3354.381799697876,3355.065965652466,3355.202798843384,3355.2370071411133,4.75,338.75,10.000000000007276
20.0,0.2426705526648372,0.6882948994652407,4.622184300079229,331.3186141304348,404.92578125,277.14934706032125,84.27431576460064,412.5210285988946,200.0959557900025,5820.136288266746,1769.7606310566136,graphhopper,offline,ohare_filtered_vid_495_sr_20.0,a6067d8eec964b4ba606ce12a4b59e23,495,batches,10.0,50.0,1.0,0.8597637770785241,0.9245946046213616,0.0754053953786383,0.8597637770785241,0.1402362229214757,32,0,7,39,2241.25059474336,0.0,314.30451802732,495,a6067d8eec964b4ba606ce12a4b59e23,ohare_filtered_vid_495_sr_20.0,graphhopper,offline,batches,10.0,50.0,graphhopper,offline,1768195443.4336195,1768195449.4748678,2,19,6.041248321533203,3.1450453596282575,6086.22604050106,6086.22604050106,6108.825706252901,6126.905438854374,6130.521385374668,6131.425372004742,6041.248083114624,6041.248083114624,6041.248083114624,6041.248083114624,6041.248083114624,6041.248083114624,9.5,338.75,10.0
21.0,0.1961040768325647,0.6607403096774194,3.653549380639004,311.2864583333333,345.92578125,126.25677497171613,4.351307191653807,305.2685277500831,14.269611307420494,2777.649049377754,95.72875821638377,graphhopper,offline,ohare_filtered_vid_495_sr_20.0,f8997a84c67048998abc330a28e25918,495,batches,30.0,50.0,1.0,0.8597637770785241,0.9245946046213616,0.0754053953786383,0.8597637770785241,0.1402362229214757,32,0,7,39,2241.25059474336,0.0,314.30451802732,495,f8997a84c67048998abc330a28e25918,ohare_filtered_vid_495_sr_20.0,graphhopper,offline,batches,30.0,50.0,graphhopper,offline,1768195467.5498323,1768195467.5498323,1,19,0.0,,12146.518405999814,12146.518405999814,12146.518405999814,12146.518405999814,12146.518405999814,12146.518405999814,,,,,,,19.0,338.75,0.0
16.0,0.0006245556995486,0.0012607310465116,0.0096801460783736,3.9962993421052633,5.4453125,339.6289733489548,498.592054420746,518.5100155931391,933.7473943661972,5773.692546932231,8476.064925152681,osrm,offline,ohare_filtered_vid_495_sr_20.0,5e4ed1e9c21a44c4adc37aec45dcb176,495,batches,5.0,,1.0,0.5510769853622208,0.710573350727048,0.289426649272952,0.5510769853622208,0.448923014637779,14,0,25,39,2241.25059474336,0.0,1006.1489735509044,495,5e4ed1e9c21a44c4adc37aec45dcb176,ohare_filtered_vid_495_sr_20.0,osrm,offline,batches,5.0,,osrm,offline,1768195471.1412828,1768195480.5024574,4,19,9.361174583435059,2.0296598285455754,3009.195358999932,3009.9242304968357,3343.8950149975426,3344.2121006046364,3344.275517726055,3344.29137200641,3120.391527811686,3343.966484069824,3344.2025184631348,3344.391345977783,3344.429111480713,3344.4385528564453,4.75,338.75,10.000000000007276
15.0,0.0005032064360364,0.0012809843598055,0.0067703186167778,2.841579861111111,3.5859375,247.3763836432004,240.1800651409545,420.28186995728527,501.3627994481374,3958.022138291206,3842.881042255272,osrm,offline,ohare_filtered_vid_495_sr_20.0,762b2cf2805e422f9f743ce391494f73,495,batches,10.0,,1.0,0.6851563959851515,0.8131665376786651,0.1868334623213349,0.6851563959851515,0.3148436040148485,20,0,19,39,2241.25059474336,0.0,705.6434147494223,495,762b2cf2805e422f9f743ce391494f73,ohare_filtered_vid_495_sr_20.0,osrm,offline,batches,10.0,,osrm,offline,1768195487.3962417,1768195493.413817,2,19,6.017575263977051,3.1574179244154212,6016.991271502775,6016.991271502775,6017.208985251273,6017.383156250071,6017.4179904498305,6017.42669899977,6017.575263977051,6017.575263977051,6017.575263977051,6017.575263977051,6017.575263977051,6017.575263977051,9.5,338.75,10.0
15.0,0.0002932663018004,0.0008459677314211,0.0038462930973856,2.127170138888889,2.21484375,164.81217958117034,5.780980328467988,278.66656812022666,12.173688100517367,2636.994873298725,92.4956852554878,osrm,offline,ohare_filtered_vid_495_sr_20.0,122d1bf0710644fabbacc84725bc1748,495,batches,30.0,,1.0,0.6851563959851515,0.8131665376786651,0.1868334623213349,0.6851563959851515,0.3148436040148485,20,0,19,39,2241.25059474336,0.0,705.6434147494223,495,122d1bf0710644fabbacc84725bc1748,ohare_filtered_vid_495_sr_20.0,osrm,offline,batches,30.0,,osrm,offline,1768195506.3292568,1768195506.3292568,1,19,0.0,,12031.70604299521,12031.70604299521,12031.70604299521,12031.70604299521,12031.70604299521,12031.70604299521,,,,,,,19.0,338.75,9.999999999992724
28.0,0.9535837242146225,2.771956462075849,26.43933953909088,1445.0033674568965,1485.96484375,4269.194209923008,3892.4131609491615,8765.446910617875,7641.125694690789,123806.63208776724,112879.98166752567,graphium,online,ohare_filtered_vid_479_sr_1.0,c68995ebb9c04cf68bb0c3dd63c1b1b7,479,native,5.0,,0.9566233589454588,0.8203139179555722,0.8832404675002782,0.1167595324997218,0.7908958390740205,0.2168819774179505,34,3,12,46,3203.2422916188902,119.14746513509972,575.5780572200124,479,c68995ebb9c04cf68bb0c3dd63c1b1b7,ohare_filtered_vid_479_sr_1.0,graphium,online,native,5.0,,graphium,online,1768195518.49554,1768195535.0763133,124,492,16.58077335357666,29.67292233651273,143.45205872544489,176.3211394973041,177.4526050012355,180.78071929739966,199.83888735063366,1223.3006120004577,134.8030353949322,176.44691467285156,177.52277851104736,180.23779392242434,184.74683761596683,204.49376106262207,3.967741935483871,338.46875,260.0
28.0,0.9649542168487282,2.681015393939394,26.740752046436253,1442.6740301724135,1482.4296875,2374.3898673024323,2554.840063707984,4404.752679839856,4845.502778351582,68857.30615177054,74090.36184753153,graphium,online,ohare_filtered_vid_479_sr_1.0,2b8293c0d4024da1bfd0821772ace6bf,479,native,10.0,,0.9533220276825474,0.9493761971033728,0.9513450209456784,0.0486549790543215,0.907204981569441,0.0971085735831556,43,3,3,46,3203.2422916188902,148.90198337929456,162.16030640105458,479,2b8293c0d4024da1bfd0821772ace6bf,ohare_filtered_vid_479_sr_1.0,graphium,online,native,10.0,,graphium,online,1768195547.658945,1768195563.948683,48,492,16.289737939834595,30.203064151012104,364.7754757500176,350.43665900229826,351.7862575008622,369.1948095998669,830.7401738464259,1226.4962689951062,346.5901638599152,350.5668640136719,351.90069675445557,365.41516780853266,377.96392917633057,384.5939636230469,10.25,338.625,180.00000000000728
28.0,0.9251108680696488,2.574710079784246,25.54263752627415,1446.729525862069,1480.625,1855.4249012980672,1623.105932880763,3258.460029426189,3139.542230937824,53807.32213764395,47070.07205354213,graphium,online,ohare_filtered_vid_479_sr_1.0,518f1368f3ed4bf7ab2e5573612b3835,479,native,30.0,,0.9857973928960896,0.964257800686098,0.9749086375857084,0.0250913624142916,0.9510456075735598,0.0496344806170528,44,2,2,46,3203.2422916188902,44.50034299732005,114.49092443776183,479,518f1368f3ed4bf7ab2e5573612b3835,ohare_filtered_vid_479_sr_1.0,graphium,online,native,30.0,,graphium,online,1768195576.547325,1768195592.7100053,17,492,16.16268038749695,30.440495524529403,1022.6971927045003,1043.2687380016432,1050.090035998437,1117.9809536013636,1204.0322323163855,1225.545051995141,1010.1675391197205,1043.26331615448,1047.7198958396912,1089.2319083213806,1090.8442378044128,1091.247320175171,28.941176470588236,338.625,150.0
21.0,0.557209319444555,0.8874181464679197,11.96819741150114,429.3556385869565,723.59765625,18822.85420801648,2345089.959323877,27371.829512831664,5571937.707006371,414102.79257636255,51591979.1051253,barefoot,online,ohare_filtered_vid_479_sr_1.0,a5c60a5c7cce456c9622ed4a9b6fab86,479,native,,,0.8195247318940135,1.0,0.9008118631516908,0.0991881368483091,0.8195247318940136,0.2202194285081406,46,16,0,46,3203.2422916188902,705.4161868334187,0.0,479,a5c60a5c7cce456c9622ed4a9b6fab86,ohare_filtered_vid_479_sr_1.0,barefoot,online,native,,,barefoot,online,1768195594.5801802,1768195612.1028774,492,492,17.52269721031189,28.077869182745687,35.49576045304825,34.870619001594605,36.19522000008146,44.246244605164975,51.20129362963779,55.92769700160716,35.68777435908735,35.03704071044922,36.35108470916748,44.39258575439453,51.391291618347175,56.10299110412598,1.0,341.90625,1799.9999999999854
26.0,0.2484701596779293,0.6826672712174524,6.02602704008664,352.2972790948276,385.734375,6635.760519297159,3983.772462710917,11071.767941985498,6766.941735433859,179165.53402102328,107561.85649319476,graphhopper,offline,ohare_filtered_vid_479_sr_1.0,2e1faed79d66486b9ec26cf83e295859,479,batches,5.0,50.0,0.6360121642977955,0.9575678613515488,0.7643479438217072,0.2356520561782927,0.6185786200896503,0.5904453260631225,44,29,2,46,3203.2422916188902,1755.4190182915447,135.92042104255492,479,2e1faed79d66486b9ec26cf83e295859,ohare_filtered_vid_479_sr_1.0,graphhopper,offline,batches,5.0,50.0,graphhopper,offline,1768195628.3490863,1768195645.8962104,99,492,17.54712414741516,28.038782644190487,179.49601486826498,179.7299909958383,180.81362399971113,183.0089307979506,186.53950579740902,236.68090200226288,179.05228721852205,179.8802614212036,180.97299337387085,183.06998014450073,185.0967907905579,185.6997013092041,4.96969696969697,341.90625,390.0
26.0,0.2358696125053239,0.6178120458958516,5.750667491747894,338.92452566964283,366.31640625,4778.401892449591,1966.7199344144367,8365.67576527793,3532.9870703945185,129016.85109613895,53101.43822918979,graphhopper,offline,ohare_filtered_vid_479_sr_1.0,6900e099ecc244de87197873b56eb9d2,479,batches,10.0,50.0,0.6616376739979467,0.960989584624338,0.7837005204102859,0.216299479589714,0.6443318718467643,0.5304616792561515,44,28,2,46,3203.2422916188902,1574.2374727315394,124.95981234494016,479,6900e099ecc244de87197873b56eb9d2,ohare_filtered_vid_479_sr_1.0,graphhopper,offline,batches,10.0,50.0,graphhopper,offline,1768195652.2394433,1768195669.2998755,50,492,17.060432195663452,28.83865979228007,349.4972495199181,353.002692998416,354.20660199997656,360.77486215181125,396.01642412941135,421.59102499863366,348.17208562578475,353.0714511871338,354.3810844421387,358.72912406921387,365.92980384826654,369.59385871887207,9.84,341.90625,290.0000000000073
27.0,0.218001742402595,0.5617623455804046,5.659518820414973,341.5154903017241,375.68359375,3521.961761245316,675.5725218098127,6646.11645122086,1299.7186756113397,98614.92931486886,18916.03061067476,graphhopper,offline,ohare_filtered_vid_479_sr_1.0,f2d289b5f74642308fd96970e5bddd26,479,batches,30.0,50.0,0.6398409589369164,0.7392069469374434,0.6859440919587243,0.3140559080412757,0.5220052569766144,0.676884054173987,37,28,9,46,3203.2422916188902,1332.8402919221774,835.3833369303902,479,f2d289b5f74642308fd96970e5bddd26,ohare_filtered_vid_479_sr_1.0,graphhopper,offline,batches,30.0,50.0,graphhopper,offline,1768195676.352227,1768195692.5152097,17,492,16.16298270225525,30.43992616111322,1017.1176430586082,1048.5753040047712,1051.5387899940831,1072.2328570016543,1118.9638585966895,1130.6466089954483,1010.1864188909531,1048.4135150909424,1050.6900548934937,1055.9847950935364,1057.4617981910706,1057.831048965454,28.941176470588236,341.90625,249.99999999999272
20.0,0.0027115255718552,0.0040735253392412,0.0551515510907248,17.43936820652174,25.3515625,2610.7242819877843,5487.614850804586,3679.705702023298,7958.997458997458,54825.20992174347,115239.91186689632,osrm,offline,ohare_filtered_vid_479_sr_1.0,f70622399ad74470a395e1595cc34033,479,batches,10.0,,0.81256767808473,0.926399644430709,0.8657579683150112,0.1342420316849888,0.7632920876939049,0.2872899239094956,42,9,4,46,3203.2422916188902,684.4994625851289,235.75977163774067,479,f70622399ad74470a395e1595cc34033,ohare_filtered_vid_479_sr_1.0,osrm,offline,batches,10.0,,osrm,offline,1768195729.7108414,1768195746.46215,50,492,16.75130867958069,29.370839581013293,341.159366780048,347.3947759994189,347.8202340011194,348.2106046005356,348.35051245863724,348.46127499622526,341.8634424404222,347.57184982299805,347.9769229888916,348.39773178100586,348.5298442840576,348.6306667327881,9.84,341.90625,220.00000000000728
20.0,0.0016709487514971,0.0023373867156131,0.0339077285832021,12.187160326086955,20.15234375,1554.3115485258572,4108.660412136574,2324.743393754095,6275.71522166412,32640.542519043003,86281.86865486806,osrm,offline,ohare_filtered_vid_479_sr_1.0,b6c34b9ae8f245808714d705eb922922,479,batches,30.0,,0.8234084747958434,0.8444169073313699,0.8337803767810896,0.1662196232189103,0.7149428462537379,0.3366801716254572,41,8,5,46,3203.2422916188902,580.0978222031545,498.37034229701646,479,b6c34b9ae8f245808714d705eb922922,ohare_filtered_vid_479_sr_1.0,osrm,offline,batches,30.0,,osrm,offline,1768195748.3860626,1768195764.3654726,17,492,15.97940993309021,30.789622524243835,998.9289802350172,1037.1766829994158,1037.633318999724,1038.7112050011638,1038.922558601189,1038.9753970011952,998.7131208181381,1037.3221635818481,1037.9143357276917,1038.8960242271423,1039.0726923942566,1039.1168594360352,28.941176470588236,341.90625,160.0
27.0,0.9610725277753404,2.686982678358775,25.571478151791503,1453.6499720982142,1482.19140625,749.5019496761515,1322.0893168457671,1875.781054736316,3430.215333666583,20986.054590932243,37018.50087168148,graphium,online,ohare_filtered_vid_479_sr_5.0,81e4086cda02402ca8e62a1cbca55ee1,479,native,5.0,,1.0,0.8873705354813086,0.9403246673605778,0.0596753326394221,0.8873705354813087,0.1126294645186912,40,0,6,46,3203.2422916188902,0.0,360.7794640286609,479,81e4086cda02402ca8e62a1cbca55ee1,ohare_filtered_vid_479_sr_5.0,graphium,online,native,5.0,,graphium,online,1768195780.328076,1768195792.110074,18,99,11.78199815750122,8.402649421309736,934.7403893892382,845.3805825010932,849.9857790011447,1501.813409701202,4337.121293937591,5045.948264996696,693.0587151471307,844.68674659729,847.8035926818848,859.8618984222412,873.2096767425537,876.5466213226318,5.5,337.84765625,60.0
27.0,0.9716778655430366,2.8298985825775107,26.034188920091676,1458.8232421875,1504.421875,496.5609403799013,1088.5533625745616,1194.3400951665417,3231.8440771349865,13903.706330637237,30479.49415208772,graphium,online,ohare_filtered_vid_479_sr_5.0,cc217a897b9849b4854868c5c1712e8f,479,native,10.0,,0.9956983750544532,0.9624608900307616,0.9787975486410584,0.0212024513589417,0.9584755180900182,0.0416971420373761,45,1,1,46,3203.2422916188902,13.319184170567192,120.24686464319583,479,cc217a897b9849b4854868c5c1712e8f,ohare_filtered_vid_479_sr_5.0,graphium,online,native,10.0,,graphium,online,1768195808.5552497,1768195820.2797203,8,99,11.724470615386963,8.443878043420943,2097.4052118735926,1699.855059498077,1708.6284012475517,3886.3867187974383,4821.930242957023,5055.81612399692,1674.924441746303,1695.8699226379397,1705.482840538025,1712.3738050460815,1714.2757558822632,1714.7512435913086,12.375,338.00390625,50.00000000001455
26.0,0.948791571039216,2.777523448275862,24.22658356430519,1456.7427662037037,1484.921875,319.55497924125854,762.5699810524883,810.3908152615099,2533.6649194016004,8627.98443951398,20589.389488417182,graphium,online,ohare_filtered_vid_479_sr_5.0,a6e977ae18944899bcc27acb952149c5,479,native,30.0,,0.9958591855710458,1.0,0.9979252973060976,0.0020747026939025,0.9958591855710456,0.0041580320681379,46,1,0,46,3203.2422916188902,13.319184170567192,0.0,479,a6e977ae18944899bcc27acb952149c5,ohare_filtered_vid_479_sr_5.0,graphium,online,native,30.0,,graphium,online,1768195836.656418,1768195848.3523116,4,99,11.69589352607727,8.464509340758678,4175.15177650057,5036.719659001392,5077.413422750396,5099.259503749636,5103.628719949484,5104.721023999446,3898.6311753590903,5068.440675735474,5086.644291877747,5101.207184791566,5104.1197633743295,5104.84790802002,24.75,338.00390625,40.000000000007276
20.0,0.156623408670019,0.2605427384397965,3.1074861528448485,187.94955842391303,225.90234375,7190.434930926675,156357.70756371453,17730.090898812887,377783.5185623079,150999.13354946018,3283511.858838005,barefoot,online,ohare_filtered_vid_479_sr_5.0,8d563d4a921f4fb7bf3671d0aab3f23b,479,native,,,0.9958591855710458,1.0,0.9979252973060976,0.0020747026939025,0.9958591855710456,0.0041580320681379,46,1,0,46,3203.2422916188902,13.319184170567192,0.0,479,8d563d4a921f4fb7bf3671d0aab3f23b,ohare_filtered_vid_479_sr_5.0,barefoot,online,native,,,barefoot,online,1768195850.2501433,1768195866.7267313,99,99,16.476588010787964,6.008525547593971,166.4530264244255,168.14390199579066,169.25181400438305,171.81732669996563,176.7021742441284,178.38749200018356,168.1284490896731,168.27309131622314,169.43591833114624,172.02379703521729,176.85575485229492,178.53474617004397,1.0,338.47265625,210.0
24.0,0.2163850142455285,0.611522259291553,4.79810309684666,337.8204571759259,387.9609375,1430.5089898521576,833.821516867868,2489.3323293172693,1585.0903614457832,35762.72474630394,20845.5379216967,graphhopper,offline,ohare_filtered_vid_479_sr_5.0,2b41387051eb4b42b4da2f99735c21ec,479,batches,5.0,50.0,0.7172845897578288,0.7531464796271224,0.7347782224063801,0.2652217775936198,0.5807505335577504,0.5437037789740241,35,15,11,46,3203.2422916188902,950.8833026291971,790.7316362934064,479,2b41387051eb4b42b4da2f99735c21ec,ohare_filtered_vid_479_sr_5.0,graphhopper,offline,batches,5.0,50.0,graphhopper,offline,1768195883.467422,1768195899.419283,20,99,15.951860904693604,6.206172470502842,836.6102571013471,847.8697360005754,850.1312912521826,853.8602606029599,854.5552897217567,854.7290470014559,839.571614014475,848.1838703155518,850.4101037979126,854.0318727493286,854.7293329238892,854.9036979675293,4.95,338.47265625,90.0
25.0,0.2158286930741689,0.6743512386010363,5.151686750239274,332.66099330357144,370.89453125,1083.8558542984952,432.85234510225575,1970.0606877950104,893.8637896156439,28180.252211760875,11254.16097265865,graphhopper,offline,ohare_filtered_vid_479_sr_5.0,84049f4a5f4e493da381e8318ab5b661,479,batches,10.0,50.0,0.8710476125487344,0.8494768327333863,0.8601270026669653,0.1398729973330347,0.75458143554537,0.2762821545910645,43,6,3,46,3203.2422916188902,402.8365067488452,482.1621752568407,479,84049f4a5f4e493da381e8318ab5b661,ohare_filtered_vid_479_sr_5.0,graphhopper,offline,batches,10.0,50.0,graphhopper,offline,1768195907.0030875,1768195922.0462334,10,99,15.043145895004272,6.58107025558246,1667.4425908990088,1687.8473085016594,1689.9216169967985,1695.414449648888,1696.1143843262835,1696.2893679956323,1671.4606550004746,1688.1239414215088,1690.201997756958,1695.7168102264404,1696.3552379608154,1696.5148448944092,9.9,338.47265625,50.000000000007276
25.0,0.2032177780803424,0.6098843503307276,4.673777879758176,323.8910435267857,364.59765625,584.7195270090452,113.47941327334652,1677.3874319643742,369.0729385857597,15202.707702235177,2950.464745107009,graphhopper,offline,ohare_filtered_vid_479_sr_5.0,0fc41c3bf57d44f29168f10fd2311d53,479,batches,30.0,50.0,0.9958591855710458,1.0,0.9979252973060976,0.0020747026939025,0.9958591855710456,0.0041580320681379,46,1,0,46,3203.2422916188902,13.319184170567192,0.0,479,0fc41c3bf57d44f29168f10fd2311d53,ohare_filtered_vid_479_sr_5.0,graphhopper,offline,batches,30.0,50.0,graphhopper,offline,1768195932.954983,1768195944.5984454,4,99,11.643462419509888,8.502625459082921,4159.215335248518,5020.833033995586,5054.801271247925,5071.660460649946,5075.03229853035,5075.875258000451,3881.1541398366294,5047.941446304321,5062.0057582855225,5073.257207870483,5075.507497787476,5076.070070266724,24.75,338.47265625,49.999999999992724
20.0,0.0014231800903227,0.0022375614057186,0.0283402830055793,9.920099431818182,14.24609375,1002.395291103982,2030.7090721137452,1397.3333333333337,2945.8591420050466,21050.301113183625,42644.89051438865,osrm,offline,ohare_filtered_vid_479_sr_5.0,5dd779b3227e4e03a2d109badeb73181,479,batches,5.0,,0.8960455080529155,0.748079229411863,0.8154041088339822,0.1845958911660178,0.6883394707973925,0.3387089923143532,35,3,11,46,3203.2422916188902,278.00370224781364,806.9632664851401,479,5dd779b3227e4e03a2d109badeb73181,ohare_filtered_vid_479_sr_5.0,osrm,offline,batches,5.0,,osrm,offline,1768195946.1830697,1768195961.9937708,20,99,15.810701131820679,6.261581897892701,824.0786819005734,840.9378659998765,841.1306875004811,841.8015017017751,841.830802739496,841.8381279989262,832.1421648326673,841.0656452178955,841.3413763046265,841.9948101043701,841.9968700408936,841.9973850250244,4.95,338.47265625,60.0
20.0,0.0009982639361539,0.0016479811838494,0.0198687741666833,8.50390625,12.76171875,633.7752744202893,1508.3808220176031,1042.45983055071,2466.624122527122,13309.280762826074,31675.997262369667,osrm,offline,ohare_filtered_vid_479_sr_5.0,fbf95de2ed5c446e8c6fa1bb639c39d7,479,batches,10.0,,0.9045374299791008,0.8223452921443625,0.8614853661828387,0.1385146338171613,0.7566748292856708,0.2644429295818538,39,3,7,46,3203.2422916188902,278.00370224781364,569.0710735083767,479,fbf95de2ed5c446e8c6fa1bb639c39d7,ohare_filtered_vid_479_sr_5.0,osrm,offline,batches,10.0,,osrm,offline,1768195964.4252942,1768195979.373885,10,99,14.948590755462646,6.622697859584024,1645.9855954999512,1679.2004790004285,1680.0595479980984,1680.3020649542302,1680.353454593787,1680.3663020036763,1660.9545283847385,1679.5833110809326,1680.351734161377,1680.4524421691895,1680.5019569396973,1680.5143356323242,9.9,338.47265625,49.999999999992724
21.0,0.0005425536671574,0.001041043890909,0.0110433200863313,4.450917119565218,6.18359375,301.89213586819824,732.2146650023526,620.5507782736477,1984.8808642647216,6641.626989100361,16108.722630051758,osrm,offline,ohare_filtered_vid_479_sr_5.0,4a59c6658bfd4181bcf7d97c49075695,479,batches,30.0,,1.0,0.9728684594109758,0.9862476687385816,0.0137523312614185,0.9728684594109758,0.0271315405890239,42,0,4,46,3203.2422916188902,0.0,86.90889825153606,479,4a59c6658bfd4181bcf7d97c49075695,ohare_filtered_vid_479_sr_5.0,osrm,offline,batches,30.0,,osrm,offline,1768195985.1314623,1768195996.7138062,4,99,11.582343816757202,8.547492767117475,4112.32902674783,4950.545389998297,5034.013411246633,5034.879101448678,5035.052239489087,5035.095523999189,3860.781272252401,5033.7975025177,5034.515500068665,5035.089898109436,5035.20477771759,5035.233497619629,24.75,338.47265625,40.0
26.0,0.9877196343737816,2.7780354996770837,25.28738135604157,1450.083767361111,1490.61328125,338.4976798675315,949.7582616598404,953.4093620546812,3265.4100000000003,9139.43735642335,25643.473064815687,graphium,online,ohare_filtered_vid_479_sr_10.0,4bacee3fde4f474abd838b4414613603,479,native,5.0,,1.0,0.8794416577684161,0.9358541715124424,0.0641458284875576,0.8794416577684162,0.1205583422315839,39,0,7,46,3203.2422916188902,0.0,386.17758044367343,479,4bacee3fde4f474abd838b4414613603,ohare_filtered_vid_479_sr_10.0,graphium,online,native,5.0,,graphium,online,1768196017.5889912,1768196024.391287,6,50,6.802295923233032,7.350459398454945,2792.736377499144,1681.1009374978312,1733.2397174996001,7903.847188250438,9544.763472850538,9954.99254400056,1360.4591846466064,1680.666446685791,1681.9040775299072,1736.8395328521729,1747.826623916626,1750.5733966827393,8.333333333333334,338.17578125,30.0
26.0,0.934015745857006,2.4539550634550635,23.84061274038814,1449.2857349537037,1472.84765625,294.78289811951385,1157.7667246531205,741.3148636763412,4214.055481078062,7959.138249226873,31259.701565634245,graphium,online,ohare_filtered_vid_479_sr_10.0,0bdca9985b4d46e393c1c36d358f249f,479,native,10.0,,0.9958591855710458,1.0,0.9979252973060976,0.0020747026939025,0.9958591855710456,0.0041580320681379,46,1,0,46,3203.2422916188902,13.319184170567192,0.0,479,0bdca9985b4d46e393c1c36d358f249f,ohare_filtered_vid_479_sr_10.0,graphium,online,native,10.0,,graphium,online,1768196045.7493763,1768196052.4812143,3,50,6.73183798789978,7.427392056949837,5561.376642666194,3368.172599999525,6660.363242499443,9294.115756499377,9820.866259299364,9952.55388499936,3365.9191131591797,3365.9191131591797,3367.1107292175293,3368.064022064209,3368.254680633545,3368.302345275879,16.666666666666668,338.48828125,19.999999999992724
27.0,0.9164815501761996,2.791101825168107,24.33357530113972,1453.591099330357,1486.32421875,277.2067684822875,1080.2234881429065,737.2479240806642,3911.200996441281,7761.78951750405,30246.257668001377,graphium,online,ohare_filtered_vid_479_sr_10.0,bf2123eee77042d19334fe4ef0bd1c8d,479,native,30.0,,0.9958591855710458,1.0,0.9979252973060976,0.0020747026939025,0.9958591855710456,0.0041580320681379,46,1,0,46,3203.2422916188902,13.319184170567192,0.0,479,bf2123eee77042d19334fe4ef0bd1c8d,ohare_filtered_vid_479_sr_10.0,graphium,online,native,30.0,,graphium,online,1768196073.831818,1768196080.557544,2,50,6.725725889205933,7.434141804715031,8340.03255800053,8340.03255800053,9147.269124499871,9793.058377699344,9922.216228339239,9954.505690999213,6725.726127624512,6725.726127624512,6725.726127624512,6725.726127624512,6725.726127624512,6725.726127624512,25.0,338.48828125,29.999999999992728
20.0,0.1358534883381786,0.2316265969737726,2.664419064370045,178.0755774456522,230.47265625,5959.511043764772,58091.61347274613,15378.67,131882.16810683423,125149.7319190602,1219923.8829276687,barefoot,online,ohare_filtered_vid_479_sr_10.0,4729df79dc16457bafd73fe2fd613cc0,479,native,,,0.9958591855710458,1.0,0.9979252973060976,0.0020747026939025,0.9958591855710456,0.0041580320681379,46,1,0,46,3203.2422916188902,13.319184170567192,0.0,479,4729df79dc16457bafd73fe2fd613cc0,ohare_filtered_vid_479_sr_10.0,barefoot,online,native,,,barefoot,online,1768196082.4775803,1768196098.8789496,50,50,16.401369333267212,3.0485259482928684,328.34925874019973,334.95671350101475,336.59531300145323,340.4830662489985,343.21692840749165,344.0179269964574,334.72182312790227,335.1626396179199,336.7331027984619,340.63429832458496,343.378963470459,344.1643714904785,1.0,338.80078125,79.99999999999272
25.0,0.2314252222926152,0.7617544667139813,5.538079595363851,339.6814236111111,389.19921875,778.0560440787314,436.9108377954875,1284.605570912183,849.2921492921494,20229.45714604701,11359.681782682675,graphhopper,offline,ohare_filtered_vid_479_sr_10.0,53e1da607ba24971af48bbd7a632d12a,479,batches,5.0,50.0,0.9691588608821295,0.9815968714700536,0.9753382138237188,0.0246617861762812,0.951863558280413,0.0496400772827228,44,4,2,46,3203.2422916188902,100.05951530602576,58.94967960522217,479,53e1da607ba24971af48bbd7a632d12a,ohare_filtered_vid_479_sr_10.0,graphhopper,offline,batches,5.0,50.0,graphhopper,offline,1768196116.2671874,1768196131.456462,11,50,15.189274549484253,3.2917964473621115,1512.4616115453218,1685.9340440059896,1689.6289540018188,1690.9930834990519,1691.1986878963944,1691.25008899573,1518.9274549484253,1686.8191957473755,1690.1009678840637,1691.2028670310974,1691.3993334770203,1691.448450088501,4.545454545454546,338.80078125,39.999999999992724
25.0,0.228028039156347,0.6982633270700637,5.454845680379248,333.3207310267857,378.96875,539.7826765961713,211.426414468771,1123.9105721864344,533.0301882026021,14034.349591500457,5497.086776188046,graphhopper,offline,ohare_filtered_vid_479_sr_10.0,59e01e83d47748f68cc2ae9d820c5a7a,479,batches,10.0,50.0,0.9958591855710458,1.0,0.9979252973060976,0.0020747026939025,0.9958591855710456,0.0041580320681379,46,1,0,46,3203.2422916188902,13.319184170567192,0.0,479,59e01e83d47748f68cc2ae9d820c5a7a,ohare_filtered_vid_479_sr_10.0,graphhopper,offline,batches,10.0,50.0,graphhopper,offline,1768196140.5385828,1768196154.0139756,6,50,13.475392818450928,3.7104669729210746,2768.665035331651,3363.9723694977874,3366.141107495423,3376.5251909990184,3379.205958199964,3379.8761500002,2695.0785636901855,3365.338087081909,3366.627693176269,3377.36759185791,3379.5155715942383,3380.0525665283203,8.333333333333334,338.80078125,40.000000000007276
26.0,0.217560866648845,0.5865506759433962,5.330134276925497,345.96400669642856,382.18359375,366.6485581633861,77.96196282211676,908.5397996837112,242.09110437532948,9899.511070411423,2104.9729961971525,graphhopper,offline,ohare_filtered_vid_479_sr_10.0,78360fa0698a4861b3c7b61634cd1f0c,479,batches,30.0,50.0,0.9958591855710458,1.0,0.9979252973060976,0.0020747026939025,0.9958591855710456,0.0041580320681379,46,1,0,46,3203.2422916188902,13.319184170567192,0.0,479,78360fa0698a4861b3c7b61634cd1f0c,ohare_filtered_vid_479_sr_10.0,graphhopper,offline,batches,30.0,50.0,graphhopper,offline,1768196169.8013554,1768196176.5242145,2,50,6.722859144210815,7.437311853105828,8292.08156849927,8292.08156849927,9076.799355250841,9704.573584652098,9830.12843053235,9861.517142002413,6722.858905792236,6722.858905792236,6722.858905792236,6722.858905792236,6722.858905792236,6722.858905792236,25.0,338.80078125,40.0
20.0,0.0007870080818069,0.0013242663918833,0.0155464670546605,6.40234375,8.9609375,551.5914966372554,1132.1026653106126,890.6834955610226,1862.9993451211528,11583.421429382364,23774.155971522865,osrm,offline,ohare_filtered_vid_479_sr_10.0,b8f49a5fc0ff46ef9291c6d47fa7e5a5,479,batches,5.0,,0.8960635826222056,0.7482244130729351,0.8154978324220975,0.1845021675779025,0.6884730604500677,0.3385638086532811,32,3,14,46,3203.2422916188902,278.00370224781364,806.498208041942,479,b8f49a5fc0ff46ef9291c6d47fa7e5a5,ohare_filtered_vid_479_sr_10.0,osrm,offline,batches,5.0,,osrm,offline,1768196178.780972,1768196193.8727422,11,50,15.09177017211914,3.31306396994907,1493.9612120010265,1676.670450004167,1676.830896500178,1677.1187914964685,1677.2310662949167,1677.2591349945287,1509.177017211914,1676.7874956130981,1676.948606967926,1677.2456765174866,1677.344810962677,1677.3695945739746,4.545454545454546,338.80078125,40.0
20.0,0.0005723397486194,0.0010332376114081,0.0112061961812664,5.130859375,7.3515625,338.27310745198963,687.579227649745,546.474358974359,1501.1314842209074,7103.735256491782,14439.163780644643,osrm,offline,ohare_filtered_vid_479_sr_10.0,6a44d05556e7433b92ef02000668947a,479,batches,10.0,,0.8319584460384937,0.7179215310490529,0.7707446901424266,0.2292553098575733,0.6270013104370714,0.4270864922174417,30,5,16,46,3203.2422916188902,464.495832751292,903.5656812987796,479,6a44d05556e7433b92ef02000668947a,ohare_filtered_vid_479_sr_10.0,osrm,offline,batches,10.0,,osrm,offline,1768196197.7787693,1768196211.1849406,6,50,13.406171321868896,3.729625617900109,2737.1935090001593,3350.9242399995856,3351.3186727504944,3351.955685251596,3352.0949722522346,3352.129794002394,2681.2342643737793,3351.090431213379,3351.550340652466,3352.130937576294,3352.2470569610596,3352.276086807251,8.333333333333334,338.80078125,20.0
18.0,0.0005382253007049,0.0011561999999999,0.009076023797507,3.378057065217391,4.390625,260.07980090541804,648.3481921293388,430.1977920883165,1441.65,4941.516217202942,12318.615650457436,osrm,offline,ohare_filtered_vid_479_sr_10.0,59bd7b8c204f4c5e968bbabc282f009c,479,batches,30.0,,1.0,0.8742070972946074,0.9328820689629376,0.0671179310370625,0.8742070972946075,0.1257929027053923,34,0,12,46,3203.2422916188902,0.0,402.9451459314132,479,59bd7b8c204f4c5e968bbabc282f009c,ohare_filtered_vid_479_sr_10.0,osrm,offline,batches,30.0,,osrm,offline,1768196221.828963,1768196228.529359,2,50,6.7003960609436035,7.462245447168178,8207.820041498053,8207.820041498053,8961.584129749099,9564.595400349936,9685.197654470103,9715.348218000145,6700.396060943604,6700.396060943604,6700.396060943604,6700.396060943604,6700.396060943604,6700.396060943604,25.0,338.80078125,30.000000000000004
27.0,0.8984231788711919,2.8346222612770946,23.891439016900723,1459.969447544643,1495.15625,76.66961323422684,2.174059813034958,292.4457641921397,12.288167053364267,2146.749170558352,60.87367476497883,graphium,online,ohare_filtered_vid_479_sr_20.0,7f11bcebe4944f3181f169767d29cd6d,479,native,5.0,,0.9957180856708108,0.9669104547050476,0.9811028497421376,0.0188971502578624,0.962906657942698,0.0372475773630902,45,1,1,46,3203.2422916188902,13.319184170567192,105.99383089922986,479,7f11bcebe4944f3181f169767d29cd6d,ohare_filtered_vid_479_sr_20.0,graphium,online,native,5.0,,graphium,online,1768196255.7810962,1768196255.7810962,1,25,0.0,,16305.899431994476,16305.899431994476,16305.899431994476,16305.899431994476,16305.899431994476,16305.899431994476,,,,,,,25.0,338.328125,10.000000000007276
26.0,0.942207445665528,2.7384378592412832,24.160141029343,1456.820601851852,1489.80859375,82.45958831447449,2.288742830040849,307.6025073266037,11.31555061179088,2226.408884490811,61.79605641110292,graphium,online,ohare_filtered_vid_479_sr_20.0,ac44875b04ca4d339e0d37f0edcba446,479,native,10.0,,0.9957180856708108,0.9669104547050476,0.9811028497421376,0.0188971502578624,0.962906657942698,0.0372475773630902,45,1,1,46,3203.2422916188902,13.319184170567192,105.99383089922986,479,ac44875b04ca4d339e0d37f0edcba446,ohare_filtered_vid_479_sr_20.0,graphium,online,native,10.0,,graphium,online,1768196283.4867036,1768196283.4867036,1,25,0.0,,16289.17100399849,16289.17100399849,16289.17100399849,16289.17100399849,16289.17100399849,16289.17100399849,,,,,,,25.0,338.328125,19.999999999992724
26.0,0.8463842177471841,2.706391757298226,21.55975961790027,1448.513744212963,1478.078125,78.0774345047563,2.124642850302674,293.21786252578136,11.190504521656354,2108.09073162842,57.36535695817221,graphium,online,ohare_filtered_vid_479_sr_20.0,7ebbc9920dbf40138d14304dee6a1ff1,479,native,30.0,,0.9957180856708108,0.9669104547050476,0.9811028497421376,0.0188971502578624,0.962906657942698,0.0372475773630902,45,1,1,46,3203.2422916188902,13.319184170567192,105.99383089922986,479,7ebbc9920dbf40138d14304dee6a1ff1,ohare_filtered_vid_479_sr_20.0,graphium,online,native,30.0,,graphium,online,1768196311.1900723,1768196311.1900723,1,25,0.0,,16295.408473000862,16295.408473000862,16295.408473000862,16295.408473000862,16295.408473000862,16295.408473000862,,,,,,,25.0,338.328125,10.000000000007276
20.0,0.120532270621405,0.1951018858816121,2.4184564712183088,161.81178977272728,219.82421875,5790.963608842648,26821.021442543588,16809.646495855315,63949.16935283908,121610.2357856956,563241.4502934153,barefoot,online,ohare_filtered_vid_479_sr_20.0,dba21730955143ad93c0ce5f84c8a51f,479,native,,,0.9957180856708108,0.9669104547050476,0.9811028497421376,0.0188971502578624,0.962906657942698,0.0372475773630902,45,1,1,46,3203.2422916188902,13.319184170567192,105.99383089922986,479,dba21730955143ad93c0ce5f84c8a51f,ohare_filtered_vid_479_sr_20.0,barefoot,online,native,,,barefoot,online,1768196313.0924048,1768196329.1380756,25,25,16.045670747756958,1.5580526606215435,642.432504640019,668.9976769994246,671.2801270041382,674.0486491980846,674.6239957591752,674.6893119998276,668.5696144898733,669.4643497467041,671.5734004974365,674.3529677391052,674.8033332824707,674.8535633087158,1.0,338.484375,50.0
24.0,0.2204720266449843,0.7047637616090331,4.807036904515575,317.6274594907408,356.66796875,446.0865801166581,236.91050746447823,738.8835186080232,526.6172305461575,11152.164502916454,5922.762686611956,graphhopper,offline,ohare_filtered_vid_479_sr_20.0,eda93caeddec403ab192a85fda12f595,479,batches,5.0,50.0,0.9853001148987294,0.9311682553911458,0.9574696908649444,0.0425303091350556,0.918409452919712,0.0827240259120051,43,2,3,46,3203.2422916188902,44.50034299732005,220.4847553369917,479,eda93caeddec403ab192a85fda12f595,ohare_filtered_vid_479_sr_20.0,graphhopper,offline,batches,5.0,50.0,graphhopper,offline,1768196347.8919358,1768196361.3057938,6,25,13.41385793685913,1.863744205259846,2700.811499834041,3350.5497775004187,3353.3537130006152,3356.9168419980997,3357.750849997319,3357.959351997124,2682.771587371826,3352.1804809570312,3353.932380676269,3357.305908203125,3357.980613708496,3358.149290084839,4.166666666666667,338.484375,20.0
24.0,0.213515258037106,0.5988913995700464,4.80802856857471,329.962962962963,405.45703125,346.16299223071854,131.5165728739208,673.059866962306,351.51250554323724,8654.074805767963,3287.91432184802,graphhopper,offline,ohare_filtered_vid_479_sr_20.0,51a3939599364464925ab4058de49eb5,479,batches,10.0,50.0,0.9853001148987294,0.9311682553911458,0.9574696908649444,0.0425303091350556,0.918409452919712,0.0827240259120051,43,2,3,46,3203.2422916188902,44.50034299732005,220.4847553369917,479,51a3939599364464925ab4058de49eb5,ohare_filtered_vid_479_sr_20.0,graphhopper,offline,batches,10.0,50.0,graphhopper,offline,1768196373.349262,1768196383.40515,3,25,10.055887937545776,2.48610566816852,5396.3366313303895,6133.587004995206,6417.621909997251,6644.849833998887,6690.2954187992145,6701.656814999296,5027.943968772888,5027.943968772888,5864.915430545807,6534.492599964142,6668.408033847809,6701.886892318726,8.333333333333334,338.484375,19.999999999992724
26.0,0.1820233604320787,0.7841278200532387,4.49174088854279,353.6576450892857,377.12109375,101.00580206414618,3.6053162444101,281.17253102158764,13.696287703016242,2727.156655731947,97.34353859907267,graphhopper,offline,ohare_filtered_vid_479_sr_20.0,c85e9dff5a3b4a1eb643355f1caf25c9,479,batches,30.0,50.0,0.9853001148987294,0.9311682553911458,0.9574696908649444,0.0425303091350556,0.918409452919712,0.0827240259120051,43,2,3,46,3203.2422916188902,44.50034299732005,220.4847553369917,479,c85e9dff5a3b4a1eb643355f1caf25c9,ohare_filtered_vid_479_sr_20.0,graphhopper,offline,batches,30.0,50.0,graphhopper,offline,1768196405.5132918,1768196405.5132918,1,25,0.0,,16174.102224998933,16174.102224998933,16174.102224998933,16174.102224998933,16174.102224998933,16174.102224998933,,,,,,,25.0,338.484375,10.0
20.0,0.0005842564934049,0.0011961479087452,0.011535785981276,4.96875,7.05078125,306.8484351454602,586.7590588279564,533.6272,1282.6045442941029,6443.817138054665,12321.940235387085,osrm,offline,ohare_filtered_vid_479_sr_20.0,18e7c5aa716246e8827451f384c3d829,479,batches,5.0,,0.8233054572240129,0.5970210261772269,0.6921375819904847,0.3078624180095153,0.5292128380322104,0.5311092519867531,25,5,21,46,3203.2422916188902,410.43232585175394,1290.8392915822878,479,18e7c5aa716246e8827451f384c3d829,ohare_filtered_vid_479_sr_20.0,osrm,offline,batches,5.0,,osrm,offline,1768196409.12002,1768196422.4974003,6,25,13.37738037109375,1.8688262803695677,2675.546904831814,3343.838680997578,3344.2989905015565,3344.406912498016,3344.4129840969254,3344.4145019966527,2675.476121902466,3344.190120697021,3344.583511352539,3344.5873260498047,3344.588088989258,3344.588279724121,4.166666666666667,338.484375,10.0
19.0,0.0005756990747059,0.0012441025210084,0.0102698789731108,3.6892755681818175,5.421875,261.43354775370665,554.0110189098801,453.06381825222667,1249.5499999999995,5228.670955074133,11080.220378197602,osrm,offline,ohare_filtered_vid_479_sr_20.0,f932fa45bcf14a4c86648823d8db680e,479,batches,10.0,,1.0,0.7853234913861705,0.879754840145441,0.1202451598545589,0.7853234913861706,0.2146765086138294,29,0,17,46,3203.2422916188902,0.0,687.6608714089055,479,f932fa45bcf14a4c86648823d8db680e,ohare_filtered_vid_479_sr_20.0,osrm,offline,batches,10.0,,osrm,offline,1768196429.4394765,1768196439.4708257,3,25,10.031349182128906,2.4921871969662974,5349.602622001839,6017.772810002498,6351.98593250243,6619.356430502376,6672.830530102365,6686.199055002362,5015.674710273743,5015.674710273743,5851.021230220795,6519.298446178436,6652.953889369965,6686.367750167847,8.333333333333334,338.484375,19.999999999992724
19.0,0.0003235679629639,0.0012574922330097,0.005213867026269,2.1306818181818183,2.2109375,140.10585140404004,4.87989426750845,316.47546716955253,13.895903829029386,2802.1170280808005,97.597885350169,osrm,offline,ohare_filtered_vid_479_sr_20.0,238f7dac1538452a9227155c2492e857,479,batches,30.0,,1.0,0.7853234913861705,0.879754840145441,0.1202451598545589,0.7853234913861706,0.2146765086138294,29,0,17,46,3203.2422916188902,0.0,687.6608714089055,479,238f7dac1538452a9227155c2492e857,ohare_filtered_vid_479_sr_20.0,osrm,offline,batches,30.0,,osrm,offline,1768196456.3918388,1768196456.3918388,1,25,0.0,,16042.151997993642,16042.151997993642,16042.151997993642,16042.151997993642,16042.151997993642,16042.151997993642,,,,,,,25.0,338.484375,10.0
18.0,1.5255957264406723,2.868624037106473,27.717358284059024,1440.7448601973683,1505.03125,3719.661019168072,2800.3778693416134,8419.615901060071,7028.217031802121,70673.55936419337,53207.17951749065,graphium,online,ohare_filtered_vid_117_sr_1.0,7e366e45f8bf4de1ba2c63986afa3d47,117,native,5.0,,1.0,0.9439648443279955,0.971174810164134,0.0288251898358661,0.9439648443279955,0.0560351556720043,19,0,4,23,1718.5133310730084,0.0,96.29716203109068,117,7e366e45f8bf4de1ba2c63986afa3d47,ohare_filtered_vid_117_sr_1.0,graphium,online,native,5.0,,graphium,online,1768196468.419426,1768196475.2694926,49,214,6.850066661834717,31.240571889950395,162.2865466734784,176.71740100195166,177.53791699942667,178.64713560120435,663.1499091576516,1108.5434249980608,142.7097221215566,176.84555053710938,177.67775058746338,178.44622135162354,179.9564051628113,180.80568313598636,4.36734693877551,337.0390625,110.0
18.0,1.361890062898947,2.702586115410126,24.50206912588969,1455.0659950657894,1506.59375,3072.387236620442,1936.494092059275,6847.766666666666,4555.009999999999,58375.3574957884,36793.38774912623,graphium,online,ohare_filtered_vid_117_sr_1.0,922663bf2a164e58a3a52c588ac72ff1,117,native,10.0,,0.9237530275744276,0.9714388765393016,0.9469960285909176,0.0530039714090823,0.8993280693174313,0.1087441063810476,21,2,2,23,1718.5133310730084,137.79552507381962,49.0826714176322,117,922663bf2a164e58a3a52c588ac72ff1,ohare_filtered_vid_117_sr_1.0,graphium,online,native,10.0,,graphium,online,1768196487.8061976,1768196494.5067806,28,214,6.700582981109619,31.937519556628416,278.8207795718855,349.1110305003531,350.03068649893976,353.3313499505312,905.8049080542701,1110.044001005008,248.16974004109701,349.1251468658447,349.8893976211548,352.7039051055908,353.55432987213135,353.74903678894043,7.642857142857143,337.0390625,79.99999999999272
18.0,1.4199526428401583,2.888570828126775,25.78585376396301,1440.5596217105262,1490.1796875,2838.3097949052885,1169.0868871644927,6129.6625,2654.4558945317253,53927.886103200486,22212.65085612536,graphium,online,ohare_filtered_vid_117_sr_1.0,1c25e7b1f9eb404fb1e2fd9e141967ba,117,native,30.0,,0.9329155977779028,0.981720406976231,0.9566959756850556,0.0433040243149442,0.9169867587861006,0.0888734675480034,22,1,1,23,1718.5133310730084,121.31651446199228,31.413724297936085,117,1c25e7b1f9eb404fb1e2fd9e141967ba,ohare_filtered_vid_117_sr_1.0,graphium,online,native,30.0,,graphium,online,1768196506.9920568,1768196513.685795,16,214,6.693738222122192,31.97017763448675,487.40892431260363,84.220988497691,1040.4233172521344,1075.7991497521289,1100.6721443554852,1106.8903930063243,446.2492148081462,72.11136817932129,1040.4338836669922,1062.481498718262,1064.967269897461,1065.5887126922607,13.375,337.0390625,70.0
11.0,0.4125924424845532,0.6034115501135907,4.657461253652392,364.95492788461536,480.34375,18880.76865081945,594006.9378118085,26864.94046505413,1036065.1744102752,226569.2238098334,7128083.253741702,barefoot,online,ohare_filtered_vid_117_sr_1.0,520aa3166ddc44e0bd89161918f2896e,117,native,,,0.934061013981043,1.0,0.9659064602707496,0.0340935397292503,0.9340610139810428,0.0705938745242345,23,1,0,23,1718.5133310730084,121.31651446199228,0.0,117,520aa3166ddc44e0bd89161918f2896e,ohare_filtered_vid_117_sr_1.0,barefoot,online,native,,,barefoot,online,1768196515.5385203,1768196522.930173,214,214,7.391652584075928,28.9515771427119,34.46826978987676,34.51684149695211,35.485827749653254,38.605884751086705,45.415026340779164,47.572581002896186,34.70259429143628,34.66606140136719,35.62617301940918,38.7937068939209,45.65446853637694,47.74212837219238,1.0,338.4453125,609.9999999999927
17.0,0.340384704558668,0.70913921875,5.692019838306024,347.8314144736842,388.55859375,3534.091801886063,2316.350347460007,7391.49087005935,4950.323449930547,63613.65243394914,41694.30625428013,graphhopper,offline,ohare_filtered_vid_117_sr_1.0,f9961dbbd6e046889412418dcb26149a,117,batches,5.0,50.0,0.4773190367772574,0.8318625807725396,0.6065832890756871,0.3934167109243128,0.4353208084273042,1.0790559066249108,19,22,4,23,1718.5133310730084,1565.4255641133789,288.94639639460166,117,f9961dbbd6e046889412418dcb26149a,ohare_filtered_vid_117_sr_1.0,graphhopper,offline,batches,5.0,50.0,graphhopper,offline,1768196539.1512766,1768196546.727988,43,214,7.576711416244507,28.244443828384824,181.3060069538932,180.49176999920743,182.20227650090237,185.75158329767874,209.54016485731694,225.80200499942293,180.39789086296446,180.64355850219727,182.1078658103943,185.72109937667847,186.72188520431519,187.27564811706543,4.976744186046512,338.4453125,180.0
16.0,0.3587019657382413,0.758701679674267,5.609742031035445,352.17469618055554,389.91015625,2876.29580971934,1345.054647198912,5797.900000000001,2758.475,48897.02876522878,22865.9290023815,graphhopper,offline,ohare_filtered_vid_117_sr_1.0,a72ecdb123714381a3a97bc786b6589b,117,batches,10.0,50.0,0.5003372375775359,0.8421441112094691,0.6277272434741086,0.3722727565258914,0.4574362060960035,0.998864755134455,20,22,3,23,1718.5133310730084,1445.2849483626317,271.2774492749056,117,a72ecdb123714381a3a97bc786b6589b,ohare_filtered_vid_117_sr_1.0,graphhopper,offline,batches,10.0,50.0,graphhopper,offline,1768196553.1166542,1768196560.3705974,22,214,7.253943204879761,29.501195964153844,348.136480136666,354.6470705005049,356.33627975039417,365.89932310089347,399.1708542762353,407.9683909949381,345.42586689903624,354.72941398620605,356.0526371002197,362.713098526001,365.5115604400635,366.2111759185791,9.727272727272727,338.4453125,129.99999999999272
16.0,0.3090075005388814,0.6985503703683928,4.773022093410852,332.4699835526316,382.8359375,2281.4932110154523,528.4486860473042,4831.2,1132.9875,38785.38458726269,8983.627662804172,graphhopper,offline,ohare_filtered_vid_117_sr_1.0,65dff7b8e346411eac4d2e7d90d66f3a,117,batches,30.0,50.0,0.5003372375775359,0.8421441112094691,0.6277272434741086,0.3722727565258914,0.4574362060960035,0.998864755134455,20,22,3,23,1718.5133310730084,1445.2849483626317,271.2774492749056,117,65dff7b8e346411eac4d2e7d90d66f3a,ohare_filtered_vid_117_sr_1.0,graphhopper,offline,batches,30.0,50.0,graphhopper,offline,1768196567.4268763,1768196573.8823853,8,214,6.4555089473724365,33.14998116253927,945.6946436257567,1051.0582725000859,1056.2745357492531,1094.0398246526456,1107.8377265322342,1111.2872020021314,922.2155639103481,1049.8933792114258,1053.602933883667,1059.9027156829832,1061.7392635345457,1062.1984004974363,26.75,338.4453125,110.0
11.0,0.0034350482840573,0.0049535548202082,0.0392777014236135,12.341646634615383,15.36328125,2916.5138855377986,5711.252073974886,4371.012040351448,8542.654930035796,34998.16662645358,68535.02488769863,osrm,offline,ohare_filtered_vid_117_sr_1.0,b7c94ec55460411e992d8f172a05b7a1,117,batches,5.0,,0.8626217322609414,1.0,0.9262446768661384,0.0737553231338615,0.8626217322609414,0.1592566736975065,23,3,0,23,1718.5133310730084,273.6847168115091,0.0,117,b7c94ec55460411e992d8f172a05b7a1,ohare_filtered_vid_117_sr_1.0,osrm,offline,batches,5.0,,osrm,offline,1768196574.935052,1768196582.2408922,43,214,7.305840253829956,29.29163416731078,173.06336041893215,174.67268100153888,174.9068034987431,175.1385968957038,175.41921148411348,175.59261100541335,173.9485774721418,174.81470108032227,175.05007982254028,175.29009580612183,175.58326244354248,175.7359504699707,4.976744186046512,338.4453125,120.00000000000728
11.0,0.0023210972772366,0.0033557197804314,0.0261041367752134,11.901227678571429,15.64453125,1841.3857966862756,4148.217137586991,2639.423780174628,5948.339342578326,22096.629560235306,49778.60565104389,osrm,offline,ohare_filtered_vid_117_sr_1.0,9cdb4c8a27bd449bb456fa1fd7f03e14,117,batches,10.0,,0.974168978043408,1.0,0.98691549596621,0.01308450403379,0.974168978043408,0.0265159562034841,23,1,0,23,1718.5133310730084,45.56802422183552,0.0,117,9cdb4c8a27bd449bb456fa1fd7f03e14,ohare_filtered_vid_117_sr_1.0,osrm,offline,batches,10.0,,osrm,offline,1768196583.4699266,1768196590.5556867,22,214,7.085760116577148,30.20141755848418,336.2067526812263,347.17241099860985,347.540976747041,348.42429339987575,348.5191503266833,348.54149999591755,337.41714840843565,347.3050594329834,347.6805686950684,348.599910736084,348.6649513244629,348.6812114715576,9.727272727272727,338.4453125,90.0
11.0,0.0017974779318853,0.0026012329909202,0.0199331952684613,6.553850446428571,8.546875,1066.8535671055936,2962.09088800881,1613.4940597106804,4468.397106802094,12802.242805267122,35545.09065610572,osrm,offline,ohare_filtered_vid_117_sr_1.0,da7de0cf19304d009d631d2d682869b0,117,batches,30.0,,1.0,1.0,1.0,0.0,1.0,0.0,23,0,0,23,1718.5133310730084,0.0,0.0,117,da7de0cf19304d009d631d2d682869b0,ohare_filtered_vid_117_sr_1.0,osrm,offline,batches,30.0,,osrm,offline,1768196592.4721746,1768196598.8349018,8,214,6.362727165222168,33.63337676487151,920.7232012495297,1036.6150039990316,1037.6339454996923,1038.4900686978654,1038.8403033385111,1038.9278619986726,908.9610236031668,1036.8404388427734,1037.8013849258423,1038.7208461761475,1039.030408859253,1039.1077995300293,26.75,338.4453125,70.0
17.0,1.3812208989438626,2.611599717613837,23.50592118638635,1445.583984375,1488.6015625,291.7944177121212,533.1092489764146,501.5695373276921,1480.4750000000004,5252.299518818181,9595.966481575462,graphium,online,ohare_filtered_vid_117_sr_5.0,080bc3fb5db8406ea55205beebbebcbf,117,native,5.0,,1.0,0.8919517670262647,0.942890598557085,0.0571094014429149,0.8919517670262647,0.1080482329737352,21,0,2,23,1718.5133310730084,0.0,185.68232876424625,117,080bc3fb5db8406ea55205beebbebcbf,ohare_filtered_vid_117_sr_5.0,graphium,online,native,5.0,,graphium,online,1768196614.869944,1768196617.287785,4,44,2.4178409576416016,18.198053871549213,1876.5741484967293,869.2890374986746,1936.5113434978412,4458.427118296093,4962.8102732557445,5088.906061995658,805.9469858805338,853.0170917510986,869.4409132003784,882.5799703598022,885.207781791687,885.8647346496582,11.0,337.1484375,30.0
17.0,1.4496079595717986,2.709261179727428,24.627267715916847,1444.9852430555557,1482.8828125,378.9678125404532,801.3454294506444,819.9658721256309,2143.725,6821.420625728159,14424.2177301116,graphium,online,ohare_filtered_vid_117_sr_5.0,0613b2229c7a4096858a3efe2ef21ac6,117,native,10.0,,1.0,0.8654305829359329,0.9278614716114104,0.0721385283885895,0.8654305829359328,0.1345694170640671,19,0,4,23,1718.5133310730084,0.0,231.25933717932293,117,0613b2229c7a4096858a3efe2ef21ac6,ohare_filtered_vid_117_sr_5.0,graphium,online,native,10.0,,graphium,online,1768196633.7364008,1768196636.1457832,3,44,2.4093823432922363,18.261941747226956,2496.3961116688247,1733.3378640032606,3406.69895800238,4745.387833201676,5013.125608241535,5080.0600520015,1204.6911716461182,1204.6911716461182,1469.0799713134766,1680.5910110473633,1722.8932189941406,1733.468770980835,14.666666666666666,337.3046875,10.0
17.0,1.5398408848700702,2.929029897718332,26.301536020745,1459.6963975694443,1498.921875,316.18274631945,461.598393093255,622.6718169977206,1480.475,5691.289433750099,8308.771075678591,graphium,online,ohare_filtered_vid_117_sr_5.0,a201b749a3184b21aa3d230ea898fb42,117,native,30.0,,1.0,1.0,1.0,0.0,1.0,0.0,23,0,0,23,1718.5133310730084,0.0,0.0,117,a201b749a3184b21aa3d230ea898fb42,ohare_filtered_vid_117_sr_5.0,graphium,online,native,30.0,,graphium,online,1768196652.6121974,1768196655.0027485,2,44,2.3905510902404785,18.405797801030808,3732.177429501462,3732.177429501462,4403.050204249666,4939.74842404823,5047.088068007943,5073.922978997871,2390.5510902404785,2390.5510902404785,2390.5510902404785,2390.5510902404785,2390.5510902404785,2390.5510902404785,22.0,337.3046875,10.0
11.0,0.2190311852501108,0.2962468876071707,2.4891833861592247,177.09735576923077,219.7109375,10470.096729228271,51641.02645773871,18025.7134502924,81602.01343570057,125641.16075073928,619692.3174928646,barefoot,online,ohare_filtered_vid_117_sr_5.0,15c7a9b0bb854b81b3058ab414260906,117,native,,,0.981102862389898,1.0,0.9904613041710992,0.0095386958289007,0.981102862389898,0.0192611175999119,23,1,0,23,1718.5133310730084,33.10048736681366,0.0,117,15c7a9b0bb854b81b3058ab414260906,ohare_filtered_vid_117_sr_5.0,barefoot,online,native,,,barefoot,online,1768196656.9035034,1768196664.1255443,44,44,7.222040891647339,6.09246065760833,164.45117336363845,168.25980499925208,169.71697650114947,174.3928618976497,177.40152102756838,179.52326099475613,167.9544393406358,168.47681999206543,169.86775398254395,174.56860542297363,177.5944995880127,179.6576976776123,1.0,337.3046875,70.0
16.0,0.2816180645655946,0.6226068486310299,4.164900248984077,302.9280427631579,344.10546875,991.67883347257,634.5678288779402,1823.2372827177,1221.975,16858.540169033688,10787.653090924983,graphhopper,offline,ohare_filtered_vid_117_sr_5.0,727e74ac500f4506bb3ac1402236c56c,117,batches,5.0,50.0,0.4161768868993885,0.5831638509611939,0.4857188481375559,0.514281151862444,0.3207586963227805,1.2349126584106809,12,20,11,23,1718.5133310730084,1405.8753871932392,716.3384789963236,117,727e74ac500f4506bb3ac1402236c56c,ohare_filtered_vid_117_sr_5.0,graphhopper,offline,batches,5.0,50.0,graphhopper,offline,1768196680.9011557,1768196687.5186038,9,44,6.617448091506958,6.649088801538314,820.468604668147,847.6302769995527,851.8554890033556,852.6165791976382,852.719163839065,852.7448099994217,827.1810412406921,847.9095697402954,852.1348237991333,852.7905702590942,852.8790903091431,852.9012203216553,4.888888888888889,337.3046875,40.0
16.0,0.2797910353107485,0.6107284208333333,4.145719179449393,299.2611019736842,342.0234375,555.1057278457589,263.16690307764605,1022.225,554.35,9436.797373377902,4473.837352319983,graphhopper,offline,ohare_filtered_vid_117_sr_5.0,6c24b4b59c944e25ba34fadc1a39e2f6,117,batches,10.0,50.0,0.4885950521705264,0.781588321490614,0.6012992999803802,0.3987007000196197,0.4298984764731622,1.0364881878812606,17,20,6,23,1718.5133310730084,1405.8753871932392,375.34338118041205,117,6c24b4b59c944e25ba34fadc1a39e2f6,ohare_filtered_vid_117_sr_5.0,graphhopper,offline,batches,10.0,50.0,graphhopper,offline,1768196695.0489876,1768196700.7945292,5,44,5.745541572570801,7.658111849726382,1471.6384024024592,1687.6254029994016,1692.1847949997757,1694.1410670027835,1694.5323214033851,1694.6301350035355,1436.3853931427002,1690.0545358657837,1692.9671168327332,1694.4358229637146,1694.729564189911,1694.80299949646,8.8,337.3046875,30.000000000007276
16.0,0.3371434939142023,0.6455657328710999,5.111572478396279,343.22178819444446,376.7421875,510.1133314028726,164.8583174956988,1013.5756603773584,410.71175205055806,8671.926633848834,2802.59139742688,graphhopper,offline,ohare_filtered_vid_117_sr_5.0,e8a683fa9bcf4ede896ae3fec8159dfe,117,batches,30.0,50.0,0.4801970764547906,0.8421441112094691,0.6116350967948228,0.3883649032051772,0.4405434733929118,1.0694586296586897,20,23,3,23,1718.5133310730084,1566.601462824624,271.2774492749056,117,e8a683fa9bcf4ede896ae3fec8159dfe,ohare_filtered_vid_117_sr_5.0,graphhopper,offline,batches,30.0,50.0,graphhopper,offline,1768196711.6978817,1768196714.0621576,2,44,2.3642759323120117,18.610348901607544,3682.1072979983,3682.1072979983,4341.126272998736,4868.341452999084,4973.784488999154,5000.145247999171,2364.276170730591,2364.276170730591,2364.276170730591,2364.276170730591,2364.276170730591,2364.276170730591,22.0,337.3046875,30.000000000000004
10.0,0.0013821758325988,0.0019107070141189,0.0138491327696982,5.798677884615385,7.55859375,851.8082096634208,1597.1795332549157,1147.7775674396594,2182.1238365672816,9369.89030629763,17568.974865804073,osrm,offline,ohare_filtered_vid_117_sr_5.0,c136a3fbc37d447da3bf45e26116d2af,117,batches,5.0,,1.0,0.8707098450316175,0.9308871146897733,0.0691128853102268,0.8707098450316175,0.1292901549683824,16,0,7,23,1718.5133310730084,0.0,222.1868548896604,117,c136a3fbc37d447da3bf45e26116d2af,ohare_filtered_vid_117_sr_5.0,osrm,offline,batches,5.0,,osrm,offline,1768196715.6740968,1768196722.235613,9,44,6.561516284942627,6.705767095476276,803.7836526669303,841.4434610021999,841.5170299995225,841.8429586017737,841.8866213207366,841.8975370004773,820.1895356178284,841.6411876678467,841.759979724884,842.0236349105835,842.0619535446167,842.071533203125,4.888888888888889,337.3046875,30.0
11.0,0.0010305375065983,0.001454615261699,0.0114401966793619,4.854867788461538,6.31640625,493.97998027038585,1056.572086249853,732.1750692972444,1571.4580792434372,5927.75976324463,12678.865034998238,osrm,offline,ohare_filtered_vid_117_sr_5.0,02f25bcc24f54bc9ac0132d8620d0d13,117,batches,10.0,,1.0,0.8707098450316175,0.9308871146897733,0.0691128853102268,0.8707098450316175,0.1292901549683824,16,0,7,23,1718.5133310730084,0.0,222.1868548896604,117,02f25bcc24f54bc9ac0132d8620d0d13,ohare_filtered_vid_117_sr_5.0,osrm,offline,batches,10.0,,osrm,offline,1768196724.6556053,1768196730.3678102,5,44,5.712204933166504,7.702804873915656,1444.7813042002963,1679.6806389975245,1680.0028899961037,1680.5760195988114,1680.690645519353,1680.7193019994884,1428.051233291626,1680.007815361023,1680.3330183029175,1680.785346031189,1680.8758115768433,1680.8984279632568,8.8,337.3046875,30.0
11.0,0.0007744729921718,0.001072,0.0082488795733838,3.089006696428572,4.19140625,372.592806182621,785.7277262838528,553.3333333333333,1425.35,4471.113674191452,9428.732715406231,osrm,offline,ohare_filtered_vid_117_sr_5.0,e7ef0a78c5be44d7b2cf60ca76a0fe4e,117,batches,30.0,,0.9284454284568256,0.915980050827828,0.9221706165961048,0.0778293834038953,0.855581255062648,0.1546138236964064,18,1,5,23,1718.5133310730084,121.31651446199228,144.38940272845406,117,e7ef0a78c5be44d7b2cf60ca76a0fe4e,ohare_filtered_vid_117_sr_5.0,osrm,offline,batches,30.0,,osrm,offline,1768196736.1584945,1768196738.508712,2,44,2.350217580795288,18.721670861261654,3608.940807000181,3608.940807000181,4238.358270498793,4741.892241297683,4842.599035457461,4867.775733997405,2350.217580795288,2350.217580795288,2350.217580795288,2350.217580795288,2350.217580795288,2350.217580795288,22.0,337.3046875,20.0
18.0,1.3152135586836682,2.7753260294673217,23.739233029297942,1444.8969983552631,1496.30859375,115.89322190958237,3.3018087983535964,315.14294330518703,11.305729794933654,2201.9712162820647,62.73436716871833,graphium,online,ohare_filtered_vid_117_sr_10.0,8e07f349f361467f81ceb33793e27ad0,117,native,5.0,,1.0,1.0,1.0,0.0,1.0,0.0,23,0,0,23,1718.5133310730084,0.0,0.0,117,8e07f349f361467f81ceb33793e27ad0,ohare_filtered_vid_117_sr_10.0,graphium,online,native,5.0,,graphium,online,1768196757.0613987,1768196757.0613987,1,23,0.0,,7643.102680005541,7643.102680005541,7643.102680005541,7643.102680005541,7643.102680005541,7643.102680005541,,,,,,,23.0,336.7421875,10.0
18.0,1.3020250033266674,2.665512158054711,23.536708204417057,1450.7734375,1500.63671875,117.91900817250452,3.4071960458363284,293.4080691642651,12.680691642651295,2240.461155277586,64.73672487089024,graphium,online,ohare_filtered_vid_117_sr_10.0,331d6102ced6422bada0b0f796427434,117,native,10.0,,1.0,1.0,1.0,0.0,1.0,0.0,23,0,0,23,1718.5133310730084,0.0,0.0,117,331d6102ced6422bada0b0f796427434,ohare_filtered_vid_117_sr_10.0,graphium,online,native,10.0,,graphium,online,1768196776.0831125,1768196776.0831125,1,23,0.0,,7638.136572000803,7638.136572000803,7638.136572000803,7638.136572000803,7638.136572000803,7638.136572000803,,,,,,,23.0,336.7421875,10.0
18.0,1.2656581499056323,2.7365541456203024,22.87866925364685,1443.1815378289473,1483.23828125,110.22930343768476,3.2431902399122694,293.392654028436,11.699130434782608,2094.3567653160103,61.62061455833312,graphium,online,ohare_filtered_vid_117_sr_10.0,799d1ffb762246d9a1170f771ca73498,117,native,30.0,,1.0,1.0,1.0,0.0,1.0,0.0,23,0,0,23,1718.5133310730084,0.0,0.0,117,799d1ffb762246d9a1170f771ca73498,ohare_filtered_vid_117_sr_10.0,graphium,online,native,30.0,,graphium,online,1768196795.0796328,1768196795.0796328,1,23,0.0,,7638.1963810054,7638.1963810054,7638.1963810054,7638.1963810054,7638.1963810054,7638.1963810054,,,,,,,23.0,336.7421875,19.999999999992724
10.0,0.1804553825872283,0.243323398567066,1.825234427771948,141.78996394230768,195.6796875,9279.512680127804,18982.196718965068,17002.461880687566,29423.686492835324,102074.63948140584,208804.1639086157,barefoot,online,ohare_filtered_vid_117_sr_10.0,8092d260d45b466baf4c15c0efc60020,117,native,,,0.934061013981043,1.0,0.9659064602707496,0.0340935397292503,0.9340610139810428,0.0705938745242345,23,1,0,23,1718.5133310730084,121.31651446199228,0.0,117,8092d260d45b466baf4c15c0efc60020,ohare_filtered_vid_117_sr_10.0,barefoot,online,native,,,barefoot,online,1768196796.9788623,1768196804.342599,23,23,7.363736629486084,3.1234142606218076,320.8985128686713,334.14682900183834,337.49140899817576,341.82791729981545,343.93396492421743,344.4822080055019,334.71530134027654,334.31899547576904,337.6920819282532,342.05294847488403,344.1177201271057,344.64478492736816,1.0,336.8984375,20.0
16.0,0.2700103836128607,0.5656196086705202,4.117023893995952,298.67578125,343.9375,497.2829322515082,284.0694036707825,805.2753129938008,570.4875000000001,8453.80984827564,4829.179862403303,graphhopper,offline,ohare_filtered_vid_117_sr_10.0,1105bfb744e943e3b41761ea88c50b38,117,batches,5.0,50.0,0.4455699877696138,0.6698191314971665,0.5351518982455877,0.4648481017544122,0.3653292772162857,1.1636477524082631,13,21,10,23,1718.5133310730084,1432.323950999361,567.4202241873832,117,1105bfb744e943e3b41761ea88c50b38,ohare_filtered_vid_117_sr_10.0,graphhopper,offline,batches,5.0,50.0,graphhopper,offline,1768196821.768582,1768196827.8355322,5,23,6.066950082778931,3.79103168580299,1501.401927797997,1682.5022919947514,1686.1674609972397,1691.6380265989574,1692.732139719301,1693.0056679993868,1516.7375802993774,1684.48805809021,1688.0329847335815,1692.1388387680051,1692.96000957489,1693.165302276611,4.6,336.8984375,10.0
16.0,0.3233095147794118,0.7426271690680767,5.024886201481329,343.0217013888889,380.30078125,329.6100711929432,144.44371301057652,542.5418298326807,326.475,5603.371210280035,2455.543121179801,graphhopper,offline,ohare_filtered_vid_117_sr_10.0,835188198e13467aa3a06bec42cb36a1,117,batches,10.0,50.0,0.4433457233082188,0.6698191314971665,0.5335444180749167,0.4664555819250833,0.3638326483605514,1.1711897348467577,13,22,10,23,1718.5133310730084,1445.2849483626317,567.4202241873832,117,835188198e13467aa3a06bec42cb36a1,ohare_filtered_vid_117_sr_10.0,graphhopper,offline,batches,10.0,50.0,graphhopper,offline,1768196836.9003105,1768196841.2702062,3,23,4.369895696640015,5.2632835190287395,2498.3074919994883,3125.3081940012635,3245.1389564994315,3341.0035664979664,3360.1764884976733,3364.9697189976,2184.947967529297,2184.947967529297,2775.0296592712407,3247.0950126647954,3341.5080833435063,3365.111351013184,7.666666666666667,336.8984375,20.000000000014552
16.0,0.2496798364353462,0.6850005891837758,3.7651671960658826,291.02261513157896,325.69140625,153.55536509742882,5.894454956006793,308.8102893890675,18.16915373059589,2610.44120665629,100.20573425211548,graphhopper,offline,ohare_filtered_vid_117_sr_10.0,677c876830f9404d9984a38d18aee95e,117,batches,30.0,50.0,0.4801970764547906,0.8421441112094691,0.6116350967948228,0.3883649032051772,0.4405434733929118,1.0694586296586897,20,23,3,23,1718.5133310730084,1566.601462824624,271.2774492749056,117,677c876830f9404d9984a38d18aee95e,ohare_filtered_vid_117_sr_10.0,graphhopper,offline,batches,30.0,50.0,graphhopper,offline,1768196854.6948204,1768196854.6948204,1,23,0.0,,7511.740288005967,7511.740288005967,7511.740288005967,7511.740288005967,7511.740288005967,7511.740288005967,,,,,,,23.0,336.8984375,20.00000000000728
11.0,0.0010375144730176,0.0015051433273899,0.0113728852058041,4.787259615384615,6.34375,516.859032208775,963.2595141113484,812.436222740365,1556.646509395145,6202.3083865053,11559.114169336182,osrm,offline,ohare_filtered_vid_117_sr_10.0,25b64fbb4773428c969e545767364413,117,batches,5.0,,1.0,0.7698514913262734,0.8699616833380408,0.1300383166619592,0.7698514913262733,0.2301485086737266,13,0,10,23,1718.5133310730084,0.0,395.5132802823712,117,25b64fbb4773428c969e545767364413,ohare_filtered_vid_117_sr_10.0,osrm,offline,batches,5.0,,osrm,offline,1768196856.9509418,1768196862.9886827,5,23,6.03774094581604,3.8093717843158306,1475.8328733994858,1676.9522009999491,1677.5043919988093,1677.6110423976208,1677.6323724773831,1677.6377049973237,1509.43523645401,1677.3855686187744,1677.7160763740542,1677.799189090729,1677.815811634064,1677.8199672698977,4.6,336.8984375,10.0
11.0,0.0007229486038962,0.0011128751313485,0.0075625081154059,3.0492788461538463,3.5078125,313.9036784699964,412.7166442584168,455.1744576840819,654.614201183432,3766.844141639957,4952.599731101001,osrm,offline,ohare_filtered_vid_117_sr_10.0,2b3b8a56517a410b8da8185aa47d1d72,117,batches,10.0,,1.0,0.7698514913262734,0.8699616833380408,0.1300383166619592,0.7698514913262733,0.2301485086737266,13,0,10,23,1718.5133310730084,0.0,395.5132802823712,117,2b3b8a56517a410b8da8185aa47d1d72,ohare_filtered_vid_117_sr_10.0,osrm,offline,batches,10.0,,osrm,offline,1768196866.9205644,1768196871.2779615,3,23,4.357397079467773,5.278380551631823,2458.1286693307143,3017.3547309968853,3184.8409774975153,3318.829974698019,3345.62777413812,3352.327223998145,2178.6986589431763,2178.6986589431763,2765.60240983963,3235.125410556793,3329.030010700226,3352.506160736084,7.666666666666667,336.8984375,10.000000000007276
11.0,0.0005148955143631,0.0011123126953125,0.0050664334770456,2.1121651785714284,2.22265625,201.4011793799239,8.01751520444611,275.5097255087553,12.301766004415011,2416.814152559087,96.21018245335333,osrm,offline,ohare_filtered_vid_117_sr_10.0,da13945299a14c48a2a9aa371478d8fa,117,batches,30.0,,0.9244652524250452,0.8639942030248778,0.8932074099406767,0.1067925900593232,0.8070233013511605,0.2065996714993568,15,1,8,23,1718.5133310730084,121.31651446199228,233.72777520495663,117,da13945299a14c48a2a9aa371478d8fa,ohare_filtered_vid_117_sr_10.0,osrm,offline,batches,30.0,,osrm,offline,1768196879.576358,1768196879.576358,1,23,0.0,,7372.701763997611,7372.701763997611,7372.701763997611,7372.701763997611,7372.701763997611,7372.701763997611,,,,,,,23.0,336.8984375,10.000000000007276
18.0,1.2753038420371692,2.574410423813212,23.079002973869898,1444.0458470394738,1487.23046875,113.87761347708606,3.2276152547047783,316.2443142057383,11.344261721483557,2163.674656064635,61.32468983939079,graphium,online,ohare_filtered_vid_117_sr_20.0,01e9a922ef3f4548ba7e7f6ef7b6b2c9,117,native,5.0,,1.0000000000000002,0.9595732946345372,0.979369638545211,0.020630361454789,0.9595732946345374,0.0404267053654627,21,0,2,23,1718.5133310730084,0.0,69.47383210190841,117,01e9a922ef3f4548ba7e7f6ef7b6b2c9,ohare_filtered_vid_117_sr_20.0,graphium,online,native,5.0,,graphium,online,1768196898.1268723,1768196898.1268723,1,12,0.0,,7629.235794003762,7629.235794003762,7629.235794003762,7629.235794003762,7629.235794003762,7629.235794003762,,,,,,,12.0,336.8984375,0.0
18.0,1.2630503011722858,2.698026906418165,22.615463294341147,1443.3778782894738,1492.75390625,124.56432737851009,3.450598141532684,297.11813784764206,14.811729141475212,2366.722220191692,65.56136468912099,graphium,online,ohare_filtered_vid_117_sr_20.0,1f8783340e4f4fd5bf361ec0390827ab,117,native,10.0,,1.0000000000000002,0.9595732946345372,0.979369638545211,0.020630361454789,0.9595732946345374,0.0404267053654627,21,0,2,23,1718.5133310730084,0.0,69.47383210190841,117,1f8783340e4f4fd5bf361ec0390827ab,ohare_filtered_vid_117_sr_20.0,graphium,online,native,10.0,,graphium,online,1768196917.1202168,1768196917.1202168,1,12,0.0,,7622.860357994796,7622.860357994796,7622.860357994796,7622.860357994796,7622.860357994796,7622.860357994796,,,,,,,12.0,336.8984375,0.0
17.0,1.3013486658583384,2.710331632074402,22.22147578545009,1447.8960503472222,1481.6796875,180.9838755612459,10.568167669725074,294.0432993031923,27.430926916221036,3257.709760102426,190.22701805505133,graphium,online,ohare_filtered_vid_117_sr_20.0,6fb0cb4b61ef46b08f7a764d7161c8e4,117,native,30.0,,1.0000000000000002,0.9595732946345372,0.979369638545211,0.020630361454789,0.9595732946345374,0.0404267053654627,21,0,2,23,1718.5133310730084,0.0,69.47383210190841,117,6fb0cb4b61ef46b08f7a764d7161c8e4,ohare_filtered_vid_117_sr_20.0,graphium,online,native,30.0,,graphium,online,1768196936.1326857,1768196936.1326857,1,12,0.0,,7621.20168999536,7621.20168999536,7621.20168999536,7621.20168999536,7621.20168999536,7621.20168999536,,,,,,,12.0,336.8984375,0.0
11.0,0.1513208011889695,0.2200270810966258,1.7033475089461267,118.17217548076924,166.359375,8876.613970471844,7167.469240859088,16798.043754619364,11889.089608895703,106519.36764566212,86009.63089030905,barefoot,online,ohare_filtered_vid_117_sr_20.0,5c80597e4ffb42049afa26dbc3497c64,117,native,,,1.0000000000000002,0.9595732946345372,0.979369638545211,0.020630361454789,0.9595732946345374,0.0404267053654627,21,0,2,23,1718.5133310730084,0.0,69.47383210190841,117,5c80597e4ffb42049afa26dbc3497c64,ohare_filtered_vid_117_sr_20.0,barefoot,online,native,,,barefoot,online,1768196938.048477,1768196945.3980172,12,12,7.3495402336120605,1.6327551953685122,614.0947475002273,667.303925001761,670.5845487449551,678.4666149018449,683.5009989820537,684.7595950021059,668.14002123746,668.3242321014404,670.946478843689,679.1929006576538,683.7582349777222,684.8995685577393,1.0,336.8984375,20.0
16.0,0.2724583462780882,0.566093816161616,4.145956793453958,323.8643092105263,377.41015625,273.1611113297154,124.26564909806342,443.0912030075188,263.78333333333336,4643.738892605163,2112.516034667078,graphhopper,offline,ohare_filtered_vid_117_sr_20.0,4f1b491ba2514e5893c59649f37ccc4a,117,batches,5.0,50.0,0.2734515841721288,0.3165311516679934,0.2934185683931495,0.7065814316068505,0.1719335291940203,1.5244777146759307,5,22,18,23,1718.5133310730084,1445.2849483626317,1174.5503272316694,117,4f1b491ba2514e5893c59649f37ccc4a,ohare_filtered_vid_117_sr_20.0,graphhopper,offline,batches,5.0,50.0,graphhopper,offline,1768196964.1519296,1768196968.84191,3,12,4.6899802684783936,2.5586461590579894,2488.849944335622,2776.854955001909,3065.0982905026467,3295.692958903237,3341.811892583355,3353.3416260033846,2344.9902534484863,2344.9902534484863,2849.2395877838135,3252.639055252075,3333.3189487457275,3353.4889221191406,4.0,336.8984375,10.0
16.0,0.2992775114273523,0.5671932674748227,4.620394420931656,335.98328993055554,371.2890625,311.8004928599124,123.45554022937029,489.2442828146144,314.975,5300.608378618511,2098.744183899295,graphhopper,offline,ohare_filtered_vid_117_sr_20.0,941673ca75b446dea049026b6d72d7de,117,batches,10.0,50.0,0.3268182604922752,0.40829547004364,0.3630415532825336,0.6369584467174664,0.221778111723317,1.432713396300284,12,22,11,23,1718.5133310730084,1445.2849483626317,1016.8521227862929,117,941673ca75b446dea049026b6d72d7de,ohare_filtered_vid_117_sr_20.0,graphhopper,offline,batches,10.0,50.0,graphhopper,offline,1768196980.8921304,1768196982.2286954,2,12,1.3365650177001953,8.97823887434088,3733.767687001091,3733.767687001091,4932.437543502601,5891.37342870381,6083.160605744051,6131.107400004112,1336.5650177001953,1336.5650177001953,1336.5650177001953,1336.5650177001953,1336.5650177001953,1336.5650177001953,6.0,336.8984375,10.000000000007276
16.0,0.2418515063082605,0.5898305016157989,3.52164510562463,313.1753700657895,365.17578125,150.644875711383,5.305667698632996,295.58045057244857,11.78615916955017,2560.962887093511,90.19635087676092,graphhopper,offline,ohare_filtered_vid_117_sr_20.0,71e4cd005e0948d1835ea35d71ffd27b,117,batches,30.0,50.0,0.4880407767364716,0.8017174058440063,0.6067351085742672,0.3932648914257328,0.4354772106210134,1.0392914604999175,18,22,5,23,1718.5133310730084,1445.2849483626317,340.75128137681395,117,71e4cd005e0948d1835ea35d71ffd27b,ohare_filtered_vid_117_sr_20.0,graphhopper,offline,batches,30.0,50.0,graphhopper,offline,1768196995.6069393,1768196995.6069393,1,12,0.0,,7463.7918849985,7463.7918849985,7463.7918849985,7463.7918849985,7463.7918849985,7463.7918849985,,,,,,,12.0,336.8984375,10.0
11.0,0.0008249427547252,0.0011860115344193,0.0090155085637964,3.5063100961538463,4.53125,366.5718496568236,537.9393408923228,538.4662267080745,894.3666666666667,4398.862195881883,6455.272090707873,osrm,offline,ohare_filtered_vid_117_sr_20.0,d7c8b10d1d7a471fb9bad85305fc5731,117,batches,5.0,,1.0,0.4947430193963461,0.6619773606250373,0.3380226393749627,0.494743019396346,0.5052569806036539,9,0,14,23,1718.5133310730084,0.0,868.2908567850756,117,d7c8b10d1d7a471fb9bad85305fc5731,ohare_filtered_vid_117_sr_20.0,osrm,offline,batches,5.0,,osrm,offline,1768196999.206143,1768197003.886793,3,12,4.680649995803833,2.563746490499804,2451.967312665753,2675.528168998426,3009.640464999393,3276.9303018001665,3330.388269160321,3343.75276100036,2340.3249979019165,2340.3249979019165,2842.1128392219543,3243.5431122779846,3323.8291668891907,3343.900680541992,4.0,336.8984375,9.999999999992724
10.0,0.0006775645447911,0.00108683734375,0.0063663726489521,2.8404447115384617,3.8203125,308.55005423705853,447.0930518504831,425.25999999999993,843.9666666666668,3394.050596607644,4918.0235703553135,osrm,offline,ohare_filtered_vid_117_sr_20.0,eb932d9ceb88402594faccef46aad8d2,117,batches,10.0,,1.0,0.4947430193963461,0.6619773606250373,0.3380226393749627,0.494743019396346,0.5052569806036539,9,0,14,23,1718.5133310730084,0.0,868.2908567850756,117,eb932d9ceb88402594faccef46aad8d2,ohare_filtered_vid_117_sr_20.0,osrm,offline,batches,10.0,,osrm,offline,1768197010.8219757,1768197012.158537,2,12,1.3365612030029297,8.978264499252935,3677.0177689977572,3677.0177689977572,4847.308730499208,5783.541499700368,5970.7880535406,6017.599692000658,1336.5609645843506,1336.5609645843506,1336.5609645843506,1336.5609645843506,1336.5609645843506,1336.5609645843506,6.0,336.8984375,0.0
11.0,0.0006092597673945,0.0010927140221402,0.0062184031865939,2.171574519230769,2.234375,213.9175668716322,8.289399319091443,286.11,14.606829056111351,2567.0108024595866,99.4727918290973,osrm,offline,ohare_filtered_vid_117_sr_20.0,95f82b9da7ec40e7927a6f7ba686f30b,117,batches,30.0,,1.0,0.8537126725879483,0.92108414126132,0.0789158587386801,0.8537126725879481,0.1462873274120517,14,0,9,23,1718.5133310730084,0.0,251.3967223246528,117,95f82b9da7ec40e7927a6f7ba686f30b,ohare_filtered_vid_117_sr_20.0,osrm,offline,batches,30.0,,osrm,offline,1768197020.4345918,1768197020.4345918,1,12,0.0,,7354.249709002033,7354.249709002033,7354.249709002033,7354.249709002033,7354.249709002033,7354.249709002033,,,,,,,12.0,336.8984375,0.0
21.0,1.2663637642756629,2.758770884449118,26.57841731518408,1440.108487215909,1477.59375,2693.04747976165,3360.3443195145974,6585.820895522389,9006.965174129355,59247.04455475629,73927.57502932115,graphium,online,ohare_filtered_vid_736_sr_1.0,8cb8ea7add5347268231af917a61ea66,736,native,5.0,,1.0,0.9575416869884956,0.9783103913987024,0.0216896086012976,0.9575416869884956,0.042458313011504,32,0,4,36,2703.585246271725,0.0,114.7896686394892,736,8cb8ea7add5347268231af917a61ea66,ohare_filtered_vid_736_sr_1.0,graphium,online,native,5.0,,graphium,online,1768197032.4994364,1768197042.3945932,64,304,9.895156860351562,30.7221001435645,171.95434760867556,177.22453350143041,177.85858024763002,183.62177459966912,550.9698376778373,1118.693181000708,157.06598191034226,177.3781776428223,177.87277698516846,179.7358274459839,202.20763683319097,217.6673412322998,4.75,337.109375,150.0
21.0,1.2618885322857745,2.704225328737394,26.401740679813344,1449.3130326704545,1479.4921875,1885.4006758228436,2190.5152248301256,4242.455883888483,5527.040687389436,41478.81486810256,48191.33494626277,graphium,online,ohare_filtered_vid_736_sr_1.0,a77711342d294a099361d936e7f9a517,736,native,10.0,,1.0,0.9688964775705357,0.9842025607827568,0.015797439217243,0.9688964775705357,0.0311035224294643,34,0,2,36,2703.585246271725,0.0,84.09102434738139,736,a77711342d294a099361d936e7f9a517,ohare_filtered_vid_736_sr_1.0,graphium,online,native,10.0,,graphium,online,1768197054.9474988,1768197064.6312022,29,304,9.683703422546387,31.392948207418502,373.8273683451678,350.91176699643256,352.6368669990916,379.02964460372453,944.9171765171914,1161.3436009938596,345.8465508052281,350.97432136535645,352.3934483528137,362.7576947212219,382.22031831741333,388.5467052459717,10.482758620689655,337.265625,110.00000000000728
21.0,1.1854936235548188,2.7538340621675923,24.807650374397653,1447.5727982954545,1497.31640625,1428.2891774825923,1288.0768761595473,3443.382770663563,3278.6282369680507,31422.36190461703,28337.69127551004,graphium,online,ohare_filtered_vid_736_sr_1.0,7edf7afb22814ddfa847694ec5c91de9,736,native,30.0,,0.9779466345351292,0.9561015787038174,0.9669007367724844,0.0330992632275155,0.9359223950579348,0.0654591658113657,33,1,3,36,2703.585246271725,58.291310769883246,118.68312415097954,736,7edf7afb22814ddfa847694ec5c91de9,ohare_filtered_vid_736_sr_1.0,graphium,online,native,30.0,,graphium,online,1768197077.1523435,1768197086.8075652,11,304,9.655221700668335,31.485553561028755,979.1180221813688,1045.9906609976315,1074.2198305015336,1105.5008074981743,1114.4700423014,1116.7123510022066,965.5221700668335,1045.395851135254,1064.4152164459229,1087.6356840133667,1093.0854177474978,1094.4478511810305,27.636363636363637,337.265625,80.00000000000728
14.0,0.5158018880641667,0.7890942117007104,7.448632285357836,333.0771484375,477.6171875,18481.488579274665,895999.7063375317,27762.44360568383,1650809.599413776,277222.32868911995,13439995.595062977,barefoot,online,ohare_filtered_vid_736_sr_1.0,21750cb87b4844949b0907bd6089dda9,736,native,,,0.9630871843427314,0.993670046153758,0.9781396199804684,0.0218603800195317,0.9572145462394502,0.0444149370483132,35,1,1,36,2703.585246271725,102.96599868962656,17.11356982828054,736,21750cb87b4844949b0907bd6089dda9,ohare_filtered_vid_736_sr_1.0,barefoot,online,native,,,barefoot,online,1768197088.696616,1768197099.1976151,304,304,10.500999212265015,28.949626017011067,34.44925765447088,34.478277499147225,35.604607250206755,38.52094824978848,41.2986637798167,44.799941999372095,34.65676307678223,34.641265869140625,35.7663631439209,38.71958255767822,41.45413398742676,44.95835304260254,1.0,338.515625,800.0000000000073
19.0,0.300267612203062,0.695377765925926,5.309974478135314,333.6859019886364,389.19921875,5362.115945950584,3182.029346444778,11003.165892781764,6734.4871253693545,107242.31891901168,63640.58692889557,graphhopper,offline,ohare_filtered_vid_736_sr_1.0,8dad0cdf1d4f43d09741643888ffe7b7,736,batches,5.0,50.0,0.8229544956018379,0.9243500972094316,0.8707103170656663,0.1292896829343337,0.7710247691302927,0.2745090500162637,33,9,3,36,2703.585246271725,537.6326565255675,204.5259610664699,736,8dad0cdf1d4f43d09741643888ffe7b7,ohare_filtered_vid_736_sr_1.0,graphhopper,offline,batches,5.0,50.0,graphhopper,offline,1768197115.4227004,1768197126.211229,61,304,10.788528680801392,28.178077752249933,180.52994722970877,179.83786999684526,181.07122700166656,185.3770270026871,204.90213840093924,232.24163400300316,179.80881532033285,179.95858192443848,181.16682767868042,185.11230945587158,186.60151958465576,186.80548667907715,4.983606557377049,338.515625,240.0
20.0,0.2852982356388269,0.7200167216931218,5.574377443653461,345.77077414772725,379.0546875,3834.157271608819,1558.2385140150172,8164.4520297452145,3427.770327928806,80517.3027037852,32723.008794315363,graphhopper,offline,ohare_filtered_vid_736_sr_1.0,de7cb6afc6fa47b189cb89d1ce69d73b,736,batches,10.0,50.0,0.8252400985973132,0.9340127437031708,0.8762637753614042,0.1237362246385958,0.779777100843411,0.2637817833391564,33,9,3,36,2703.585246271725,534.7543651049297,178.40217256605823,736,de7cb6afc6fa47b189cb89d1ce69d73b,ohare_filtered_vid_736_sr_1.0,graphhopper,offline,batches,10.0,50.0,graphhopper,offline,1768197132.5339065,1768197142.965391,31,304,10.431484460830688,29.142544490335332,349.22142080646273,354.5238389997394,356.3293410006736,360.70279049818055,387.39467169943964,398.8257550008712,347.71614869435626,354.6065092086792,356.0512661933899,359.1844916343689,360.84898471832275,360.8527183532715,9.806451612903226,338.515625,190.0
20.0,0.2727666482684967,0.7728073940056417,5.252355618786527,333.61985085227275,360.45703125,2611.1400190230206,486.07332358478266,6418.366800703694,1217.0344810253832,54833.94039948343,10207.539795280436,graphhopper,offline,ohare_filtered_vid_736_sr_1.0,7369fa07e49640c5b93c881aea2a140c,736,batches,30.0,50.0,0.8664687440033993,0.8880009566951944,0.8771027203435123,0.1228972796564876,0.7811068173678647,0.2488486225819861,33,8,3,36,2703.585246271725,369.9845034922784,302.7989610754201,736,7369fa07e49640c5b93c881aea2a140c,ohare_filtered_vid_736_sr_1.0,graphhopper,offline,batches,30.0,50.0,graphhopper,offline,1768197150.0239837,1768197159.6325722,11,304,9.608588457107544,31.6383620088473,974.5802771808071,1050.7786159942043,1056.746625501546,1086.8951224983903,1108.253554897965,1113.5931629978586,960.8588695526123,1050.096869468689,1056.1954379081726,1058.8438272476196,1060.076184272766,1060.3842735290527,27.636363636363637,338.515625,149.99999999999272
14.0,0.0027019271734888,0.0039415644374093,0.0390232189659693,13.25146484375,19.78515625,2379.318978079112,5297.425173423265,3816.411682892907,8582.038651004168,35689.78467118667,79461.37760134897,osrm,offline,ohare_filtered_vid_736_sr_1.0,770ce14dd2f9404eae7f0c4c4a65c49a,736,batches,10.0,,0.906700941045346,0.9951338197567778,0.9488613726451902,0.0511386273548097,0.9026986050669644,0.1072649367838463,35,3,1,36,2703.585246271725,276.84376741980225,13.156133111274018,736,770ce14dd2f9404eae7f0c4c4a65c49a,ohare_filtered_vid_736_sr_1.0,osrm,offline,batches,10.0,,osrm,offline,1768197201.114906,1768197211.3233998,31,304,10.208493709564209,29.779123997028695,339.2986609359204,347.0146200052113,347.36275900286273,347.92282649868866,347.9763400981028,347.9947879968677,340.2831236521403,347.1686840057373,347.50670194625854,348.07571172714233,348.1439518928528,348.16932678222656,9.806451612903226,338.515625,130.0
14.0,0.0016650728009837,0.0024536934950385,0.023502347961155,9.153033088235292,12.61328125,1337.987517707363,3550.3238045829044,2228.328067042176,5923.551792828685,20069.812765610444,53254.85706874357,osrm,offline,ohare_filtered_vid_736_sr_1.0,769c30a990784755a68240465d3d0d5f,736,batches,30.0,,0.9382863475622903,0.9951338197567778,0.96587435349867,0.0341256465013299,0.934000966677919,0.0703188459897018,35,3,1,36,2703.585246271725,176.95686144133765,13.156133111274018,736,769c30a990784755a68240465d3d0d5f,ohare_filtered_vid_736_sr_1.0,osrm,offline,batches,30.0,,osrm,offline,1768197213.2269862,1768197222.702955,11,304,9.475968837738037,32.08115235555865,952.4809427272306,1037.0005990043865,1037.5570405012695,1038.7140015009209,1038.7327691001701,1038.7374609999824,947.5968837738037,1037.3079776763916,1037.7758741378784,1038.887596130371,1038.9054489135742,1038.909912109375,27.636363636363637,338.515625,99.99999999999272
20.0,1.219250817279895,2.731015907355562,24.190239485545003,1453.671875,1491.12109375,603.3928491017922,1089.907304502126,1505.0125,2859.8625,12671.249831137637,22888.053394544644,graphium,online,ohare_filtered_vid_736_sr_5.0,a4a563368e024506ad5fba51b9532484,736,native,5.0,,1.0,0.7858091229825276,0.8800594787757907,0.1199405212242092,0.7858091229825276,0.2141908770174722,28,0,8,36,2703.585246271725,0.0,579.0832949904394,736,a4a563368e024506ad5fba51b9532484,ohare_filtered_vid_736_sr_5.0,graphium,online,native,5.0,,graphium,online,1768197238.695256,1768197244.1780682,10,62,5.482812166213989,11.308065664195908,1055.7412694011873,844.6637505003309,845.947175499532,3172.785614001982,4695.206656405136,5075.811917005922,609.2013518015543,844.3703651428223,845.7324504852295,846.6846466064453,846.9316864013672,846.9934463500977,6.2,334.94921875,30.0
20.0,1.240361389862822,2.837026918671248,24.62563600768089,1448.940476190476,1482.33203125,449.8988424796797,923.6437619394176,1096.4811772315652,2620.650558312655,9447.875692073274,19396.51900072777,graphium,online,ohare_filtered_vid_736_sr_5.0,94f82f6065af4b52992e0b5195168381,736,native,10.0,,1.0,0.9102354366727216,0.9530086388285038,0.0469913611714961,0.9102354366727216,0.0897645633272781,31,0,5,36,2703.585246271725,0.0,242.68614904965324,736,94f82f6065af4b52992e0b5195168381,ohare_filtered_vid_736_sr_5.0,graphium,online,native,10.0,,graphium,online,1768197260.6566615,1768197266.1219935,5,62,5.46533203125,11.344233002769588,2107.885555998655,1697.310921997996,1735.1847070021904,4406.822998994902,4941.150657393446,5074.732571993081,1366.3329482078552,1694.2819356918335,1706.9344520568848,1729.6378135681152,1734.1784858703613,1735.3136539459229,12.4,335.10546875,20.0
20.0,1.1450685734324688,2.684776962419391,22.74951586105176,1446.160900297619,1480.19921875,257.35693200301046,489.2939754905732,452.7909613104061,1375.2089801767374,5404.49557206322,10275.173485302035,graphium,online,ohare_filtered_vid_736_sr_5.0,0d0723323c98462fa37eb5208aa21e3f,736,native,30.0,,1.0,0.9102354366727216,0.9530086388285038,0.0469913611714961,0.9102354366727216,0.0897645633272781,31,0,5,36,2703.585246271725,0.0,242.68614904965324,736,0d0723323c98462fa37eb5208aa21e3f,ohare_filtered_vid_736_sr_5.0,graphium,online,native,30.0,,graphium,online,1768197282.61147,1768197288.009483,3,62,5.398013114929199,11.485707552011606,3494.0460616659643,5055.051327995898,5069.74227399769,5081.495030799124,5083.845582159411,5084.433219999482,2699.006676673889,2699.006676673889,3877.1005272865295,4819.575607776642,5008.070623874664,5055.19437789917,20.666666666666668,335.10546875,30.0
14.0,0.1897849610248846,0.2995608171793658,2.6840207396420928,185.897705078125,222.58203125,8749.16301893269,70551.34198793877,14254.647893989588,123072.61195961689,131237.44528399035,1058270.1298190814,barefoot,online,ohare_filtered_vid_736_sr_5.0,d930b89d433c4c678193d2d6b27fc2cb,736,native,,,1.0,1.0,1.0,0.0,1.0,0.0,36,0,0,36,2703.585246271725,0.0,0.0,736,d930b89d433c4c678193d2d6b27fc2cb,ohare_filtered_vid_736_sr_5.0,barefoot,online,native,,,barefoot,online,1768197289.899912,1768197300.1470394,62,62,10.247127294540405,6.050476218152687,165.46142798406729,168.08890299944323,169.10853900117218,171.9666952012631,174.44185380001727,177.18534099549288,167.9856972616227,168.23577880859375,169.27051544189453,172.10125923156738,174.62496757507324,177.31904983520508,1.0,335.26171875,100.0
19.0,0.2402081468570411,0.5493461840768357,4.285286335924534,315.6150568181818,351.2890625,1214.312984364617,671.0245537417071,2514.362151506618,1597.0149253731345,24286.25968729234,13420.491074834144,graphhopper,offline,ohare_filtered_vid_736_sr_5.0,8173b4654d1d4a47a6d75459dd5adef4,736,batches,5.0,50.0,0.8583515032226263,0.8581921990648878,0.8582718437516311,0.1417281562483688,0.7517304702126698,0.2834300087220324,32,3,4,36,2703.585246271725,382.88771151714616,383.3894784144069,736,8173b4654d1d4a47a6d75459dd5adef4,ohare_filtered_vid_736_sr_5.0,graphhopper,offline,batches,5.0,50.0,graphhopper,offline,1768197316.860186,1768197326.5324566,13,62,9.67227053642273,6.410077113385889,803.4619313066986,847.1912579989294,849.8248339965357,852.2592072011321,853.332966240996,853.601406000962,806.0225447018942,848.1341600418091,850.2926826477051,852.5100231170654,853.512487411499,853.7631034851074,4.769230769230769,335.26171875,49.999999999992724
19.0,0.249218947854604,0.5811752246091095,4.403203732482972,324.3615056818182,370.9296875,865.7149198492452,332.07201637599707,1847.489618724047,777.9764942745691,17314.298396984905,6641.440327519941,graphhopper,offline,ohare_filtered_vid_736_sr_5.0,29f0fbe5d2784b158a9a6bd69213d94a,736,batches,10.0,50.0,0.9468815024836872,0.9433262071839792,0.9451005112529656,0.0548994887470345,0.8959152235209786,0.1095928441037907,34,1,2,36,2703.585246271725,143.07116630831226,153.22243010765368,736,29f0fbe5d2784b158a9a6bd69213d94a,ohare_filtered_vid_736_sr_5.0,graphhopper,offline,batches,10.0,50.0,graphhopper,offline,1768197334.0550842,1768197342.85814,7,62,8.803055763244629,7.043008890034345,1487.2383194274985,1691.1261370041757,1693.689240997628,1697.8645117975248,1699.1291519584775,1699.4453119987156,1467.1759605407715,1692.3061609268188,1694.120466709137,1698.2998251914978,1699.3443369865417,1699.6054649353027,8.857142857142858,335.41796875,50.000000000007276
19.0,0.2827830533200038,0.6107088,5.084304490084288,366.3621651785714,418.37890625,493.1992047095626,93.962754659391,934.3255114320096,210.7,9863.984094191252,1879.25509318782,graphhopper,offline,ohare_filtered_vid_736_sr_5.0,2780570c7fff48628425700ea5eafd57,736,batches,30.0,50.0,0.909587450026345,0.8923902483986954,0.900906788334608,0.099093211665392,0.8196818784546183,0.1963129081004545,33,2,3,36,2703.585246271725,239.8165452088339,290.93213678425207,736,2780570c7fff48628425700ea5eafd57,ohare_filtered_vid_736_sr_5.0,graphhopper,offline,batches,30.0,50.0,graphhopper,offline,1768197353.782069,1768197359.183489,3,62,5.4014201164245605,11.478462823410327,3462.07571933337,4985.135025999625,5025.385280499904,5057.585484100127,5064.025524820172,5065.635535000183,2700.7100582122803,2700.7100582122803,3883.2693099975586,4829.316711425781,5018.526191711426,5065.828561782837,20.666666666666668,335.41796875,30.0
13.0,0.0012300218122164,0.0018166824388265,0.0161688339765132,7.286376953125,10.2890625,938.2154143280524,1766.0016073910283,1439.1625615763546,2844.986009852217,13135.015800592735,24724.0225034744,osrm,offline,ohare_filtered_vid_736_sr_5.0,1b42358f4314418faa7fcacbc05ba8be,736,batches,5.0,,1.0,0.7744724748111945,0.8729044668823043,0.1270955331176957,0.7744724748111946,0.2255275251888052,24,0,12,36,2703.585246271725,0.0,609.7328897286287,736,1b42358f4314418faa7fcacbc05ba8be,ohare_filtered_vid_736_sr_5.0,osrm,offline,batches,5.0,,osrm,offline,1768197360.7808084,1768197370.3706846,13,62,9.589876174926758,6.465151256290702,789.3766699993508,840.9136259942898,841.4194180004415,841.7790855979547,842.0521403185558,842.120403998706,799.1563479105631,841.0340547561646,841.6327238082886,841.9619798660278,842.2064065933228,842.2675132751465,4.769230769230769,335.41796875,40.0
13.0,0.0009358057851033,0.0013279228703929,0.0123018563736296,5.760498046875,8.55078125,590.24186350452,1304.02378741874,968.1250911933298,2206.6400000000003,8263.38608906328,18256.33302386236,osrm,offline,ohare_filtered_vid_736_sr_5.0,911c3184e9e846b381985b082db97db2,736,batches,10.0,,1.0,0.803655714526105,0.8911409290073506,0.1088590709926493,0.8036557145261051,0.1963442854738948,25,0,11,36,2703.585246271725,0.0,530.8335133969858,736,911c3184e9e846b381985b082db97db2,ohare_filtered_vid_736_sr_5.0,osrm,offline,batches,10.0,,osrm,offline,1768197372.7434776,1768197381.476565,7,62,8.733087301254272,7.099436643796675,1463.7265902877386,1679.214863004745,1679.259152002487,1679.8490757028048,1680.0410951422236,1680.0891000020783,1455.5145502090454,1679.3317794799805,1679.3853044509885,1680.0134181976318,1680.176877975464,1680.217742919922,8.857142857142858,335.41796875,30.0
14.0,0.0005508740039443,0.0009924023178807,0.0072707077412841,3.279871323529412,4.1953125,342.01431011150333,677.216278810616,538.809262166405,1229.3499999999997,5130.21465167255,10158.24418215924,osrm,offline,ohare_filtered_vid_736_sr_5.0,21aa534a6ba34934bc36dc7f5572a4aa,736,batches,30.0,,1.0,0.803655714526105,0.8911409290073506,0.1088590709926493,0.8036557145261051,0.1963442854738948,25,0,11,36,2703.585246271725,0.0,530.8335133969858,736,21aa534a6ba34934bc36dc7f5572a4aa,ohare_filtered_vid_736_sr_5.0,osrm,offline,batches,30.0,,osrm,offline,1768197387.251959,1768197392.6217043,3,62,5.369745254516602,11.546171570774339,3411.8793629992674,4866.192730994953,4949.911895997502,5016.887227999541,5030.282294399949,5033.631061000051,2684.872627258301,2684.872627258301,3859.323024749756,4798.88334274292,4986.795406341553,5033.773422241211,20.666666666666668,335.41796875,29.999999999992724
20.0,1.1966506991219945,2.767201180459626,23.72705313361937,1450.215773809524,1485.0390625,231.7251127672732,702.9529684109183,514.9029258955428,2573.183429040197,4866.227368112737,14762.012336629285,graphium,online,ohare_filtered_vid_736_sr_10.0,70bb0b4e5c6f4212b0784dfa20b3bf52,736,native,5.0,,1.0,0.9102354366727216,0.9530086388285038,0.0469913611714961,0.9102354366727216,0.0897645633272781,31,0,5,36,2703.585246271725,0.0,242.68614904965324,736,70bb0b4e5c6f4212b0784dfa20b3bf52,ohare_filtered_vid_736_sr_10.0,graphium,online,native,5.0,,graphium,online,1768197413.4852488,1768197414.1625526,2,32,0.6773037910461426,47.24615515671894,5305.027205500664,5305.027205500664,7618.952981249095,9470.093601847839,9840.321725967588,9932.878756997525,677.3037910461426,677.3037910461426,677.3037910461426,677.3037910461426,677.3037910461426,677.3037910461426,16.0,334.984375,9.999999999992724
20.0,1.181635205869916,2.845560083322484,23.36953984550119,1452.603236607143,1485.28515625,223.62571469813096,8.880139224530105,494.941946124244,26.246921385376577,4696.14000866075,186.4829237151322,graphium,online,ohare_filtered_vid_736_sr_10.0,e143caf1b40d4130946edaca2ed2b56f,736,native,10.0,,1.0,0.9102354366727216,0.9530086388285038,0.0469913611714961,0.9102354366727216,0.0897645633272781,31,0,5,36,2703.585246271725,0.0,242.68614904965324,736,e143caf1b40d4130946edaca2ed2b56f,ohare_filtered_vid_736_sr_10.0,graphium,online,native,10.0,,graphium,online,1768197435.5105977,1768197436.1907678,2,32,0.6801700592041016,47.047057668849284,5307.658636997076,5307.658636997076,7621.480601997975,9472.538173998693,9842.749688398837,9935.302566998873,680.1702976226807,680.1702976226807,680.1702976226807,680.1702976226807,680.1702976226807,680.1702976226807,16.0,334.984375,10.0
20.0,1.1711136195920775,2.7456733432772213,23.253770142456965,1460.243861607143,1494.5859375,99.4756029427003,2.6430502962095823,286.14707360861763,11.476858168761222,2088.9876617967066,55.504056220401225,graphium,online,ohare_filtered_vid_736_sr_10.0,65b71fc936f246948d18d1bd87290b69,736,native,30.0,,1.0,0.9102354366727216,0.9530086388285038,0.0469913611714961,0.9102354366727216,0.0897645633272781,31,0,5,36,2703.585246271725,0.0,242.68614904965324,736,65b71fc936f246948d18d1bd87290b69,ohare_filtered_vid_736_sr_10.0,graphium,online,native,30.0,,graphium,online,1768197457.5379462,1768197458.2160623,2,32,0.6781160831451416,47.18956060086667,5313.040838998859,5313.040838998859,7630.57699699857,9484.60592339834,9855.411708678294,9948.113154998282,678.1160831451416,678.1160831451416,678.1160831451416,678.1160831451416,678.1160831451416,678.1160831451416,16.0,334.984375,20.000000000014552
13.0,0.1664715330988368,0.2821693604779411,2.1306991984940096,151.655517578125,208.90234375,8528.118887093897,24725.230527405383,19532.46047794117,42300.75924565271,119393.66441931456,346153.22738367534,barefoot,online,ohare_filtered_vid_736_sr_10.0,cc9e666c6d8e4c7abab49533ab46acaf,736,native,,,1.0,0.993670046153758,0.9968249741934712,0.0031750258065288,0.993670046153758,0.0063299538462418,35,0,1,36,2703.585246271725,0.0,17.11356982828054,736,cc9e666c6d8e4c7abab49533ab46acaf,ohare_filtered_vid_736_sr_10.0,barefoot,online,native,,,barefoot,online,1768197460.1183877,1768197470.4895568,32,32,10.371169090270996,3.0854766440958534,324.5774982806324,334.51433849768364,336.5650687501329,337.59900529476,338.5903366580169,339.0178929985268,334.55384931256697,334.6672058105469,336.7196321487427,337.74852752685547,338.73138427734375,339.14780616760254,1.0,334.984375,50.0
19.0,0.236328745781611,0.6916478430523917,4.261037778730171,299.34108664772725,338.828125,707.4180784938229,383.1830246627523,1364.0703860319193,910.7897967535124,14148.36156987646,7663.660493255046,graphhopper,offline,ohare_filtered_vid_736_sr_10.0,74daf32fa7034b1ca64c3d1c8561296b,736,batches,5.0,50.0,0.9529090922531088,0.8583700056923695,0.9031723314970124,0.0968276685029875,0.8234405070485806,0.1840489648887414,29,1,7,36,2703.585246271725,114.68330302512624,382.9087630396578,736,74daf32fa7034b1ca64c3d1c8561296b,ohare_filtered_vid_736_sr_10.0,graphhopper,offline,batches,5.0,50.0,graphhopper,offline,1768197487.8897564,1768197496.987455,7,32,9.097698450088501,3.5173731219557745,1504.5774964289324,1684.558482003922,1685.7247709958756,1686.807966897322,1687.1266693787763,1687.20634499914,1516.2830352783203,1685.2056980133057,1685.9362721443176,1686.9975924491882,1687.2591376304626,1687.3245239257812,4.571428571428571,334.984375,30.000000000007276
18.0,0.2524835792662759,0.6266431676840215,4.170544838375221,330.4901413690476,379.6171875,463.6802783845093,164.81546995374478,809.2455525256462,369.5707830151928,8809.925289305676,3131.493929121151,graphhopper,offline,ohare_filtered_vid_736_sr_10.0,2b4ec2ac4195424f8b38e055a6d7d874,736,batches,10.0,50.0,0.9530718105240474,0.8614933911529352,0.904971687213905,0.095028312786095,0.82643679313768,0.1809255794281756,29,1,7,36,2703.585246271725,114.68330302512624,374.4644241900524,736,2b4ec2ac4195424f8b38e055a6d7d874,ohare_filtered_vid_736_sr_10.0,graphhopper,offline,batches,10.0,50.0,graphhopper,offline,1768197506.047165,1768197513.4596283,4,32,7.412463426589966,4.317053340892003,2631.399183499525,3241.7690785005107,3370.4306224990432,3371.8718285006616,3372.1600697009853,3372.2321300010663,2470.821221669515,3370.076894760132,3371.241331100464,3372.1728801727295,3372.3591899871826,3372.405767440796,8.0,334.984375,20.000000000007276
19.0,0.2165661907654271,0.6982491310231023,3.633074684285441,287.91477272727275,326.48046875,126.61538741644937,4.623789669218037,298.5228819652487,12.836527691350344,2532.307748328987,92.47579338436074,graphhopper,offline,ohare_filtered_vid_736_sr_10.0,d774c154fc824e58a54bc409d978921c,736,batches,30.0,50.0,0.9543134971624712,0.8860602945524534,0.9189212563206748,0.0810787436793253,0.8500039998874027,0.1563586760286575,32,1,4,36,2703.585246271725,114.68330302512624,308.04570661253257,736,d774c154fc824e58a54bc409d978921c,ohare_filtered_vid_736_sr_10.0,graphhopper,offline,batches,30.0,50.0,graphhopper,offline,1768197529.224084,1768197529.8941166,2,32,0.6700327396392822,47.75886028677863,5249.565411995718,5249.565411995718,7539.456018495912,9371.368503696067,9737.751000736098,9829.346624996106,670.0325012207031,670.0325012207031,670.0325012207031,670.0325012207031,670.0325012207031,670.0325012207031,16.0,334.984375,20.00000000000728
14.0,0.000953233810755,0.0014431350114416,0.0130524189260312,5.03564453125,6.49609375,498.36520341096303,884.7336625386286,853.9926773455377,1587.6663615560642,7475.478051164446,13271.004938079428,osrm,offline,ohare_filtered_vid_736_sr_10.0,e2724b2276934755a0078e0efa1e104f,736,batches,5.0,,1.0,0.7609669418528279,0.8642603376212901,0.1357396623787099,0.7609669418528279,0.2390330581471718,22,0,14,36,2703.585246271725,0.0,646.2462493779052,736,e2724b2276934755a0078e0efa1e104f,ohare_filtered_vid_736_sr_10.0,osrm,offline,batches,5.0,,osrm,offline,1768197532.1662822,1768197541.2226143,7,32,9.056332111358643,3.533439322511696,1485.5083535699773,1676.6531269968254,1677.2694355022395,1677.9230727996037,1677.9569089588767,1677.965367998695,1509.3887249628704,1676.7948865890503,1677.7251362800598,1678.0886054039001,1678.105628490448,1678.109884262085,4.571428571428571,334.984375,20.000000000014552
15.0,0.0008164840705951,0.0014324045454545,0.0121073806457005,4.2111672794117645,6.0390625,396.57525839425466,835.6392007871282,622.8813559322034,1629.624840764331,6345.204134308075,13370.22721259405,osrm,offline,ohare_filtered_vid_736_sr_10.0,32f1c3a7b3e84cb3b25c4a92bbcd8add,736,batches,10.0,,1.0,0.7609669418528279,0.8642603376212901,0.1357396623787099,0.7609669418528279,0.2390330581471718,22,0,14,36,2703.585246271725,0.0,646.2462493779052,736,32f1c3a7b3e84cb3b25c4a92bbcd8add,ohare_filtered_vid_736_sr_10.0,osrm,offline,batches,10.0,,osrm,offline,1768197545.162196,1768197552.53546,4,32,7.3732640743255615,4.340004600055921,2597.766473500087,3184.497188998648,3350.987880499815,3351.67610090175,3351.813744982137,3351.8481560022337,2457.754691441854,3350.841760635376,3351.418614387512,3351.880097389221,3351.972393989563,3351.9954681396484,8.0,334.984375,10.000000000007276
14.0,0.0003633357375125,0.0009645282258064,0.0044855078368822,2.100643382352941,2.1875,179.7244394312626,6.572978479311546,323.019227188082,13.691204330175912,2695.866591468939,98.5946771896732,osrm,offline,ohare_filtered_vid_736_sr_10.0,429adaece1c24dafa1500cc7d80740d7,736,batches,30.0,,1.0,0.7609669418528279,0.8642603376212901,0.1357396623787099,0.7609669418528279,0.2390330581471718,22,0,14,36,2703.585246271725,0.0,646.2462493779052,736,429adaece1c24dafa1500cc7d80740d7,ohare_filtered_vid_736_sr_10.0,osrm,offline,batches,30.0,,osrm,offline,1768197563.1397371,1768197563.8096807,2,32,0.6699435710906982,47.76521692402027,5192.609557496326,5192.609557496326,7454.005309748027,9263.121911549388,9624.94523190966,9715.401061999728,669.9435710906982,669.9435710906982,669.9435710906982,669.9435710906982,669.9435710906982,669.9435710906982,16.0,335.140625,9.999999999992724
20.0,1.1644721078106024,2.623197912141398,23.06009403697443,1451.133928571429,1471.9375,96.70456028728772,2.659982626582189,308.7758535835128,10.872974469394034,2030.7957660330424,55.859635158225984,graphium,online,ohare_filtered_vid_736_sr_20.0,5c7835c4edc94e079e6588fc1ad650fa,736,native,5.0,,1.0,0.9102354366727216,0.9530086388285038,0.0469913611714961,0.9102354366727216,0.0897645633272781,31,0,5,36,2703.585246271725,0.0,242.68614904965324,736,5c7835c4edc94e079e6588fc1ad650fa,ohare_filtered_vid_736_sr_20.0,graphium,online,native,5.0,,graphium,online,1768197585.034495,1768197585.034495,1,16,0.0,,10296.537323003577,10296.537323003577,10296.537323003577,10296.537323003577,10296.537323003577,10296.537323003577,,,,,,,16.0,335.15625,10.000000000007276
21.0,1.1485489197359615,2.849035419699175,24.008441523429138,1450.0514914772727,1494.65625,171.3609571123172,8.91845704871455,299.638989169675,25.27075812274368,3769.9410564709783,196.20605507172013,graphium,online,ohare_filtered_vid_736_sr_20.0,5e75fc11f68f4c62b62f383e6a5e78a1,736,native,10.0,,1.0,0.9102354366727216,0.9530086388285038,0.0469913611714961,0.9102354366727216,0.0897645633272781,31,0,5,36,2703.585246271725,0.0,242.68614904965324,736,5e75fc11f68f4c62b62f383e6a5e78a1,ohare_filtered_vid_736_sr_20.0,graphium,online,native,10.0,,graphium,online,1768197606.6950753,1768197606.6950753,1,16,0.0,,10284.59106200171,10284.59106200171,10284.59106200171,10284.59106200171,10284.59106200171,10284.59106200171,,,,,,,16.0,335.15625,0.0
20.0,1.2166244826453447,2.6393569214179813,24.298066965056744,1454.2892485119048,1483.30859375,97.12121113115889,3.0270999923691955,301.8555282555282,12.446928746928748,2039.5454337543365,63.56909983975311,graphium,online,ohare_filtered_vid_736_sr_20.0,907a50f145a04ce797ab118f987bb8fc,736,native,30.0,,1.0,0.9102354366727216,0.9530086388285038,0.0469913611714961,0.9102354366727216,0.0897645633272781,31,0,5,36,2703.585246271725,0.0,242.68614904965324,736,907a50f145a04ce797ab118f987bb8fc,ohare_filtered_vid_736_sr_20.0,graphium,online,native,30.0,,graphium,online,1768197628.3220203,1768197628.3220203,1,16,0.0,,10242.450338999332,10242.450338999332,10242.450338999332,10242.450338999332,10242.450338999332,10242.450338999332,,,,,,,16.0,335.15625,10.000000000007276
13.0,0.1435555603877343,0.2249314209993155,1.824429242701008,129.72705078125,180.21875,6938.679984360606,10212.197762276164,16106.70856060606,15991.971958389871,97141.51978104848,142970.7686718663,barefoot,online,ohare_filtered_vid_736_sr_20.0,eb89f36ec7994e9a90e9cee2a7cd7ea5,736,native,,,1.0,0.9433262071839792,0.9708367063612316,0.0291632936387684,0.9433262071839792,0.0566737928160205,34,0,2,36,2703.585246271725,0.0,153.22243010765368,736,eb89f36ec7994e9a90e9cee2a7cd7ea5,ohare_filtered_vid_736_sr_20.0,barefoot,online,native,,,barefoot,online,1768197630.2056522,1768197640.2261486,16,16,10.020496368408203,1.5967272889238784,627.2951775627007,667.8139420000662,669.6542127501743,673.7744319998455,676.483117600219,677.1602890003123,668.0330912272135,668.0991649627686,669.8163747787476,674.2013454437256,676.7285060882568,677.3602962493896,1.0,335.15625,29.999999999992724
18.0,0.253225280475623,0.6932003465587043,4.32704192579797,329.29966517857144,383.21484375,350.26087259402857,152.10306895597958,579.2038992688871,342.33233143785543,6654.956579286542,2889.958310163612,graphhopper,offline,ohare_filtered_vid_736_sr_20.0,975119ccd0dc451b8e90c87504c2101f,736,batches,5.0,50.0,0.9140498677863748,0.5627757699399895,0.6966362242992628,0.3033637757007372,0.5344910126297817,0.4901432813477805,22,1,14,36,2703.585246271725,143.07116630831226,1182.0729777027584,736,975119ccd0dc451b8e90c87504c2101f,ohare_filtered_vid_736_sr_20.0,graphhopper,offline,batches,5.0,50.0,graphhopper,offline,1768197658.9782567,1768197666.3596053,4,16,7.381348609924316,2.1676255716316932,2540.5544582536095,3068.496863503242,3355.8283507554734,3356.478277354472,3356.608262674272,3356.6407590042218,2460.449536641439,3355.727195739746,3356.2819957733154,3356.725835800171,3356.814603805542,3356.8367958068848,4.0,335.15625,10.0
18.0,0.2464389589300427,0.700072420501139,3.982267799169673,321.30580357142856,360.78515625,308.1848830528693,102.76720737714167,442.0332243296272,229.1,5855.512778004516,1952.576940165692,graphhopper,offline,ohare_filtered_vid_736_sr_20.0,be4774032bbc4a738094ba5e00862691,736,batches,10.0,50.0,0.8308883456657745,0.6958257395143569,0.7573828042708257,0.2426171957291742,0.6095061350140013,0.4457964682725632,28,3,8,36,2703.585246271725,382.88771151714616,822.3610429445969,736,be4774032bbc4a738094ba5e00862691,ohare_filtered_vid_736_sr_20.0,graphhopper,offline,batches,10.0,50.0,graphhopper,offline,1768197678.4249768,1768197682.4492671,2,16,4.024290323257446,3.9758562913644018,5070.6710439990275,5070.6710439990275,5593.958410998312,6012.588304597739,6096.314283317624,6117.245777997596,4024.2903232574463,4024.2903232574463,4024.2903232574463,4024.2903232574463,4024.2903232574463,4024.2903232574463,8.0,335.15625,10.0
19.0,0.1908931916462462,0.5334740361219197,3.345219732924924,289.58203125,320.51171875,132.89421389154433,4.631762617220187,301.5997340425532,13.349027237354084,2657.8842778308867,92.63525234440374,graphhopper,offline,ohare_filtered_vid_736_sr_20.0,6ff1aeae3a64453d9729ae53cb5a9751,736,batches,30.0,50.0,0.9090003257678008,0.8860602945524534,0.8973837287505066,0.1026162712494933,0.8138676638007386,0.2026428619466964,32,2,4,36,2703.585246271725,239.8165452088339,308.04570661253257,736,6ff1aeae3a64453d9729ae53cb5a9751,ohare_filtered_vid_736_sr_20.0,graphhopper,offline,batches,30.0,50.0,graphhopper,offline,1768197698.5169363,1768197698.5169363,1,16,0.0,,10143.15918700595,10143.15918700595,10143.15918700595,10143.15918700595,10143.15918700595,10143.15918700595,,,,,,,16.0,335.15625,10.000000000007276
13.0,0.0006391045039011,0.0013036047678018,0.0079805765530687,3.60205078125,4.47265625,327.30531226227,502.5800335328407,549.2298114861902,845.4556206256249,4582.27437167178,7036.120469459769,osrm,offline,ohare_filtered_vid_736_sr_20.0,f9b9d777bfd9494ab19ec3e84dcbacac,736,batches,5.0,,0.971790254845869,0.4786207265709205,0.6413616055147799,0.35863839448522,0.4720620351361319,0.5352729800748539,14,1,22,36,2703.585246271725,37.56282030354315,1409.593311354731,736,f9b9d777bfd9494ab19ec3e84dcbacac,ohare_filtered_vid_736_sr_20.0,osrm,offline,batches,5.0,,osrm,offline,1768197702.115909,1768197709.4724631,4,16,7.35655403137207,2.1749313512505855,2507.9401797484024,3009.735778497998,3343.926988498424,3343.968315297388,3343.976580657181,3343.978646997129,2452.1846771240234,3344.022035598755,3344.0574407577515,3344.0857648849487,3344.091429710388,3344.092845916748,4.0,335.15625,20.000000000014552
13.0,0.0006021765852649,0.0011294600840336,0.0073010121096761,2.977783203125,3.7578125,295.9535134210531,476.1134058872114,450.4414678423237,813.975,4143.349187894743,6665.58768242096,osrm,offline,ohare_filtered_vid_736_sr_20.0,950487652d8d4272a59ad7a9c7aad528,736,batches,10.0,,0.977554400240586,0.6051009646793787,0.7475021078162057,0.2524978921837942,0.5968090744750857,0.4087927419663956,16,1,20,36,2703.585246271725,37.56282030354315,1067.6432056597685,736,950487652d8d4272a59ad7a9c7aad528,ohare_filtered_vid_736_sr_20.0,osrm,offline,batches,10.0,,osrm,offline,1768197716.398497,1768197720.4115596,2,16,4.013062477111816,3.9869800411169103,5015.422835000209,5015.422835000209,5516.686914001185,5917.698177201965,5997.900429842121,6017.95099300216,4013.062477111816,4013.062477111816,4013.062477111816,4013.062477111816,4013.062477111816,4013.062477111816,8.0,335.15625,9.999999999992724
14.0,0.0004745010426216,0.001278826744186,0.0062963116341564,2.176513671875,2.20703125,174.98383474227427,6.740680339289909,314.35911193339496,12.6,2624.757521134114,101.11020508934864,osrm,offline,ohare_filtered_vid_736_sr_20.0,30bb088b787544beb071f0a195379ccc,736,batches,30.0,,1.0,0.6911739744985167,0.8173895588754793,0.1826104411245207,0.6911739744985167,0.3088260255014832,18,0,18,36,2703.585246271725,0.0,834.9374862105454,736,30bb088b787544beb071f0a195379ccc,ohare_filtered_vid_736_sr_20.0,osrm,offline,batches,30.0,,osrm,offline,1768197731.3174677,1768197731.3174677,1,16,0.0,,10027.867034004885,10027.867034004885,10027.867034004885,10027.867034004885,10027.867034004885,10027.867034004885,,,,,,,16.0,335.15625,10.000000000007276
21.0,1.208419403773164,2.7589558177191766,25.328917467203663,1446.4279119318182,1482.69921875,2835.676778998421,3079.8518563293765,6583.416583416584,7734.647585747585,62384.889137965256,67756.74083924628,graphium,online,ohare_filtered_vid_876_sr_1.0,89317eb00da8457c8d9133ea9f58f980,876,native,5.0,,0.7104090163148472,0.6142007594467934,0.658811017890216,0.341188982109784,0.4912141589873936,0.6361719104146145,26,7,8,34,2235.177920501116,559.6274635711344,862.3299442306259,876,89317eb00da8457c8d9133ea9f58f980,ohare_filtered_vid_876_sr_1.0,graphium,online,native,5.0,,graphium,online,1768197743.389506,1768197752.609557,61,286,9.220050811767578,31.01935182775537,170.08999045916784,176.98863099940354,178.13783600286115,182.97420700400835,595.0126802024884,1163.8183969989768,153.66751750310263,177.1179437637329,178.23487520217896,181.0539722442627,196.62914276123038,215.97647666931152,4.688524590163935,338.61328125,130.0
20.0,1.2144167275488076,2.710935808513532,24.202892215846678,1452.045758928571,1503.93359375,1777.9089300124822,2060.00107186461,4029.751712328767,4968.850513698631,37336.08753026213,43260.022509156806,graphium,online,ohare_filtered_vid_876_sr_1.0,7df53b96fe484238b7c139039988853d,876,native,10.0,,0.9143064796252844,0.894828688764579,0.9044627317926784,0.0955372682073216,0.8255882826083064,0.189039272560549,31,1,3,34,2235.177920501116,187.45981539136804,235.07659274356365,876,7df53b96fe484238b7c139039988853d,ohare_filtered_vid_876_sr_1.0,graphium,online,native,10.0,,graphium,online,1768197765.1792,1768197774.2125134,27,286,9.033313512802124,31.660586073391258,377.1625563701188,351.63297800318105,353.037917499023,365.9992976987269,949.55812925822,1153.9762649990737,347.435135107774,351.78112983703613,353.0626893043518,360.3448867797852,366.4634227752686,367.9277896881104,10.592592592592593,338.61328125,100.0
20.0,1.2422573729740998,2.811046788263283,24.68093989257526,1447.9220610119048,1489.0546875,1345.8618972373974,1378.0234435131777,3311.199207135778,3606.4186323092167,28263.099841985342,28938.49231377673,graphium,online,ohare_filtered_vid_876_sr_1.0,7da747ed5009487f909ae6ccdb9608ef,876,native,30.0,,0.8365150275110372,0.8466488349000152,0.8415514249504639,0.1584485750495361,0.7264469421221209,0.3188166462082902,29,3,5,34,2235.177920501116,369.8447899783792,342.7671383146071,876,7da747ed5009487f909ae6ccdb9608ef,ohare_filtered_vid_876_sr_1.0,graphium,online,native,30.0,,graphium,online,1768197786.7500808,1768197795.7707336,10,286,9.020652770996094,31.70502260319447,1018.4344589004468,1046.8818264998845,1061.255611499291,1150.9655156001825,1162.1684391203596,1164.969170000404,1002.2947523328993,1046.6434955596924,1048.8691329956057,1106.6167831420898,1128.5052871704102,1133.9774131774902,28.6,338.61328125,79.99999999999272
14.0,0.4057231955596169,0.6267167626791277,5.817139967327108,284.4765625,373.47265625,17577.48873913028,765397.2231024954,26521.58654205607,1518324.47666709,263662.3310869542,11480958.346537432,barefoot,online,ohare_filtered_vid_876_sr_1.0,4c03df0ae0f04553af59a3c9386329a5,876,native,,,1.0,0.994252777834078,0.99711810747875,0.00288189252125,0.994252777834078,0.005747222165922,33,0,1,34,2235.177920501116,0.0,12.846064089483562,876,4c03df0ae0f04553af59a3c9386329a5,ohare_filtered_vid_876_sr_1.0,barefoot,online,native,,,barefoot,online,1768197797.6985152,1768197807.5726967,286,286,9.874181509017944,28.96442603762149,34.4884670244632,34.52815349737648,35.4807437506679,37.771903749671765,40.33976575155975,44.28754399850732,34.646250908834894,34.65700149536133,35.6442928314209,37.926340103149414,40.46609878540039,44.42882537841797,1.0,339.55078125,710.0
18.0,0.3133657691551355,0.6264413186890656,5.354819069901158,337.2870163690476,385.4296875,5306.80071412463,3157.458828044726,10822.848456501402,6661.482694106641,100829.21356836797,59991.71773284979,graphhopper,offline,ohare_filtered_vid_876_sr_1.0,4c02ae83351a4f3281b5a0d587dc15c3,876,batches,5.0,50.0,0.5212686484987478,0.7464540832131307,0.613861535159904,0.3861384648400959,0.4428572979761576,0.9390868046177792,29,22,5,34,2235.177920501116,1532.3058560803822,566.7202350352234,876,4c02ae83351a4f3281b5a0d587dc15c3,ohare_filtered_vid_876_sr_1.0,graphhopper,offline,batches,5.0,50.0,graphhopper,offline,1768197823.810327,1768197833.970301,58,286,10.159973859786987,28.149678724271467,179.39660639691786,180.42393300129334,181.62271900109772,184.03258024845852,213.9516413689125,253.2461640003021,178.2451554348594,180.553674697876,181.7500591278076,183.9087963104248,184.48126792907715,184.48567390441892,4.931034482758621,339.70703125,219.99999999998545
19.0,0.3152988595593539,0.6390596921427564,5.743371258628937,361.3439360119048,391.04296875,3285.8663848447745,1343.1648221779224,7380.183219895289,3060.3657068062826,65717.32769689549,26863.296443558447,graphhopper,offline,ohare_filtered_vid_876_sr_1.0,2263570565604aabb0f8acee140e6206,876,batches,10.0,50.0,0.532330582549595,0.663969098438393,0.5909072159489912,0.4090927840510088,0.419352950094733,0.9193489592702756,27,24,7,34,2235.177920501116,1303.8196432200125,751.0888517765875,876,2263570565604aabb0f8acee140e6206,ohare_filtered_vid_876_sr_1.0,graphhopper,offline,batches,10.0,50.0,graphhopper,offline,1768197840.3236136,1768197850.1317022,29,286,9.808088541030884,29.159606257993655,352.3200762067753,354.56219100160524,356.866212998284,362.13744700216915,399.4034876397927,413.326658999722,350.2888764653887,354.4425964355469,356.9737672805786,359.97865200042725,362.77858495712286,363.7621402740479,9.862068965517242,339.70703125,169.99999999999272
18.0,0.3014639791371614,0.7662864493261455,5.1836078604793805,332.02269345238096,382.7265625,2806.947564994528,526.5725714698336,6122.807017543859,1167.155380989788,53332.00373489603,10004.878857926838,graphhopper,offline,ohare_filtered_vid_876_sr_1.0,d17cf9f663354b6f861dc621edc7be14,876,batches,30.0,50.0,0.6572927340862209,0.7283786753469419,0.6910123247252926,0.3089876752747074,0.527898266559519,0.6513922416784492,29,10,5,34,2235.177920501116,848.8555685836159,607.1219876017808,876,d17cf9f663354b6f861dc621edc7be14,ohare_filtered_vid_876_sr_1.0,graphhopper,offline,batches,30.0,50.0,graphhopper,offline,1768197857.1691976,1768197866.1636767,10,286,8.994479179382324,31.79728301062568,1009.9279416986974,1051.5613124989613,1060.2202872541966,1086.377717346113,1102.323887467137,1106.310429997393,999.3865754869249,1051.5363216400146,1056.1039447784424,1062.0742797851562,1062.1939849853516,1062.2239112854004,28.6,339.70703125,149.99999999998545
13.0,0.003950885374862,0.0055137070881699,0.0531167060075627,14.690673828125,19.19140625,3913.484712344159,7533.968201077614,5977.466881267797,11582.270645041475,54788.78597281822,105475.5548150866,osrm,offline,ohare_filtered_vid_876_sr_1.0,2159fdff2df949e882bb66e98a845e1e,876,batches,5.0,,0.7210798296504147,0.8825102161887854,0.7936695765919853,0.2063304234080146,0.6579205507805915,0.4588526811120038,33,9,1,34,2235.177920501116,763.0068109250147,262.61057065927577,876,2159fdff2df949e882bb66e98a845e1e,ohare_filtered_vid_876_sr_1.0,osrm,offline,batches,5.0,,osrm,offline,1768197867.2292666,1768197877.0541077,58,286,9.824841022491455,29.10988578291255,171.6889047580982,174.64800449670292,174.866419250975,175.30333699942275,175.5229143518227,175.69217299751472,172.3656319735343,174.7760772705078,175.04167556762695,175.44937133789062,175.6960678100586,175.84466934204102,4.931034482758621,339.70703125,140.0
13.0,0.0024650764338848,0.0038629899839248,0.0324821926771269,12.377685546875,15.984375,2085.1950301081733,4605.870663454159,3367.901075800667,7448.042463212562,29192.73042151443,64482.18928835822,osrm,offline,ohare_filtered_vid_876_sr_1.0,5cb9210eba7f4b4695c29defcfd477be,876,batches,10.0,,0.7837805605495065,0.9786731152244892,0.8704512049186418,0.1295487950813582,0.7706185059990664,0.291310810162419,33,8,1,34,2235.177920501116,603.4621089150385,47.66938196329277,876,5cb9210eba7f4b4695c29defcfd477be,ohare_filtered_vid_876_sr_1.0,osrm,offline,batches,10.0,,osrm,offline,1768197878.2779386,1768197887.8645692,29,286,9.586630582809448,29.833213821011253,341.2786068282881,347.01800200127764,347.29746399534633,348.08564439881593,348.3222345559625,348.3991429966409,342.379663671766,347.1410274505615,347.47207164764404,348.25223684310913,348.4817171096802,348.55008125305176,9.862068965517242,339.70703125,119.99999999999272
14.0,0.0014137264643061,0.0021494028479559,0.0204407582559612,9.650146484375,12.828125,1207.6469995170442,3236.3357132340648,1966.453123564538,5257.607234726687,18114.70499275566,48545.03569851097,osrm,offline,ohare_filtered_vid_876_sr_1.0,aaf358a67a8a4cf39c2d7ed72d979732,876,batches,30.0,,0.8116606558534276,0.9017744392588029,0.8543478943422889,0.1456521056577111,0.7457306542912638,0.3074750854450482,32,6,2,34,2235.177920501116,467.70991749340095,219.5516045975649,876,aaf358a67a8a4cf39c2d7ed72d979732,ohare_filtered_vid_876_sr_1.0,osrm,offline,batches,30.0,,osrm,offline,1768197889.7515452,1768197898.6077242,10,286,8.856178998947144,32.293836883152515,985.9571662993403,1037.5640610000119,1038.075440497778,1038.3557609475247,1038.5173609891353,1038.557760999538,984.0198887719048,1037.8596782684326,1038.2537841796875,1038.5587215423584,1038.7067317962646,1038.7437343597412,28.6,339.70703125,100.0
19.0,1.1815336685180533,2.4894197603040054,22.25521534829053,1454.92421875,1486.0234375,463.3896422683282,1084.695322309091,1033.9200820472747,3046.55,9267.792845366565,21693.906446181816,graphium,online,ohare_filtered_vid_876_sr_5.0,27ee3d3ab4c14fd6b86e5fb803005f64,876,native,5.0,,1.0,0.9884302069388884,0.9941814437234272,0.0058185562765729,0.9884302069388884,0.0115697930611114,33,0,1,34,2235.177920501116,0.0,25.86054599496329,876,27ee3d3ab4c14fd6b86e5fb803005f64,ohare_filtered_vid_876_sr_5.0,graphium,online,native,5.0,,graphium,online,1768197914.650796,1768197919.4023068,8,58,4.751510858535767,12.206643681726401,1237.1111563725208,844.7436814967659,846.9826212476619,3643.186745951241,4845.687497993057,5146.312686003512,678.7872655051095,844.273567199707,845.5324172973633,849.9284505844116,851.4201307296753,851.7930507659912,7.25,339.00390625,30.0
20.0,1.2424721319799863,2.6472067457119834,24.756321647093955,1441.2987351190477,1477.34375,407.5212587955784,1069.9777164957263,877.5625,2778.416666666667,8557.946434707146,22469.53204641025,graphium,online,ohare_filtered_vid_876_sr_5.0,61989e943ef34442ac99e57d0744c928,876,native,10.0,,1.0,0.9826698484496232,0.9912591843952596,0.0087408156047403,0.9826698484496232,0.0173301515503765,32,0,2,34,2235.177920501116,0.0,38.73597210433982,876,61989e943ef34442ac99e57d0744c928,ohare_filtered_vid_876_sr_5.0,graphium,online,native,10.0,,graphium,online,1768197935.974903,1768197940.7279532,4,58,4.753050088882446,12.202690675544124,2478.3124789992144,1701.5497999964282,2576.896131497051,4643.922443901828,5057.327706382784,5160.679022003023,1584.3499501546223,1687.621831893921,1701.7121315002441,1712.9843711853027,1715.2388191223145,1715.8024311065674,14.5,339.00390625,30.0
20.0,1.236414873376506,2.608390291684806,24.608890105523564,1445.7232142857142,1478.71484375,263.52071227919834,577.695341616685,493.4879187817259,1625.8956922633624,5533.9349578631645,12131.602173950389,graphium,online,ohare_filtered_vid_876_sr_5.0,7834b2e4ecb943cd9768421561d3c0f1,876,native,30.0,,1.0,1.0,1.0,0.0,1.0,0.0,34,0,0,34,2235.177920501116,0.0,0.0,876,7834b2e4ecb943cd9768421561d3c0f1,ohare_filtered_vid_876_sr_5.0,graphium,online,native,30.0,,graphium,online,1768197957.2717512,1768197962.005786,2,58,4.734034776687622,12.251705518856006,4941.254359498998,4941.254359498998,5044.946401749257,5127.9000355494645,5144.490762309506,5148.638443999516,4734.034776687622,4734.034776687622,4734.034776687622,4734.034776687622,4734.034776687622,4734.034776687622,29.0,339.00390625,20.000000000007276
14.0,0.1934332419351371,0.3144210669269908,2.7458703459312024,181.6953125,219.73828125,8958.576077421423,65597.61876732862,16029.714054404143,117147.04476987448,134378.64116132134,983964.2815099292,barefoot,online,ohare_filtered_vid_876_sr_5.0,b7b64d8699344d8bb3705255b0a5913d,876,native,,,1.0,1.0,1.0,0.0,1.0,0.0,34,0,0,34,2235.177920501116,0.0,0.0,876,b7b64d8699344d8bb3705255b0a5913d,ohare_filtered_vid_876_sr_5.0,barefoot,online,native,,,barefoot,online,1768197963.933419,1768197973.5014,58,58,9.567981004714966,6.061884944317764,165.2855586724964,167.8896015000646,169.02359325104044,171.00008319612243,172.0921591998922,172.66902200208278,167.85931587219238,168.10846328735352,169.18420791625977,171.17953300476074,172.2579002380371,172.8353500366211,1.0,339.16015625,110.00000000000728
18.0,0.2717085205062417,0.6912746089467724,4.697792150433994,309.76153273809524,353.0625,1173.1595936182532,666.8070871480395,2381.0032017075773,1536.552828175027,22290.03227874681,12669.33465581275,graphhopper,offline,ohare_filtered_vid_876_sr_5.0,20dec13c0f7f433380dd867f43d3a495,876,batches,5.0,50.0,0.6872368462958452,0.7924491968159841,0.7361024852598864,0.2638975147401136,0.5824067827297262,0.5681963525057357,29,8,5,34,2235.177920501116,806.106968970905,463.9129726591846,876,20dec13c0f7f433380dd867f43d3a495,ohare_filtered_vid_876_sr_5.0,graphhopper,offline,batches,5.0,50.0,graphhopper,offline,1768197990.230759,1768197999.2310622,12,58,9.000303268432617,6.444227296587592,813.9938112484136,848.5425814978953,850.0552869954845,853.4054630024912,855.1727494026272,855.6145710026613,818.2094097137451,848.7401008605957,850.2277135848999,853.7638187408447,855.3429126739502,855.7376861572266,4.833333333333333,339.16015625,60.0
18.0,0.2765234610081437,0.5930080873862158,4.660937671768515,314.2061011904762,361.75,867.2845024218379,337.9693130480365,1748.784248606334,813.761119677381,16478.40554601492,6421.416947912694,graphhopper,offline,ohare_filtered_vid_876_sr_5.0,ca2c59a848444190ba56d42288f50ea4,876,batches,10.0,50.0,1.0,1.0,1.0,0.0,1.0,0.0,34,0,0,34,2235.177920501116,0.0,0.0,876,ca2c59a848444190ba56d42288f50ea4,ohare_filtered_vid_876_sr_5.0,graphhopper,offline,batches,10.0,50.0,graphhopper,offline,1768198006.8318062,1768198014.9760287,6,58,8.144222497940063,7.121612899778962,1629.3215056660604,1690.5774465012655,1697.873912000432,1707.427689249016,1709.4546226486273,1709.96135599853,1628.8444995880127,1692.1753883361816,1699.984788894653,1708.1278324127197,1709.756441116333,1710.1635932922363,9.666666666666666,339.16015625,40.0
18.0,0.2745043415244004,0.5717764683374083,4.656251554344158,327.67299107142856,383.43359375,513.3214738111333,96.04114466837568,922.5198298655018,206.73333333333332,9753.108002411533,1824.7817486991376,graphhopper,offline,ohare_filtered_vid_876_sr_5.0,a082296228df488e9e5ed966f5a05b1b,876,batches,30.0,50.0,1.0,1.0,1.0,0.0,1.0,0.0,34,0,0,34,2235.177920501116,0.0,0.0,876,a082296228df488e9e5ed966f5a05b1b,ohare_filtered_vid_876_sr_5.0,graphhopper,offline,batches,30.0,50.0,graphhopper,offline,1768198025.8968031,1768198030.6184208,2,58,4.721617698669434,12.283925489423801,4861.517561002984,4861.517561002984,4931.5731525020965,4987.617625701387,4998.826520341245,5001.628744001209,4721.617698669434,4721.617698669434,4721.617698669434,4721.617698669434,4721.617698669434,4721.617698669434,29.0,339.16015625,39.99999999998545
13.0,0.0011655177028738,0.0016214766454633,0.0151914280950108,6.981510416666667,9.55078125,876.4011494914181,1634.2217083653538,1472.694824509221,2844.702819750149,12269.616092879853,22879.103917114957,osrm,offline,ohare_filtered_vid_876_sr_5.0,778148cd14104398ad92e9207b5ce119,876,batches,5.0,,0.7231776478481278,0.7114710883985785,0.7172766060716803,0.2827233939283197,0.5591826027862735,0.5608701555054479,22,7,12,34,2235.177920501116,608.7311352160891,644.9134526377155,876,778148cd14104398ad92e9207b5ce119,ohare_filtered_vid_876_sr_5.0,osrm,offline,batches,5.0,,osrm,offline,1768198032.245444,1768198041.1564486,12,58,8.911004543304443,6.508806018237313,798.6248676667552,840.6083385016245,840.7791862500744,840.9598469479533,841.0225781910412,841.0382610018132,810.0913221185857,840.766191482544,840.9076929092407,841.1167860031128,841.1773443222046,841.1924839019775,4.833333333333333,339.16015625,40.0
13.0,0.0008391051188732,0.0014847197478415,0.0106870174666949,5.418701171875,6.90625,539.748705421337,1065.075879184831,873.9821296423188,1737.746169658764,7556.4818758987185,14911.062308587629,osrm,offline,ohare_filtered_vid_876_sr_5.0,340813284eed46eda7681a050f953c67,876,batches,10.0,,1.0,0.8997762947134235,0.9472444700118258,0.0527555299881742,0.8997762947134236,0.1002237052865764,28,0,6,34,2235.177920501116,0.0,224.01781316736668,876,340813284eed46eda7681a050f953c67,ohare_filtered_vid_876_sr_5.0,osrm,offline,batches,10.0,,osrm,offline,1768198043.5846398,1768198051.645355,6,58,8.060715198516846,7.1953912986122965,1595.4374025010718,1678.9284240003326,1679.087029002403,1679.184932003409,1679.2058280036144,1679.2110520036658,1612.1430397033691,1679.1400909423828,1679.2230606079102,1679.3113708496094,1679.3290328979492,1679.3334484100342,9.666666666666666,339.16015625,20.0
13.0,0.0006895423007332,0.0010960533700137,0.0087870755038212,3.410416666666667,4.30078125,352.0062096129897,712.9920390045211,542.4591987620357,1176.5789030261349,4928.086934581856,9981.888546063296,osrm,offline,ohare_filtered_vid_876_sr_5.0,64d5fda3b82f449d86ad8bdb06378abc,876,batches,30.0,,1.0,0.8997762947134235,0.9472444700118258,0.0527555299881742,0.8997762947134236,0.1002237052865764,28,0,6,34,2235.177920501116,0.0,224.01781316736668,876,64d5fda3b82f449d86ad8bdb06378abc,ohare_filtered_vid_876_sr_5.0,osrm,offline,batches,30.0,,osrm,offline,1768198057.41343,1768198062.113403,2,58,4.699973106384277,12.340496144800243,4783.232336001674,4783.232336001674,4824.931354001819,4858.290568401935,4864.962411281958,4866.630372001964,4699.973106384277,4699.973106384277,4699.973106384277,4699.973106384277,4699.973106384277,4699.973106384277,29.0,339.16015625,20.0
20.0,1.126918783379573,2.542762250251144,22.35066831814745,1445.7338169642858,1483.91796875,111.3246682389776,2.9954257623527734,301.41616815988976,11.578221915920054,2337.8180330185296,62.90394100940824,graphium,online,ohare_filtered_vid_876_sr_10.0,cd28e4d18e414561927e8c8b33ed5c4a,876,native,5.0,,1.0,1.0,1.0,0.0,1.0,0.0,34,0,0,34,2235.177920501116,0.0,0.0,876,cd28e4d18e414561927e8c8b33ed5c4a,ohare_filtered_vid_876_sr_10.0,graphium,online,native,5.0,,graphium,online,1768198082.957983,1768198082.957983,1,30,0.0,,9896.674544994312,9896.674544994312,9896.674544994312,9896.674544994312,9896.674544994312,9896.674544994312,,,,,,,30.0,339.03515625,10.000000000014552
20.0,1.155663249598624,2.8197360809164023,22.94000109219934,1442.102492559524,1487.36328125,112.7348754253362,2.970391167680408,303.12858237547897,12.095048041389504,2367.4323839320605,62.37821452128856,graphium,online,ohare_filtered_vid_876_sr_10.0,9d5a780af7b94ad8ae0f732142a5717d,876,native,10.0,,1.0,1.0,1.0,0.0,1.0,0.0,34,0,0,34,2235.177920501116,0.0,0.0,876,9d5a780af7b94ad8ae0f732142a5717d,ohare_filtered_vid_876_sr_10.0,graphium,online,native,10.0,,graphium,online,1768198104.239703,1768198104.239703,1,30,0.0,,9904.923743997642,9904.923743997642,9904.923743997642,9904.923743997642,9904.923743997642,9904.923743997642,,,,,,,30.0,339.03515625,10.0
20.0,1.1627503985886165,2.7793017099430024,23.09570729166261,1452.608444940476,1487.1015625,94.89630018095812,2.831995899860821,296.5361504327417,10.759843039460172,1992.8223038001204,59.47191389707723,graphium,online,ohare_filtered_vid_876_sr_10.0,4500649681e546c287780d13bde7b927,876,native,30.0,,1.0,1.0,1.0,0.0,1.0,0.0,34,0,0,34,2235.177920501116,0.0,0.0,876,4500649681e546c287780d13bde7b927,ohare_filtered_vid_876_sr_10.0,graphium,online,native,30.0,,graphium,online,1768198125.5239308,1768198125.5239308,1,30,0.0,,9900.881098001264,9900.881098001264,9900.881098001264,9900.881098001264,9900.881098001264,9900.881098001264,,,,,,,30.0,339.03515625,9.999999999985448
13.0,0.1558300132723359,0.2521086162975671,1.9951776637957672,150.7119140625,205.33203125,7969.501487475136,25393.9726301877,14761.981832178602,49089.59881129271,111573.0208246519,355515.61682262784,barefoot,online,ohare_filtered_vid_876_sr_10.0,93fd9628527f44eb83700e61c69c8bc2,876,native,,,1.0,1.0,1.0,0.0,1.0,0.0,34,0,0,34,2235.177920501116,0.0,0.0,876,93fd9628527f44eb83700e61c69c8bc2,ohare_filtered_vid_876_sr_10.0,barefoot,online,native,,,barefoot,online,1768198127.4528842,1768198137.14833,30,30,9.695445775985718,3.094236272694739,323.93068863408797,334.6835004995228,336.02610299931257,338.2859499488404,339.28012326869066,339.28865999769187,334.3257164133006,334.8565101623535,336.26317977905273,338.54613304138184,339.41664695739746,339.42198753356934,1.0,339.03515625,59.99999999998545
18.0,0.2875764871918941,0.7341155113772455,4.948849122514252,331.9748883928572,384.96484375,637.5215520454078,336.5496760610784,1043.8998678396715,696.2366163010888,12112.909488862748,6394.44384516049,graphhopper,offline,ohare_filtered_vid_876_sr_10.0,d9c30262bee5414d836b7437d09373b3,876,batches,5.0,50.0,1.0,0.9830659759975048,0.9914606855205726,0.0085393144794273,0.9830659759975048,0.0169340240024951,32,0,2,34,2235.177920501116,0.0,37.8505565556132,876,d9c30262bee5414d836b7437d09373b3,ohare_filtered_vid_876_sr_10.0,graphhopper,offline,batches,5.0,50.0,graphhopper,offline,1768198154.6027403,1768198163.0508947,7,30,8.44815444946289,3.551071441633896,1412.5047711443456,1682.9802510037553,1688.7297475004743,1701.08965060208,1703.5487837227993,1704.163567002979,1408.0257415771484,1683.429479598999,1691.4907097816467,1701.7738223075867,1703.824269771576,1704.3368816375732,4.285714285714286,339.03515625,20.0
18.0,0.3086825523076609,0.752875291187335,5.326073730362708,339.4300595238095,395.26171875,449.3545804262327,162.5456988227032,774.4507366684993,348.76,8537.737028098421,3088.368277631361,graphhopper,offline,ohare_filtered_vid_876_sr_10.0,045965b8675b463bb9e726f019dbc360,876,batches,10.0,50.0,1.0,0.9884302069388884,0.9941814437234272,0.0058185562765729,0.9884302069388884,0.0115697930611114,33,0,1,34,2235.177920501116,0.0,25.86054599496329,876,045965b8675b463bb9e726f019dbc360,ohare_filtered_vid_876_sr_10.0,graphhopper,offline,batches,10.0,50.0,graphhopper,offline,1768198172.1282148,1768198178.8654788,4,30,6.737263917922974,4.452846194757453,2467.6783650011203,3247.7340684999945,3364.9291714991705,3373.0276607009732,3374.6473585413337,3375.052283001424,2245.7546393076577,3361.722946166992,3368.4961795806885,3373.9147663116455,3374.998483657837,3375.2694129943848,7.5,339.03515625,20.000000000014552
19.0,0.243448774818938,0.6107043000000001,4.262163380322914,333.9215029761905,364.4375,136.31866840755697,4.889585050469259,314.091478066499,12.137769900096682,2726.3733681511394,97.79170100938518,graphhopper,offline,ohare_filtered_vid_876_sr_10.0,af4ff1932c77470e929101d2202707e0,876,batches,30.0,50.0,1.0,1.0,1.0,0.0,1.0,0.0,34,0,0,34,2235.177920501116,0.0,0.0,876,af4ff1932c77470e929101d2202707e0,ohare_filtered_vid_876_sr_10.0,graphhopper,offline,batches,30.0,50.0,graphhopper,offline,1768198194.6517613,1768198194.6522253,2,30,0.0004639625549316406,64660.390544707094,4928.156388999923,4928.156388999923,7392.075559497243,9363.2108958951,9757.43796317467,9855.994729994563,0.4639625549316406,0.4639625549316406,0.4639625549316406,0.4639625549316406,0.4639625549316406,0.4639625549316406,15.0,339.03515625,9.999999999985448
13.0,0.0008741350760252,0.0013215502071823,0.011277321520154,4.834895833333333,6.03125,470.1296091471305,770.0226363570512,746.6583614390108,1214.2690415964023,6581.814528059827,10780.316908998717,osrm,offline,ohare_filtered_vid_876_sr_10.0,5577efdf75924976b7dbae4899298415,876,batches,5.0,,1.0,0.7598575569499351,0.8635443862477918,0.1364556137522081,0.7598575569499351,0.2401424430500648,22,0,12,34,2235.177920501116,0.0,536.7610864807016,876,5577efdf75924976b7dbae4899298415,ohare_filtered_vid_876_sr_10.0,osrm,offline,batches,5.0,,osrm,offline,1768198196.9092371,1768198205.2959216,7,30,8.38668441772461,3.57709894706391,1389.7932667137607,1676.7917269971804,1677.2275475013885,1677.553842697671,1677.6059061365959,1677.6189219963271,1397.7807362874348,1677.079677581787,1677.492618560791,1677.7438521385193,1677.78662443161,1677.7973175048828,4.285714285714286,339.03515625,30.000000000014552
13.0,0.0003369800775442,0.000559213884635,0.0044815472195285,3.73828125,4.765625,357.9696661435115,668.9151696182289,598.0750414593698,1166.7241293532338,5011.5753260091615,9364.812374655205,osrm,offline,ohare_filtered_vid_876_sr_10.0,4ac1d104f7f642b8ae9c19b6c12283d1,876,batches,10.0,,1.0,0.8477388638923464,0.9175959660301194,0.0824040339698806,0.8477388638923464,0.1522611361076534,24,0,10,34,2235.177920501116,0.0,340.33072957824214,876,4ac1d104f7f642b8ae9c19b6c12283d1,ohare_filtered_vid_876_sr_10.0,osrm,offline,batches,10.0,,osrm,offline,1768198209.1943362,1768198215.897657,4,30,6.703320741653442,4.475393787079954,2430.01001175071,3183.9436144982756,3351.1418447506003,3351.808496952799,3351.941827393239,3351.9751600033487,2234.4401677449546,3350.968599319458,3351.540446281433,3351.997923851013,3352.089419364929,3352.112293243408,7.5,339.03515625,20.000000000014552
14.0,0.0004495622442236,0.0011817905131667,0.0059059375458662,2.167236328125,2.21875,176.99227661437925,6.648502897722093,298.05148148148146,14.397285491419655,2654.884149215689,99.7275434658314,osrm,offline,ohare_filtered_vid_876_sr_10.0,113db806e40e4cadb987315aaff32ce1,876,batches,30.0,,1.0,0.8477388638923464,0.9175959660301194,0.0824040339698806,0.8477388638923464,0.1522611361076534,24,0,10,34,2235.177920501116,0.0,340.33072957824214,876,113db806e40e4cadb987315aaff32ce1,ohare_filtered_vid_876_sr_10.0,osrm,offline,batches,30.0,,osrm,offline,1768198226.526775,1768198226.527197,2,30,0.0004220008850097656,71089.89830508475,4857.420283500687,4857.420283500687,7285.983955749543,9228.834893548628,9617.405081108445,9714.5476279984,0.4220008850097656,0.4220008850097656,0.4220008850097656,0.4220008850097656,0.4220008850097656,0.4220008850097656,15.0,339.03515625,10.0
21.0,1.1551209956523756,2.8134605502117145,24.372539137685592,1440.0310724431818,1483.703125,108.94297117213132,2.7874552034352003,286.11,11.2,2396.745365786889,61.32401447557441,graphium,online,ohare_filtered_vid_876_sr_20.0,b2fac05f965c4ddfb289bd28f1dea59f,876,native,5.0,,1.0,1.0,1.0,0.0,1.0,0.0,34,0,0,34,2235.177920501116,0.0,0.0,876,b2fac05f965c4ddfb289bd28f1dea59f,ohare_filtered_vid_876_sr_20.0,graphium,online,native,5.0,,graphium,online,1768198247.8129618,1768198247.8129618,1,16,0.0,,10341.775952998432,10341.775952998432,10341.775952998432,10341.775952998432,10341.775952998432,10341.775952998432,,,,,,,16.0,338.80078125,0.0
21.0,1.0758715529947198,2.817284041184041,22.40933630535589,1459.9145951704545,1515.0,95.736291008359,2.8941358136523934,300.2769230769231,12.384615384615383,2106.198402183898,63.67098790035266,graphium,online,ohare_filtered_vid_876_sr_20.0,2257cf52ed9c48728f4e0bbff06758f5,876,native,10.0,,1.0,1.0,1.0,0.0,1.0,0.0,34,0,0,34,2235.177920501116,0.0,0.0,876,2257cf52ed9c48728f4e0bbff06758f5,ohare_filtered_vid_876_sr_20.0,graphium,online,native,10.0,,graphium,online,1768198269.5201693,1768198269.5201693,1,16,0.0,,10357.385495000926,10357.385495000926,10357.385495000926,10357.385495000926,10357.385495000926,10357.385495000926,,,,,,,16.0,338.80078125,0.0
20.0,1.118929315923592,2.767997947782465,22.156131494006083,1449.4713541666667,1481.9609375,103.39686963633504,2.614537824619254,283.11072841133813,11.573965092861936,2171.334262363036,54.90529431700434,graphium,online,ohare_filtered_vid_876_sr_20.0,240b2ed6a24b4f37975dd94960efe041,876,native,30.0,,1.0,1.0,1.0,0.0,1.0,0.0,34,0,0,34,2235.177920501116,0.0,0.0,876,240b2ed6a24b4f37975dd94960efe041,ohare_filtered_vid_876_sr_20.0,graphium,online,native,30.0,,graphium,online,1768198291.270874,1768198291.270874,1,16,0.0,,10365.760633001628,10365.760633001628,10365.760633001628,10365.760633001628,10365.760633001628,10365.760633001628,,,,,,,16.0,338.80078125,10.0
14.0,0.1467782666343433,0.2329604553660754,2.060528316351413,146.161376953125,200.4140625,7076.059138526273,13579.634164996558,13676.55,27189.430001220557,106140.8870778941,203694.5124749484,barefoot,online,ohare_filtered_vid_876_sr_20.0,8c4c277565984289864aa056ccfbb217,876,native,,,1.0,1.0,1.0,0.0,1.0,0.0,34,0,0,34,2235.177920501116,0.0,0.0,876,8c4c277565984289864aa056ccfbb217,ohare_filtered_vid_876_sr_20.0,barefoot,online,native,,,barefoot,online,1768198293.1594698,1768198303.1756165,16,16,10.016146659851074,1.5974206991332032,627.5302442504653,668.1632199979504,671.1445042510604,676.8823657512257,676.9409827487834,676.9556369981728,667.7430947621664,668.4474945068359,671.7054843902588,677.0320177078247,677.0850229263306,677.098274230957,1.0,338.80078125,30.0
18.0,0.2727505980458181,0.7380018750528541,4.662559064984709,326.3993675595238,380.1640625,334.0919342847608,144.01915020487633,536.5123243492283,333.5246842709529,6347.746751410455,2736.3638538926502,graphhopper,offline,ohare_filtered_vid_876_sr_20.0,6a507b5b3fb94cb79d31218a504d1442,876,batches,5.0,50.0,1.0,0.7933472335176054,0.884767008519008,0.1152329914809919,0.7933472335176054,0.2066527664823945,26,0,8,34,2235.177920501116,0.0,461.9057008519215,876,6a507b5b3fb94cb79d31218a504d1442,ohare_filtered_vid_876_sr_20.0,graphhopper,offline,batches,5.0,50.0,graphhopper,offline,1768198321.915949,1768198329.2954345,4,16,7.379485368728638,2.168172873924477,2540.580174249044,3067.435929500789,3353.4261142503965,3357.951835648055,3358.8569799275865,3359.0832659974694,2459.8283767700195,3351.696014404297,3355.494499206543,3358.53328704834,3359.141044616699,3359.292984008789,4.0,338.80078125,10.0
19.0,0.3123512299445486,0.7397588169929521,5.8299920152574565,355.4200148809524,396.06640625,297.4591624270085,87.61321604514451,422.8622327256358,214.3166666666667,5949.18324854017,1752.2643209028902,graphhopper,offline,ohare_filtered_vid_876_sr_20.0,00c1da53894447efbabdac5578564012,876,batches,10.0,50.0,0.8186441083686934,0.7469144786489105,0.7811360653912459,0.218863934608754,0.6408722444002616,0.4185510024593949,24,3,10,34,2235.177920501116,369.8447899783792,565.6911693224688,876,00c1da53894447efbabdac5578564012,ohare_filtered_vid_876_sr_20.0,graphhopper,offline,batches,10.0,50.0,graphhopper,offline,1768198341.3592625,1768198345.3845727,2,16,4.025310277938843,3.9748488675990434,5082.755121002265,5082.755121002265,5611.546318501496,6034.579276500881,6119.185868100758,6140.337516000727,4025.310277938843,4025.310277938843,4025.310277938843,4025.310277938843,4025.310277938843,4025.310277938843,8.0,338.80078125,10.0
18.0,0.2216535916356467,0.554682075141777,3.7328551827569143,318.1603422619048,366.37109375,139.66038003782705,4.894490649835752,313.52687900235924,13.228544423440454,2653.547220718714,92.99532234687928,graphhopper,offline,ohare_filtered_vid_876_sr_20.0,aac656c08f3a4cbf8048c7a05b5c87ea,876,batches,30.0,50.0,0.8365150275110372,0.8466488349000152,0.8415514249504639,0.1584485750495361,0.7264469421221209,0.3188166462082902,29,3,5,34,2235.177920501116,369.8447899783792,342.7671383146071,876,aac656c08f3a4cbf8048c7a05b5c87ea,ohare_filtered_vid_876_sr_20.0,graphhopper,offline,batches,30.0,50.0,graphhopper,offline,1768198361.4836838,1768198361.4836838,1,16,0.0,,10185.113697996712,10185.113697996712,10185.113697996712,10185.113697996712,10185.113697996712,10185.113697996712,,,,,,,16.0,338.80078125,10.0
13.0,0.0007435628383557,0.0013378749999999,0.0092170739148206,3.460205078125,4.484375,325.6413953379759,455.25696235531007,529.4846382556988,841.8745416253718,4558.979534731662,6373.597472974341,osrm,offline,ohare_filtered_vid_876_sr_20.0,afac0ae3fe364734a59160897ca0f765,876,batches,5.0,,1.0,0.6334678108423826,0.7756110119068731,0.2243889880931269,0.6334678108423826,0.3665321891576173,17,0,17,34,2235.177920501116,0.0,819.2646563580449,876,afac0ae3fe364734a59160897ca0f765,ohare_filtered_vid_876_sr_20.0,osrm,offline,batches,5.0,,osrm,offline,1768198365.098421,1768198372.455269,4,16,7.3568480014801025,2.1748444438135746,2508.1533827487874,3010.1350554978126,3344.158595748013,3344.3162751500495,3344.347811030457,3344.3556950005586,2452.282746632894,3344.2375659942627,3344.3655967712402,3344.4680213928223,3344.4885063171387,3344.493627548218,4.0,338.80078125,10.0
13.0,0.0005820871142808,0.0012069221879815,0.0069422974119504,2.9052734375,3.78125,278.94547903684105,432.7146570948054,456.32819436924746,814.0999999999999,3905.236706515775,6058.005199327276,osrm,offline,ohare_filtered_vid_876_sr_20.0,12c3fc2ec8ae46cfbb88e58ded767155,876,batches,10.0,,1.0,0.7403862210736725,0.8508297895129464,0.1491702104870536,0.7403862210736725,0.2596137789263274,20,0,14,34,2235.177920501116,0.0,580.2829865139851,876,12c3fc2ec8ae46cfbb88e58ded767155,ohare_filtered_vid_876_sr_20.0,osrm,offline,batches,10.0,,osrm,offline,1768198379.380721,1768198383.3930209,2,16,4.0122997760772705,3.9877379291042945,5014.9476935002895,5014.9476935002895,5516.326466253304,5917.429484455715,5997.650088096198,6017.705239006318,4012.2995376586914,4012.2995376586914,4012.2995376586914,4012.2995376586914,4012.2995376586914,4012.2995376586914,8.0,338.80078125,20.000000000014552
13.0,0.0003652272487418,0.0007782001655629,0.0043349813168236,2.13330078125,2.2265625,186.79050457962455,6.961762060772119,309.55034545691564,14.240421125302037,2615.067064114744,97.46466885080967,osrm,offline,ohare_filtered_vid_876_sr_20.0,de0c1508bd0e41d18eb685f6e3754ce2,876,batches,30.0,,1.0,0.7666827052267547,0.8679348056767789,0.132065194323221,0.7666827052267547,0.2333172947732451,21,0,13,34,2235.177920501116,0.0,521.5056657482081,876,de0c1508bd0e41d18eb685f6e3754ce2,ohare_filtered_vid_876_sr_20.0,osrm,offline,batches,30.0,,osrm,offline,1768198394.3454278,1768198394.3454278,1,16,0.0,,10028.511147000245,10028.511147000245,10028.511147000245,10028.511147000245,10028.511147000245,10028.511147000245,,,,,,,16.0,338.80078125,10.0
20.0,1.326707098380096,2.7818772959183677,26.660208244289773,1455.876488095238,1501.08203125,2549.7687466246125,2947.3714550093755,6280.985359544749,7562.791037247802,53545.14367911687,61894.80055519688,graphium,online,ohare_filtered_vid_1423_sr_1.0,5433893521dc47b586a14df06647e003,1423,native,5.0,,0.8188358950299335,0.8836705045685309,0.8500186885530443,0.1499813114469557,0.7391586977039779,0.3118379935570335,23,6,6,29,2453.87875154189,479.7541492961906,285.4584770168708,1423,5433893521dc47b586a14df06647e003,ohare_filtered_vid_1423_sr_1.0,graphium,online,native,5.0,,graphium,online,1768198406.4757402,1768198415.1883454,55,272,8.712605237960815,31.21913510035967,180.10006278226766,177.06286199972965,177.88237100103288,179.83198419969995,650.0203111003802,1200.1517559983768,161.3445414437188,177.18958854675293,177.91372537612915,179.5868992805481,180.89851856231692,181.5118789672852,4.945454545454545,338.91796875,120.00000000001455
19.0,1.2973154436269223,2.630008376812372,24.50777060726005,1448.1287109375,1486.76171875,1855.910165734022,2078.552876626034,4287.276827520306,5493.821294363257,37118.20331468044,41571.05753252068,graphium,online,ohare_filtered_vid_1423_sr_1.0,b3f0b2b8ff1f4ab9aa7d2e0f8c36b6c2,1423,native,10.0,,0.9422007679942715,1.0,0.9702403412879822,0.0297596587120178,0.9422007679942715,0.0613449213470389,29,2,0,29,2453.87875154189,150.53299900850743,0.0,1423,b3f0b2b8ff1f4ab9aa7d2e0f8c36b6c2,ohare_filtered_vid_1423_sr_1.0,graphium,online,native,10.0,,graphium,online,1768198427.7985926,1768198436.4194696,27,272,8.620877027511597,31.5513142261481,364.0032374807763,350.2044999986538,350.9848934991169,379.65105260082055,996.1298282378981,1210.9394169965526,331.5721933658306,350.2309322357178,351.035475730896,367.81883239746094,380.66601753234863,384.9189281463623,10.074074074074074,338.91796875,100.0
20.0,1.210764979898892,2.6993794400796727,24.074628614235078,1444.2870163690477,1486.3515625,1335.0762041684409,1149.0371166161715,3061.8911174785108,2747.922567335244,28036.600287537254,24129.779448939604,graphium,online,ohare_filtered_vid_1423_sr_1.0,6c8100ea1f37429ba5250ae96b82392c,1423,native,30.0,,0.7974688986148799,0.8571680787854512,0.8262415176902955,0.1737584823097044,0.7039280483532095,0.3605246680666396,23,6,6,29,2453.87875154189,534.1916058651334,350.4922165102863,1423,6c8100ea1f37429ba5250ae96b82392c,ohare_filtered_vid_1423_sr_1.0,graphium,online,native,30.0,,graphium,online,1768198449.0434072,1768198457.554248,11,272,8.510840892791748,31.9592392134096,882.5568925458356,1041.816678000032,1053.979721498763,1135.4375910050294,1186.1796894059808,1198.8652140062186,851.0840654373169,1041.6319370269775,1044.3819165229797,1068.374490737915,1071.4187335968018,1072.1797943115234,24.727272727272727,338.91796875,59.99999999998545
13.0,0.5705116841665837,0.7814785736193568,7.588182319761903,332.68505859375,449.33984375,17658.551699779837,956929.5593450998,25344.392181023857,1831648.662752772,247219.7237969177,13397013.830831395,barefoot,online,ohare_filtered_vid_1423_sr_1.0,47e4cbe18f584203a53bafa977c7f301,1423,native,,,1.0,0.994572191408317,0.9972787103845808,0.002721289615419,0.994572191408317,0.0054278085916829,28,0,1,29,2453.87875154189,0.0,13.319184170567192,1423,47e4cbe18f584203a53bafa977c7f301,ohare_filtered_vid_1423_sr_1.0,barefoot,online,native,,,barefoot,online,1768198459.44728,1768198468.8626366,272,272,9.415356636047363,28.888974737146825,34.54622621286356,34.494991501560435,36.13022824720247,38.864887698946404,40.92586284285062,42.94427000422729,34.743013417148944,34.6829891204834,36.28897666931152,39.063334465026855,41.13945960998535,43.08009147644043,1.0,340.16796875,870.0
19.0,0.309784673806812,0.5918389767889908,5.603854499347251,343.51450892857144,385.03515625,4538.287115838646,2680.686432594081,10969.407976219964,6700.8124349764685,90765.74231677291,53613.728651881625,graphhopper,offline,ohare_filtered_vid_1423_sr_1.0,0ba2683b06874b1ea9c6ec4b692480e0,1423,batches,5.0,50.0,0.5708852726793676,0.8388472759932478,0.6793991616958295,0.3206008383041705,0.5144621614569543,0.7916852273450662,23,23,6,29,2453.87875154189,1547.250312098405,395.4492451932634,1423,0ba2683b06874b1ea9c6ec4b692480e0,ohare_filtered_vid_1423_sr_1.0,graphhopper,offline,batches,5.0,50.0,graphhopper,offline,1768198485.0965147,1768198494.748351,55,272,9.651836395263672,28.181165620821677,179.58919678137383,179.75855500117177,181.17119599992293,186.26267210202062,211.64160974061818,233.77586899732705,178.7377154385602,179.8875331878662,181.02741241455078,185.1616382598877,189.9305486679077,192.99077987670896,4.945454545454545,340.16796875,220.0
17.0,0.3109771962950222,0.6112349817142857,4.986354551596113,330.176171875,378.265625,3531.849024709505,1440.168362782141,7569.949405812449,3191.884151076597,63573.28244477109,25923.030530078537,graphhopper,offline,ohare_filtered_vid_1423_sr_1.0,2351284d36ef4bda802d7c3451d99415,1423,batches,10.0,50.0,0.5689603416621225,0.8117081668695987,0.6689944082858776,0.3310055917141223,0.5026232890759834,0.8032352400740649,22,20,7,29,2453.87875154189,1508.996559699834,462.0453284075625,1423,2351284d36ef4bda802d7c3451d99415,ohare_filtered_vid_1423_sr_1.0,graphhopper,offline,batches,10.0,50.0,graphhopper,offline,1768198501.076208,1768198510.391724,28,272,9.315515995025635,29.19859728062777,347.2133405360052,355.00165649864357,356.0793282485975,362.87859890071564,398.14779619118787,410.5363150010817,345.0191197571931,355.0033569335937,356.21368885040283,359.15379524230957,363.50588321685797,364.8297786712647,9.714285714285714,340.16796875,170.0
19.0,0.2953594788337547,0.7497526616399623,5.505714483366895,346.1255580357143,381.73828125,2657.8366594149056,503.8318551562842,6296.908308420529,1223.980206776283,53156.73318829812,10076.637103125684,graphhopper,offline,ohare_filtered_vid_1423_sr_1.0,06ff4a6bfc10418ba3087640ca3820b2,1423,batches,30.0,50.0,0.5314442359706815,0.5937369733598045,0.5608662667989276,0.4391337332010724,0.3897249114933814,0.9297401148372828,17,19,12,29,2453.87875154189,1284.549303645853,996.920208609472,1423,06ff4a6bfc10418ba3087640ca3820b2,ohare_filtered_vid_1423_sr_1.0,graphhopper,offline,batches,30.0,50.0,graphhopper,offline,1768198517.4636605,1768198525.9529214,10,272,8.489260911941528,32.04048065213636,959.4517282996094,1052.40299149591,1054.0747205031948,1084.2313571032719,1102.2253602245473,1106.7238610048662,943.2512124379476,1052.502155303955,1053.1985759735107,1055.9844493865967,1056.7384624481201,1056.926965713501,27.2,340.16796875,150.0
13.0,0.003698198995632,0.0057561858076563,0.0499709022470928,14.5484375,19.28515625,3325.320658470176,6547.90491331152,5512.790966386554,10875.478361344538,46554.48921858247,91670.66878636128,osrm,offline,ohare_filtered_vid_1423_sr_1.0,c3b2d3fbb0514b06b690b9fae53ed9d2,1423,batches,5.0,,0.788173821428834,1.0,0.8815404990092591,0.1184595009907408,0.788173821428834,0.268755663804158,29,7,0,29,2453.87875154189,659.4938127655593,0.0,1423,c3b2d3fbb0514b06b690b9fae53ed9d2,ohare_filtered_vid_1423_sr_1.0,osrm,offline,batches,5.0,,osrm,offline,1768198527.0590096,1768198536.3978498,55,272,9.338840246200562,29.125672227947277,172.22691476318604,174.68432799796574,174.96435049906722,175.4344280969235,175.67436058205203,175.71819399745436,172.94148604075113,174.80742931365967,175.1524806022644,175.6049394607544,175.8414888381958,175.86398124694824,4.945454545454545,340.16796875,160.0
13.0,0.0025001425912583,0.0037980319212768,0.0331557727391559,11.874755859375,16.12109375,2171.5555731910026,5041.485565182076,3685.3856960045514,8625.129062988766,30401.77802467404,70580.79791254907,osrm,offline,ohare_filtered_vid_1423_sr_1.0,41acb07f4d424205868c7115f7bb397c,1423,batches,10.0,,0.788173821428834,1.0,0.8815404990092591,0.1184595009907408,0.788173821428834,0.268755663804158,29,7,0,29,2453.87875154189,659.4938127655593,0.0,1423,41acb07f4d424205868c7115f7bb397c,ohare_filtered_vid_1423_sr_1.0,osrm,offline,batches,10.0,,osrm,offline,1768198537.6285658,1768198546.7240536,28,272,9.095487833023071,29.904938030090822,335.9600611433312,346.9080139948346,347.268208000969,347.76927744787827,348.4300916286884,348.65231000003405,336.86991974159525,347.0771312713623,347.4264144897461,347.8982210159302,348.571286201477,348.7932682037353,9.714285714285714,340.16796875,100.0
13.0,0.0016618442710847,0.0023632335329341,0.0219270201909649,9.161979166666669,12.90234375,1304.0822181188737,3670.659400924477,2074.146104290749,5981.645800413273,18257.151053664227,51389.23161294268,osrm,offline,ohare_filtered_vid_1423_sr_1.0,9bab20a67726426b8244a1c5b760f90a,1423,batches,30.0,,0.8593872957397438,0.9710902505742656,0.9118304958624022,0.0881695041375978,0.8379489522499082,0.1877992593020468,28,4,1,29,2453.87875154189,389.8955921283882,70.94101982821022,1423,9bab20a67726426b8244a1c5b760f90a,ohare_filtered_vid_1423_sr_1.0,osrm,offline,batches,30.0,,osrm,offline,1768198548.6378915,1768198557.003178,10,272,8.365286350250244,32.51532447444112,936.7227917995478,1036.2509115038847,1037.321051251638,1038.406440399558,1039.008586479904,1039.1591229999904,929.476261138916,1036.376953125,1037.5633239746094,1038.653373718262,1039.1832351684573,1039.315700531006,27.2,340.16796875,89.99999999998545
19.0,1.2654015619251031,2.7305632464050698,23.98563359832045,1452.078515625,1485.21875,502.40048858717927,827.5138230623012,1301.4052486820992,2339.166666666667,10048.009771743586,16550.276461246023,graphium,online,ohare_filtered_vid_1423_sr_5.0,5bdefd2f114145a29df26def6fa42a59,1423,native,5.0,,0.9794272990861184,0.9248415090209178,0.9513520542969192,0.0486479457030807,0.9072177733195976,0.0945846268194693,22,1,7,29,2453.87875154189,47.66938196329277,184.42982401152227,1423,5bdefd2f114145a29df26def6fa42a59,ohare_filtered_vid_1423_sr_5.0,graphium,online,native,5.0,,graphium,online,1768198572.931361,1768198577.4386148,7,56,4.507253885269165,12.42441660165229,1357.4409015719928,847.9745610020473,882.3798904995783,3763.718061502729,4749.278897903567,4995.669107003778,751.2089808781942,847.4102020263672,868.8108325004578,885.9265446662903,888.6500000953674,889.3308639526367,8.0,338.87890625,19.999999999985448
19.0,1.2184259384125893,2.635408933476652,22.986769612534943,1444.0919921875,1482.02734375,370.3895156013411,655.1670736378625,738.2804311585967,1710.925,7407.790312026822,13103.341472757247,graphium,online,ohare_filtered_vid_1423_sr_5.0,9d24fd8b4e964c62a48ff4a25f5600d7,1423,native,10.0,,0.9794272990861184,0.9248415090209178,0.9513520542969192,0.0486479457030807,0.9072177733195976,0.0945846268194693,22,1,7,29,2453.87875154189,47.66938196329277,184.42982401152227,1423,9d24fd8b4e964c62a48ff4a25f5600d7,ohare_filtered_vid_1423_sr_5.0,graphium,online,native,10.0,,graphium,online,1768198593.8831198,1768198598.34753,4,56,4.464410066604614,12.5436505976232,2378.503699999783,1704.7563509986503,2541.3718315012375,4548.328015902006,4949.71925278216,5050.067062002199,1488.1367683410645,1704.5328617095947,1704.9014568328857,1705.1963329315186,1705.2553081512451,1705.2700519561768,14.0,338.87890625,30.000000000014552
19.0,1.2407036977609178,2.6697335920557013,23.485887649861212,1446.1486328125,1480.53125,308.6505772814668,491.07275855527257,587.9580167774612,1161.225,6173.011545629336,9821.455171105452,graphium,online,ohare_filtered_vid_1423_sr_5.0,df3016a06eb643cd96e96d6af0299818,1423,native,30.0,,0.9794272990861184,0.9248415090209178,0.9513520542969192,0.0486479457030807,0.9072177733195976,0.0945846268194693,22,1,7,29,2453.87875154189,47.66938196329277,184.42982401152227,1423,df3016a06eb643cd96e96d6af0299818,ohare_filtered_vid_1423_sr_5.0,graphium,online,native,30.0,,graphium,online,1768198614.7584295,1768198619.2302265,2,56,4.471796989440918,12.522929849505834,4754.278463999071,4754.278463999071,4895.584433999829,5008.629210000436,5031.238165200557,5036.890404000587,4471.796989440918,4471.796989440918,4471.796989440918,4471.796989440918,4471.796989440918,4471.796989440918,28.0,338.87890625,20.0
12.0,0.2220179595182439,0.3472199298239787,2.6541741380988726,187.26484375,230.671875,9180.550196128775,71674.69720000884,14794.60142809698,134678.8051886231,119347.15254967412,931771.0636001148,barefoot,online,ohare_filtered_vid_1423_sr_5.0,5ac31fc85bd343c6a80ba8663ab597b1,1423,native,,,0.980537398770844,0.97870025084661,0.9796179634756222,0.0203820365243777,0.9600501855289358,0.0407258849937771,27,1,2,29,2453.87875154189,47.66938196329277,52.26700186067559,1423,5ac31fc85bd343c6a80ba8663ab597b1,ohare_filtered_vid_1423_sr_5.0,barefoot,online,native,,,barefoot,online,1768198621.144921,1768198630.388853,56,56,9.243932008743286,6.058028114771174,165.33288682122864,167.79990900249686,169.76251074811444,171.99336549674626,174.03844419859524,175.53962300007697,168.07149106805974,168.0138111114502,169.93141174316406,172.2123622894287,174.2339038848877,175.71783065795898,1.0,339.03515625,119.99999999998545
18.0,0.2479691860803029,0.5500765666666666,4.179404595599922,310.7113095238095,352.4375,990.6843463247374,534.6293287179132,1931.9309603035608,1197.4668085106382,18823.00258017001,10157.95724564035,graphhopper,offline,ohare_filtered_vid_1423_sr_5.0,06fabe0c47a449dbbce6eba0be5ba6c6,1423,batches,5.0,50.0,0.8919153468299555,0.9841280594382932,0.935755448436025,0.064244551563975,0.8792673141345875,0.1351311733547673,28,2,1,29,2453.87875154189,292.6476972760787,38.9478176901084,1423,06fabe0c47a449dbbce6eba0be5ba6c6,ohare_filtered_vid_1423_sr_5.0,graphhopper,offline,batches,5.0,50.0,graphhopper,offline,1768198647.1438184,1768198655.8130176,12,56,8.669199228286743,6.459650831103006,786.2084354170898,848.1807219977782,850.3911059979146,855.3130023999984,856.5854964848404,856.9036200060509,788.1090207533402,848.6053943634033,851.1874675750732,855.616569519043,856.7741394042969,857.0635318756104,4.666666666666667,339.03515625,50.00000000001455
18.0,0.2987738142814235,0.7071470813559323,5.227946915414843,348.5875,392.2421875,859.9308860455327,329.8519376061424,1884.4900000000005,758.84,16338.686834865122,6267.186814516706,graphhopper,offline,ohare_filtered_vid_1423_sr_5.0,5b06a96058164c4088c1d3c6449f9f75,1423,batches,10.0,50.0,0.980537398770844,0.97870025084661,0.9796179634756222,0.0203820365243777,0.9600501855289358,0.0407258849937771,27,1,2,29,2453.87875154189,47.66938196329277,52.26700186067559,1423,5b06a96058164c4088c1d3c6449f9f75,ohare_filtered_vid_1423_sr_5.0,graphhopper,offline,batches,10.0,50.0,graphhopper,offline,1768198663.3857744,1768198671.179786,6,56,7.79401159286499,7.185003426382515,1567.340479666503,1692.5446370005375,1693.36234849834,1693.6204594985613,1693.6763582987626,1693.690332998813,1558.802318572998,1693.3705806732178,1693.5627460479736,1693.7918186187744,1693.8376331329346,1693.8490867614746,9.333333333333334,339.03515625,40.0
19.0,0.2600689283997931,0.7217765506415094,4.784872734335485,334.56175595238096,381.78515625,474.576890737106,90.20173880320776,1021.057036920164,231.85,9491.53781474212,1804.034776064155,graphhopper,offline,ohare_filtered_vid_1423_sr_5.0,0cfd39f55d72408f9281bda0bb10ce8e,1423,batches,30.0,50.0,0.980537398770844,0.97870025084661,0.9796179634756222,0.0203820365243777,0.9600501855289358,0.0407258849937771,27,1,2,29,2453.87875154189,47.66938196329277,52.26700186067559,1423,0cfd39f55d72408f9281bda0bb10ce8e,ohare_filtered_vid_1423_sr_5.0,graphhopper,offline,batches,30.0,50.0,graphhopper,offline,1768198682.12774,1768198686.5178435,2,56,4.390103578567505,12.755963270067731,4686.576055501064,4686.576055501064,4834.913670252718,4953.583762054041,4977.317780414305,4983.251285004371,4390.103578567505,4390.103578567505,4390.103578567505,4390.103578567505,4390.103578567505,4390.103578567505,28.0,339.03515625,40.0
13.0,0.0013671246080529,0.0020068159688412,0.01773446515984,6.345947265625,8.83203125,856.5862772493592,1709.0020882008616,1455.0313383951168,2910.948771773113,11992.20788149103,23926.029234812064,osrm,offline,ohare_filtered_vid_1423_sr_5.0,9ee305c0bfac451db52b9048cb4384bc,1423,batches,5.0,,0.8073116065069009,0.9025636389164778,0.852284519889586,0.147715480110414,0.7425921621337662,0.3128594222737302,26,4,3,29,2453.87875154189,528.6220724467605,239.0970160904175,1423,9ee305c0bfac451db52b9048cb4384bc,ohare_filtered_vid_1423_sr_5.0,osrm,offline,batches,5.0,,osrm,offline,1768198688.1395893,1768198696.717658,12,56,8.578068733215332,6.528275972324766,770.8976540828493,840.6668189963966,840.9879792543506,841.4333390974207,841.5557638189057,841.5863699992769,779.824430292303,840.7847881317139,841.1322832107544,841.5747880935669,841.6984796524048,841.7294025421143,4.666666666666667,339.03515625,40.0
13.0,0.0009059824306631,0.0013351910828025,0.0117837374819493,6.099739583333333,8.34375,598.0638125883288,1409.484838642958,979.0718835304822,2356.5200636942677,8372.893376236603,19732.78774100141,osrm,offline,ohare_filtered_vid_1423_sr_5.0,d71b5bb409c943b2929bc217203427fe,1423,batches,10.0,,0.9801658031429216,0.9600002548709918,0.969978231447122,0.0300217685528778,0.9417065357850508,0.0594258809693954,27,1,2,29,2453.87875154189,47.66938196329277,98.1545246391644,1423,d71b5bb409c943b2929bc217203427fe,ohare_filtered_vid_1423_sr_5.0,osrm,offline,batches,10.0,,osrm,offline,1768198699.145455,1768198706.8721,6,56,7.726645231246948,7.247647371401645,1539.6893376649434,1679.2351355034043,1679.3698409965145,1679.428778747024,1679.4344301477395,1679.4358429979184,1545.3289985656738,1679.370403289795,1679.518461227417,1679.540014266968,1679.5443248748782,1679.5454025268557,9.333333333333334,339.03515625,19.999999999985448
13.0,0.0007090434046114,0.0011531077348066,0.009099466780583,3.413802083333333,4.5234375,337.8714279579006,758.2743703823209,554.8902195608783,1424.1113240186294,4730.199991410608,10615.841185352492,osrm,offline,ohare_filtered_vid_1423_sr_5.0,088ab8b1aca54dfd834780f365b5ba75,1423,batches,30.0,,0.9801658031429216,0.9600002548709918,0.969978231447122,0.0300217685528778,0.9417065357850508,0.0594258809693954,27,1,2,29,2453.87875154189,47.66938196329277,98.1545246391644,1423,088ab8b1aca54dfd834780f365b5ba75,ohare_filtered_vid_1423_sr_5.0,osrm,offline,batches,30.0,,osrm,offline,1768198712.6487634,1768198717.01287,2,56,4.36410665512085,12.831950368190363,4616.054843503662,4616.054843503662,4742.084033254287,4842.907385054787,4863.072055414887,4868.113223004912,4364.10665512085,4364.10665512085,4364.10665512085,4364.10665512085,4364.10665512085,4364.10665512085,28.0,339.03515625,20.0
20.0,1.1482428494983277,2.4500338465453617,22.92547358946488,1453.805431547619,1477.2265625,103.49476691465662,2.723228424196801,295.19954581886185,11.220945765428802,2173.390105207789,57.18779690813281,graphium,online,ohare_filtered_vid_1423_sr_10.0,67f96154043745f0b07242b32c69dd04,1423,native,5.0,,0.9801340586339437,0.9584351938814192,0.9691631859916354,0.0308368140083645,0.9401712985230763,0.0609909419589678,25,1,4,29,2453.87875154189,47.66938196329277,101.99499454634312,1423,67f96154043745f0b07242b32c69dd04,ohare_filtered_vid_1423_sr_10.0,graphium,online,native,5.0,,graphium,online,1768198737.6440606,1768198737.6440606,1,29,0.0,,9659.180712005764,9659.180712005764,9659.180712005764,9659.180712005764,9659.180712005764,9659.180712005764,,,,,,,29.0,338.98828125,20.0
20.0,1.256039531916408,2.654007235557597,25.049094717580637,1453.124069940476,1487.7578125,222.89001671459323,650.8134006522249,516.1901869158879,2353.4,4680.690351006458,13667.081413696724,graphium,online,ohare_filtered_vid_1423_sr_10.0,2ff0d3bc94994bb3b9fd5cc2c833f430,1423,native,10.0,,0.9801340586339437,0.9584351938814192,0.9691631859916354,0.0308368140083645,0.9401712985230763,0.0609909419589678,25,1,4,29,2453.87875154189,47.66938196329277,101.99499454634312,1423,2ff0d3bc94994bb3b9fd5cc2c833f430,ohare_filtered_vid_1423_sr_10.0,graphium,online,native,10.0,,graphium,online,1768198758.7056682,1768198758.7056682,1,29,0.0,,9654.875700005505,9654.875700005505,9654.875700005505,9654.875700005505,9654.875700005505,9654.875700005505,,,,,,,29.0,338.98828125,10.0
20.0,1.256208158667351,2.59402248533565,24.87799084119461,1452.4964657738096,1478.25,238.1969583337889,10.123889283017334,566.5733923578752,30.891658900279594,5002.136125009567,212.601674943364,graphium,online,ohare_filtered_vid_1423_sr_10.0,7ff85c2235db45a4ade50f3d0f9b93da,1423,native,30.0,,0.9801340586339437,0.9584351938814192,0.9691631859916354,0.0308368140083645,0.9401712985230763,0.0609909419589678,25,1,4,29,2453.87875154189,47.66938196329277,101.99499454634312,1423,7ff85c2235db45a4ade50f3d0f9b93da,ohare_filtered_vid_1423_sr_10.0,graphium,online,native,30.0,,graphium,online,1768198779.7173877,1768198779.7173877,1,29,0.0,,9647.261230995357,9647.261230995357,9647.261230995357,9647.261230995357,9647.261230995357,9647.261230995357,,,,,,,29.0,338.98828125,10.0
13.0,0.1718928305259588,0.2596937851764359,2.2382307201644704,169.79244791666667,208.0234375,8140.445454168829,28181.199356814945,13658.697255326832,55184.43550414886,113966.2363583636,394536.7909954093,barefoot,online,ohare_filtered_vid_1423_sr_10.0,26776cfecd1b4831a15b7f5268eba166,1423,native,,,0.980537398770844,0.97870025084661,0.9796179634756222,0.0203820365243777,0.9600501855289358,0.0407258849937771,27,1,2,29,2453.87875154189,47.66938196329277,52.26700186067559,1423,26776cfecd1b4831a15b7f5268eba166,ohare_filtered_vid_1423_sr_10.0,barefoot,online,native,,,barefoot,online,1768198781.6062405,1768198790.9817505,29,29,9.375509977340698,3.093165072629538,323.88038879309596,335.37375400192104,336.6540640054154,339.96538699866505,341.61364188272273,342.1973170043202,334.8396505628313,335.58571338653564,337.13334798812866,340.11725187301636,341.8039035797119,342.38171577453613,1.0,339.14453125,60.0
19.0,0.2678963682795908,0.6438836562391681,4.798020929480707,322.9864211309524,349.38671875,552.6634487985232,283.5402513844357,1101.0466988727858,654.2003757380569,11053.268975970464,5670.805027688714,graphhopper,offline,ohare_filtered_vid_1423_sr_10.0,a4048e23e6744935a6e58ba482f32076,1423,batches,5.0,50.0,1.0,0.90351197189985,0.9493105220641992,0.0506894779358007,0.9035119718998502,0.0964880281001498,22,0,7,29,2453.87875154189,0.0,236.76992193313453,1423,a4048e23e6744935a6e58ba482f32076,ohare_filtered_vid_1423_sr_10.0,graphhopper,offline,batches,5.0,50.0,graphhopper,offline,1768198808.4193604,1768198816.5019867,6,29,8.082626342773438,3.5879426773116254,1588.7565036646265,1684.0548774962372,1685.1232769968192,1688.426406499275,1689.2503765000583,1689.4563690002542,1616.5252685546875,1684.638738632202,1685.488224029541,1688.7917518615723,1689.4524574279785,1689.61763381958,4.833333333333333,339.14453125,30.0
18.0,0.2602284094236741,0.574893871517028,4.450628605491276,331.0513392857143,379.22265625,443.4410873345973,159.5492374135208,774.706457925636,367.17892744479497,8425.380659357348,3031.435510856895,graphhopper,offline,ohare_filtered_vid_1423_sr_10.0,65c2f655709948288acb03b663cff294,1423,batches,10.0,50.0,0.9634690699329974,0.922890719581246,0.9427434450070732,0.0572565549929267,0.8916884369786485,0.1121016402034357,24,2,5,29,2453.87875154189,85.86700814193941,189.21682476626563,1423,65c2f655709948288acb03b663cff294,ohare_filtered_vid_1423_sr_10.0,graphhopper,offline,batches,10.0,50.0,graphhopper,offline,1768198825.5630028,1768198831.9774554,3,29,6.41445255279541,4.521040534840629,3177.6384270002986,3118.782036995981,3244.556380999711,3345.1758562026953,3365.299751243292,3370.3307250034413,3207.226276397705,3207.226276397705,3288.867950439453,3354.1812896728516,3367.2439575195312,3370.509624481201,9.666666666666666,339.14453125,19.999999999985448
18.0,0.252024436154651,0.56324935,4.228221628187186,337.935546875,377.7421875,131.77482702816886,4.981074562113933,298.6439682966148,11.935286415711946,2503.7217135352084,94.64041668016472,graphhopper,offline,ohare_filtered_vid_1423_sr_10.0,d459ef6dab034de0a5b247666c85c40c,1423,batches,30.0,50.0,0.9636544679117658,0.9277768658723434,0.945375394870251,0.0546246051297489,0.896409386118905,0.107215493912338,25,2,4,29,2453.87875154189,85.86700814193941,177.22681420561574,1423,d459ef6dab034de0a5b247666c85c40c,ohare_filtered_vid_1423_sr_10.0,graphhopper,offline,batches,30.0,50.0,graphhopper,offline,1768198847.448259,1768198847.448259,1,29,0.0,,9522.69698499731,9522.69698499731,9522.69698499731,9522.69698499731,9522.69698499731,9522.69698499731,,,,,,,29.0,339.14453125,20.0
13.0,0.0008243088720592,0.0013321366674919,0.0105722073341835,4.71630859375,6.08984375,484.2590165374101,872.7925340959536,755.9084550631345,1369.6741272592226,6779.626231523741,12219.09547734335,osrm,offline,ohare_filtered_vid_1423_sr_10.0,0a749ae55ac1455ab5a151030822b75b,1423,batches,5.0,,1.0,0.8686792864464029,0.9297253870655758,0.0702746129344241,0.8686792864464029,0.131320713553597,20,0,9,29,2453.87875154189,0.0,322.2451086264908,1423,0a749ae55ac1455ab5a151030822b75b,ohare_filtered_vid_1423_sr_10.0,osrm,offline,batches,5.0,,osrm,offline,1768198849.7213056,1768198857.769251,6,29,8.047945499420166,3.603404123709508,1565.000620498419,1676.682234996406,1677.1145459970285,1677.5004395040012,1677.5774279059985,1677.596675006498,1609.5890998840332,1676.9330501556396,1677.3221492767334,1677.6578426361082,1677.7249813079832,1677.741765975952,4.833333333333333,339.14453125,20.0
12.0,0.0007476063066102,0.0012360804851157,0.0086219507848884,3.847395833333333,4.984375,395.2330499719096,823.1810726751817,618.9820286659317,1329.016097023153,5138.029649634825,10701.353944777362,osrm,offline,ohare_filtered_vid_1423_sr_10.0,85ebe97ee6464534ae4c6ecf8a905c36,1423,batches,10.0,,0.9789380440736484,0.9029068093198812,0.939386500754794,0.0606134992452059,0.8857010602102612,0.1165193265205058,22,1,7,29,2453.87875154189,47.66938196329277,238.254917529348,1423,85ebe97ee6464534ae4c6ecf8a905c36,ohare_filtered_vid_1423_sr_10.0,osrm,offline,batches,10.0,,osrm,offline,1768198861.6976726,1768198868.0660396,3,29,6.368366956710815,4.553757689707339,3128.647216333775,3017.8287550006644,3185.098595000454,3318.914467000286,3345.6776414002525,3352.368435000244,3184.1834783554077,3184.1834783554077,3268.3469653129578,3335.677754878998,3349.143912792206,3352.510452270508,9.666666666666666,339.14453125,20.0
13.0,0.000591197896444,0.0012564,0.0071235946030806,2.1640625,2.19921875,184.07691606297385,7.1264978118538895,295.15092592592595,14.376504854368934,2577.076824881633,99.77096936595446,osrm,offline,ohare_filtered_vid_1423_sr_10.0,0c440d7fa1294a1893caaea3ad6dd0ec,1423,batches,30.0,,0.9789380440736484,0.9029068093198812,0.939386500754794,0.0606134992452059,0.8857010602102612,0.1165193265205058,22,1,7,29,2453.87875154189,47.66938196329277,238.254917529348,1423,0c440d7fa1294a1893caaea3ad6dd0ec,ohare_filtered_vid_1423_sr_10.0,osrm,offline,batches,30.0,,osrm,offline,1768198878.370079,1768198878.370079,1,29,0.0,,9381.521681003504,9381.521681003504,9381.521681003504,9381.521681003504,9381.521681003504,9381.521681003504,,,,,,,29.0,339.14453125,10.0
20.0,1.196932179559646,2.783492942091809,23.88330610519987,1446.9691220238096,1489.12890625,106.338655411833,2.712553144147931,289.8022988505747,11.623697125496612,2233.111763648493,56.96361602710655,graphium,online,ohare_filtered_vid_1423_sr_20.0,17c2a159d2a04ad78fe68e02929299d6,1423,native,5.0,,0.9789271647586804,0.9024306346380596,0.9391237146287432,0.0608762853712566,0.8852339594904738,0.1169955012023274,22,1,7,29,2453.87875154189,47.66938196329277,239.42339246309217,1423,17c2a159d2a04ad78fe68e02929299d6,ohare_filtered_vid_1423_sr_20.0,graphium,online,native,5.0,,graphium,online,1768198898.9078927,1768198898.9078927,1,15,0.0,,9612.844085000688,9612.844085000688,9612.844085000688,9612.844085000688,9612.844085000688,9612.844085000688,,,,,,,15.0,338.75,9.999999999985448
20.0,1.1851067058419695,2.7366482578684708,23.59196654324324,1442.190662202381,1482.87109375,103.12104011005955,2.768693876498704,310.53354254853303,12.045967546621458,2165.5418423112505,58.14257140647279,graphium,online,ohare_filtered_vid_1423_sr_20.0,18de797b5b2a4a93b0c37957d2594f53,1423,native,10.0,,0.9789271647586804,0.9024306346380596,0.9391237146287432,0.0608762853712566,0.8852339594904738,0.1169955012023274,22,1,7,29,2453.87875154189,47.66938196329277,239.42339246309217,1423,18de797b5b2a4a93b0c37957d2594f53,ohare_filtered_vid_1423_sr_20.0,graphium,online,native,10.0,,graphium,online,1768198919.8912838,1768198919.8912838,1,15,0.0,,9620.899006004038,9620.899006004038,9620.899006004038,9620.899006004038,9620.899006004038,9620.899006004038,,,,,,,15.0,338.75,0.0
20.0,1.1314116856941243,2.5202000747477267,22.5328287178663,1458.0078125,1502.40234375,168.2454570023674,8.932380156585628,297.2750983284169,24.755913978494625,3533.1545970497154,187.5799832882982,graphium,online,ohare_filtered_vid_1423_sr_20.0,d2dec9831d9a4418b3cba9f1fb266456,1423,native,30.0,,0.9789271647586804,0.9024306346380596,0.9391237146287432,0.0608762853712566,0.8852339594904738,0.1169955012023274,22,1,7,29,2453.87875154189,47.66938196329277,239.42339246309217,1423,d2dec9831d9a4418b3cba9f1fb266456,ohare_filtered_vid_1423_sr_20.0,graphium,online,native,30.0,,graphium,online,1768198940.8943112,1768198940.8943112,1,15,0.0,,9611.79904799792,9611.79904799792,9611.79904799792,9611.79904799792,9611.79904799792,9611.79904799792,,,,,,,15.0,338.75,0.0
12.0,0.1494846234150671,0.220599439698364,1.7609873578232926,134.3609375,185.5078125,7537.020808959055,13785.046658464327,13927.10446153846,24858.74912157414,97981.27051646772,179205.60656003625,barefoot,online,ohare_filtered_vid_1423_sr_20.0,100defb67a4445efa868ee9d48e7a4b0,1423,native,,,0.980537398770844,0.97870025084661,0.9796179634756222,0.0203820365243777,0.9600501855289358,0.0407258849937771,27,1,2,29,2453.87875154189,47.66938196329277,52.26700186067559,1423,100defb67a4445efa868ee9d48e7a4b0,ohare_filtered_vid_1423_sr_20.0,barefoot,online,native,,,barefoot,online,1768198942.776662,1768198952.1332204,15,15,9.356558322906494,1.6031535830089758,625.4605172677353,669.6198040008312,672.3192665012903,677.1609334042296,679.5639426843263,680.1646950043505,668.3256115232195,669.8470115661621,672.6844310760498,677.5143146514893,679.7508716583252,680.3100109100342,1.0,338.75,30.0
19.0,0.2555492803203839,0.7708613375886525,4.663004410662998,317.37611607142856,338.9140625,344.4036063762533,159.68818950984084,514.7757738240311,365.9833333333333,6888.072127525066,3193.763790196817,graphhopper,offline,ohare_filtered_vid_1423_sr_20.0,fd86d8310bab4d62a37e85a5178a032f,1423,batches,5.0,50.0,0.9613223110379016,0.8697245642014435,0.913232358308986,0.086767641691014,0.8403197917155443,0.1652677955832381,21,2,8,29,2453.87875154189,85.86700814193941,319.6801237539371,1423,fd86d8310bab4d62a37e85a5178a032f,ohare_filtered_vid_1423_sr_20.0,graphhopper,offline,batches,5.0,50.0,graphhopper,offline,1768198970.8943765,1768198977.6269178,4,15,6.73254132270813,2.2279848397523576,2376.1590710000746,3064.1234580034507,3360.7816909989197,3373.007722994589,3375.452929393723,3376.0642309935065,2244.18044090271,3355.821132659912,3366.0290241241455,3374.195337295532,3375.8285999298096,3376.236915588379,3.75,338.75,10.000000000014552
18.0,0.2746253996286877,0.6155576999999999,4.643612004056179,334.392578125,357.375,287.3408937977392,94.89879579155932,414.8490913200724,228.4333333333333,5459.476982157045,1803.0771200396268,graphhopper,offline,ohare_filtered_vid_1423_sr_20.0,18ce1cb4394346febcc7ae922852a78c,1423,batches,10.0,50.0,0.9613223110379016,0.8697245642014435,0.913232358308986,0.086767641691014,0.8403197917155443,0.1652677955832381,21,2,8,29,2453.87875154189,85.86700814193941,319.6801237539371,1423,18ce1cb4394346febcc7ae922852a78c,ohare_filtered_vid_1423_sr_20.0,graphhopper,offline,batches,10.0,50.0,graphhopper,offline,1768198989.6869256,1768198993.0497055,2,15,3.3627798557281494,4.460595294232253,4742.686680001498,4742.686680001498,5432.724284000869,5984.754367200367,6095.160383840266,6122.761888000241,3362.7798557281494,3362.7798557281494,3362.7798557281494,3362.7798557281494,3362.7798557281494,3362.7798557281494,7.5,338.75,10.0
18.0,0.239054710745853,0.7327288272997031,4.100579148681594,296.03046875,313.64453125,138.88405182202078,5.228701375980106,299.6757239679605,14.303416048984852,2638.796984618395,99.345326143622,graphhopper,offline,ohare_filtered_vid_1423_sr_20.0,e9ed28d1b51844e09b87b7243679b2f7,1423,batches,30.0,50.0,0.9632486054569072,0.9171445650781694,0.9396313889637676,0.0603686110362324,0.8861365558959013,0.1178477947065118,24,2,5,29,2453.87875154189,85.86700814193941,203.3171912044409,1423,e9ed28d1b51844e09b87b7243679b2f7,ohare_filtered_vid_1423_sr_20.0,graphhopper,offline,batches,30.0,50.0,graphhopper,offline,1768199008.4782355,1768199008.4782355,1,15,0.0,,9483.20484800206,9483.20484800206,9483.20484800206,9483.20484800206,9483.20484800206,9483.20484800206,,,,,,,15.0,338.75,10.0
13.0,0.0003429414368264,0.0005733653491436,0.0044078343091187,3.8818359375,5.07421875,341.4726705177015,573.0745706136814,560.5272582991668,976.078746197593,4780.617387247821,8023.043988591539,osrm,offline,ohare_filtered_vid_1423_sr_20.0,15a74036e9fe4f108949b14626cde04e,1423,batches,5.0,,0.9763261897623964,0.801148822115922,0.8801052860962709,0.119894713903729,0.785882168358845,0.2182773137244651,18,1,11,29,2453.87875154189,47.66938196329277,487.9566801288151,1423,15a74036e9fe4f108949b14626cde04e,ohare_filtered_vid_1423_sr_20.0,osrm,offline,batches,5.0,,osrm,offline,1768199012.1013522,1768199018.7900853,4,15,6.688733100891113,2.2425771478311205,2341.199436250463,3010.2019924997876,3344.0366267532227,3344.1738581532263,3344.201304433227,3344.2081660032272,2229.5777002970376,3344.119071960449,3344.240188598633,3344.3370819091797,3344.356460571289,3344.3613052368164,3.75,338.75,10.0
12.0,0.000632098715251,0.0010655199447513,0.0071517633535116,3.03203125,3.91796875,296.7438389806666,518.034971234494,459.6563769293257,884.0381803411861,3857.669906748666,6734.454626048423,osrm,offline,ohare_filtered_vid_1423_sr_20.0,672439444d6944ccace434e680f85e34,1423,batches,10.0,,0.9763261897623964,0.801148822115922,0.8801052860962709,0.119894713903729,0.785882168358845,0.2182773137244651,18,1,11,29,2453.87875154189,47.66938196329277,487.9566801288151,1423,672439444d6944ccace434e680f85e34,ohare_filtered_vid_1423_sr_20.0,osrm,offline,batches,10.0,,osrm,offline,1768199025.7258155,1768199029.0702395,2,15,3.34442400932312,4.485077238467696,4681.213545998617,4681.213545998617,5349.679158498475,5884.4516484983615,5991.406146498339,6018.144770998333,3344.42400932312,3344.42400932312,3344.42400932312,3344.42400932312,3344.42400932312,3344.42400932312,7.5,338.90625,9.999999999985448
12.0,0.000399636169658,0.0010021577981651,0.0044149268824145,2.10078125,2.20703125,194.3143856343557,7.219550788961135,298.00666666666666,12.295,2526.087013246624,93.85416025649477,osrm,offline,ohare_filtered_vid_1423_sr_20.0,322b1b5b2aa047c0add37a0204e57c70,1423,batches,30.0,,0.976866857058164,0.8203272815500045,0.8917795980654867,0.1082204019345133,0.8046951639843419,0.1990988542903826,19,1,10,29,2453.87875154189,47.66938196329277,440.8950660362119,1423,322b1b5b2aa047c0add37a0204e57c70,ohare_filtered_vid_1423_sr_20.0,osrm,offline,batches,30.0,,osrm,offline,1768199039.3258555,1768199039.3258555,1,15,0.0,,9360.030613999696,9360.030613999696,9360.030613999696,9360.030613999696,9360.030613999696,9360.030613999696,,,,,,,15.0,338.90625,0.0
